season_N,player_id,name,pos,adp_N,adp_N1,share_early,share_late,riser,riser_pg,riser_v2,games_N,vbd14_N,exp_N,draft_round,games_N1,pts14_N1,ppg_N1,vbd14_N1,startable_N1,young,pos_RB,pos_WR,pos_TE
2022,00-0034796,Lamar Jackson,QB,50.0,32.5,1.0,0.5798319327731093,-0.4201680672268907,-0.32352941176470584,,12,23.619999999999976,5.0,1.0,13,285.76,21.98153846153846,23.899999999999977,1,0.0,0.0,0.0,0.0
2022,00-0036442,Joe Burrow,QB,53.0,48.4,0.9947916666666666,1.0,0.00520833333333337,0.00520833333333337,,13,98.34,3.0,1.0,10,177.16,17.716,-84.70000000000002,0,1.0,0.0,0.0,0.0
2022,00-0036265,AJ Dillon,RB,54.0,102.2,0.2558139534883721,0.23873873873873874,-0.01707521474963336,-0.01707521474963336,,13,1.200000000000017,3.0,2.0,13,96.7,7.438461538461539,-22.299999999999997,0,1.0,1.0,0.0,0.0
2022,00-0035657,Damien Harris,RB,55.0,138.7,0.23426573426573427,0.075,-0.15926573426573426,-0.08575088278058576,,9,-36.29999999999998,4.0,3.0,6,18.0,3.0,-101.0,0,0.0,1.0,0.0,0.0
2022,00-0035228,Kyler Murray,QB,56.0,166.8,0.9817351598173516,0.1986754966887417,-0.7830596631286099,-0.553163731245923,,11,-17.939999999999998,4.0,1.0,4,77.16,19.29,-184.70000000000002,0,0.0,0.0,0.0,0.0
2022,00-0035662,Marquise Brown,WR,57.0,69.0,0.26570048309178745,0.1103448275862069,-0.15535565550558056,-0.030406365444728634,,8,-14.600000000000009,4.0,1.0,13,109.2,8.4,-20.39999999999999,0,0.0,0.0,1.0,0.0
2022,00-0036407,Jerry Jeudy,WR,58.0,42.2,0.18125,0.08588957055214724,-0.09536042944785275,-0.04532766990291262,,11,0.20000000000000284,3.0,1.0,12,77.7,6.4750000000000005,-51.89999999999999,0,1.0,0.0,1.0,0.0
2022,00-0034348,Courtland Sutton,WR,59.0,90.3,0.2875,0.1656441717791411,-0.12185582822085889,-0.06249999999999997,,12,-14.299999999999997,5.0,2.0,13,150.4,11.569230769230769,20.80000000000001,1,0.0,0.0,1.0,0.0
2022,00-0036360,Clyde Edwards-Helaire,RB,60.0,203.1,0.22149837133550487,0.013422818791946308,-0.20807555254355856,-0.18788492595735362,,10,-16.799999999999997,3.0,1.0,12,35.7,2.975,-83.3,0,1.0,1.0,0.0,0.0
2022,00-0031544,Amari Cooper,WR,61.0,33.4,0.27741935483870966,0.25443786982248523,-0.022981485016224434,-0.022981485016224434,,13,43.3,8.0,1.0,13,126.1,9.7,-3.5,1,0.0,0.0,1.0,0.0
2022,00-0031236,Brandin Cooks,WR,62.0,84.5,0.25766871165644173,0.10714285714285714,-0.15052585451358458,-0.08944441259102118,,10,-34.900000000000006,9.0,1.0,12,107.2,8.933333333333334,-22.39999999999999,0,0.0,0.0,1.0,0.0
2022,00-0035229,T.J. Hockenson,TE,63.0,53.1,0.19101123595505617,0.20855614973262032,0.017544913777564147,0.017544913777564147,,13,39.70000000000002,4.0,1.0,13,154.4,11.876923076923077,60.900000000000006,1,0.0,0.0,0.0,1.0
2022,00-0033921,Chris Godwin Jr.,WR,64.0,62.2,0.09405940594059406,0.24571428571428572,0.15165487977369166,0.09842746400885935,,11,3.5999999999999943,6.0,3.0,13,112.2,8.63076923076923,-17.39999999999999,0,0.0,0.0,1.0,0.0
2022,00-0034383,Dalton Schultz,TE,65.0,135.0,0.11888111888111888,0.19186046511627908,0.0729793462351602,0.04141798724017287,,11,-7.5,5.0,4.0,11,93.5,8.5,0.0,1,0.0,0.0,0.0,1.0
2022,00-0036389,Jalen Hurts,QB,66.0,23.2,1.0,0.9867549668874173,-0.013245033112582738,-0.013245033112582738,,13,132.42,3.0,2.0,13,329.68,25.36,67.82,1,1.0,0.0,0.0,0.0
2022,00-0031428,Allen Robinson,WR,67.0,214.0,0.12105263157894737,0.07482993197278912,-0.046222699606158255,0.05082236842105263,,10,-47.2,9.0,2.0,12,36.0,3.0,-93.6,0,0.0,0.0,1.0,0.0
2022,00-0035243,Miles Sanders,RB,68.0,69.6,0.29289940828402367,0.27759197324414714,-0.015307435039876527,-0.015307435039876527,,13,83.70000000000002,4.0,2.0,12,65.5,5.458333333333333,-53.5,0,0.0,1.0,0.0,0.0
2022,00-0036963,Amon-Ra St. Brown,WR,70.0,13.4,0.21910112359550563,0.3184713375796178,0.0993702139841122,0.03789579801127252,,12,60.10000000000001,2.0,4.0,12,185.10000000000002,15.425000000000002,55.50000000000003,1,1.0,0.0,1.0,0.0
2022,00-0033077,Dak Prescott,QB,71.0,105.4,0.19727891156462585,0.9714285714285714,0.7741496598639456,0.28095238095238095,,8,-91.18,7.0,4.0,13,328.7,25.284615384615385,66.83999999999997,1,0.0,0.0,0.0,0.0
2022,00-0030035,Adam Thielen,WR,73.0,156.8,0.19230769230769232,0.18181818181818182,-0.010489510489510495,-0.010489510489510495,,13,6.3999999999999915,10.0,,13,151.8,11.676923076923078,22.200000000000017,1,0.0,0.0,1.0,0.0
2022,00-0036309,Darnell Mooney,WR,74.0,133.1,0.24705882352941178,0.10588235294117647,-0.1411764705882353,-0.0038155802861685184,,11,-34.10000000000001,3.0,5.0,12,59.5,4.958333333333333,-70.1,0,1.0,0.0,1.0,0.0
2022,00-0029263,Russell Wilson,QB,75.0,136.1,1.0,0.9540229885057471,-0.04597701149425293,-0.04597701149425293,,12,-54.16,11.0,3.0,13,261.86,20.143076923076926,0.0,1,0.0,0.0,0.0,0.0
2022,00-0033923,Kareem Hunt,RB,76.0,187.0,0.21791044776119403,0.12974683544303797,-0.08816361231815606,-0.08816361231815606,,13,-8.899999999999991,6.0,3.0,11,89.8,8.163636363636364,-29.200000000000003,0,0.0,1.0,0.0,0.0
2022,00-0034351,Dallas Goedert,TE,77.0,78.4,0.19078947368421054,0.02112676056338028,-0.16966271312083026,-0.07078947368421054,,9,4.900000000000006,5.0,2.0,10,77.0,7.7,-16.5,0,0.0,0.0,0.0,1.0
2022,00-0035250,Devin Singletary,RB,78.0,168.2,0.20192307692307693,0.23885350318471338,0.03693042626163645,0.03693042626163645,,13,22.600000000000023,4.0,3.0,13,104.44000000000001,8.033846153846154,-14.559999999999988,0,0.0,1.0,0.0,0.0
2022,00-0033857,JuJu Smith-Schuster,WR,79.0,115.3,0.19337016574585636,0.13095238095238096,-0.0624177847934754,-0.032786224140016945,,12,7.099999999999994,6.0,2.0,11,46.5,4.2272727272727275,-83.1,0,0.0,0.0,1.0,0.0
2022,00-0026498,Matthew Stafford,QB,83.0,167.1,0.9948186528497409,0.12080536912751678,-0.8740132837222241,-0.351961509992598,,9,-118.08000000000001,14.0,1.0,12,229.28,19.106666666666666,-32.58000000000001,0,0.0,0.0,0.0,0.0
2022,00-0035261,Tony Pollard,RB,84.0,16.5,0.20284697508896798,0.28530259365994237,0.08245561857097439,0.08245561857097439,,13,97.20000000000002,4.0,4.0,13,162.6,12.507692307692308,43.599999999999994,1,0.0,1.0,0.0,0.0
2022,00-0036980,Elijah Moore,WR,85.0,89.3,0.14356435643564355,0.14965986394557823,0.006095507509934678,0.006095507509934678,,10,-60.30000000000001,2.0,2.0,13,82.4,6.338461538461539,-47.19999999999999,0,1.0,0.0,1.0,0.0
2022,00-0030578,Cordarrelle Patterson,RB,87.0,210.6,0.23297491039426524,0.21428571428571427,-0.018689196108550965,-0.07589285714285718,,9,-4.0,10.0,1.0,9,19.6,2.177777777777778,-99.4,0,0.0,1.0,0.0,0.0
2022,00-0036912,DeVonta Smith,WR,89.0,22.7,0.25,0.29577464788732394,0.04577464788732394,0.04577464788732394,,13,24.89999999999999,2.0,1.0,13,159.20000000000002,12.246153846153847,29.600000000000023,1,1.0,0.0,1.0,0.0
2022,00-0034681,Chase Edmonds,RB,91.0,215.6,0.15730337078651685,0.02127659574468085,-0.136026775041836,-0.10730337078651685,,10,-59.99999999999999,5.0,4.0,9,17.9,1.9888888888888887,-101.1,0,0.0,1.0,0.0,0.0
2022,00-0035689,Dawson Knox,TE,92.0,186.9,0.08629441624365482,0.1402439024390244,0.053949486195369586,0.03465384032722316,,12,-13.700000000000003,4.0,3.0,8,30.8,3.85,-62.7,0,0.0,0.0,0.0,1.0
2022,00-0032211,Tyler Lockett,WR,95.0,59.2,0.2597402597402597,0.23076923076923078,-0.028971028971028934,-0.028971028971028934,,13,55.499999999999986,8.0,3.0,13,129.6,9.96923076923077,0.0,1,0.0,0.0,1.0,0.0
2022,00-0036875,Rhamondre Stevenson,RB,96.0,33.7,0.2937062937062937,0.31,0.0162937062937063,0.0162937062937063,,13,65.10000000000002,2.0,4.0,12,126.7,10.558333333333334,7.700000000000003,1,1.0,1.0,0.0,0.0
2022,00-0030061,Zach Ertz,TE,97.0,204.9,0.19806763285024154,0.006896551724137931,-0.1911710811261036,-0.16949620427881296,,10,5.099999999999994,10.0,2.0,7,38.2,5.457142857142857,-55.3,0,0.0,0.0,0.0,1.0
2022,00-0036261,Brandon Aiyuk,WR,98.0,51.4,0.2125984251968504,0.2080536912751678,-0.004544733921682614,-0.004544733921682614,,13,29.60000000000001,3.0,1.0,12,167.3,13.941666666666668,37.70000000000002,1,1.0,0.0,1.0,0.0
2022,00-0030431,Robert Woods,WR,100.0,211.0,0.22580645161290322,0.2,-0.02580645161290321,-0.02580645161290321,,13,-50.000000000000014,10.0,2.0,11,53.9,4.8999999999999995,-75.69999999999999,0,0.0,0.0,1.0,0.0
2022,00-0036924,Michael Carter,RB,101.0,215.9,0.2118380062305296,0.11693548387096774,-0.09490252235956186,-0.04024037309443493,,12,-15.199999999999989,2.0,4.0,11,26.0,2.3636363636363638,-93.0,0,1.0,1.0,0.0,0.0
2022,00-0037238,Drake London,WR,102.0,45.2,0.3333333333333333,0.2631578947368421,-0.07017543859649122,-0.07017543859649122,,13,-14.800000000000011,1.0,1.0,12,117.38,9.781666666666666,-12.219999999999999,1,1.0,0.0,1.0,0.0
2022,00-0031280,Derek Carr,QB,103.0,145.5,0.9945945945945946,1.0,0.00540540540540535,0.00540540540540535,,13,-12.980000000000018,9.0,2.0,13,179.1,13.776923076923076,-82.76000000000002,0,0.0,0.0,0.0,0.0
2022,00-0034775,Christian Kirk,WR,104.0,55.0,0.2254335260115607,0.23841059602649006,0.01297707001492937,0.01297707001492937,,13,46.000000000000014,5.0,2.0,12,121.76,10.146666666666667,-7.839999999999989,1,0.0,0.0,1.0,0.0
2022,00-0037248,James Cook,RB,106.0,74.6,0.07692307692307693,0.15605095541401273,0.0791278784909358,0.0791278784909358,,13,-45.69999999999999,1.0,2.0,13,159.0,12.23076923076923,40.0,1,1.0,1.0,0.0,0.0
2022,00-0034829,Mike Gesicki,TE,108.0,214.5,0.07317073170731707,0.058823529411764705,-0.014347202295552364,-0.014347202295552364,,13,-24.1,5.0,2.0,11,34.7,3.1545454545454548,-58.8,0,0.0,0.0,0.0,1.0
2022,00-0036326,Chase Claypool,WR,110.0,209.7,0.16666666666666666,0.18823529411764706,0.0215686274509804,0.0215686274509804,,13,-35.46000000000001,3.0,2.0,7,15.1,2.157142857142857,-114.5,0,1.0,0.0,1.0,0.0
2022,00-0034972,Alexander Mattison,RB,111.0,59.2,0.13245033112582782,0.05647840531561462,-0.0759719258102132,-0.0759719258102132,,13,-50.99999999999999,4.0,3.0,13,110.9,8.53076923076923,-8.099999999999994,0,0.0,1.0,0.0,0.0
2022,00-0034521,Allen Lazard,WR,112.0,124.9,0.15151515151515152,0.21621621621621623,0.06470106470106471,0.02390852390852391,,11,-1.1000000000000085,5.0,,12,45.0,3.75,-84.6,0,0.0,0.0,1.0,0.0
2022,00-0029604,Kirk Cousins,QB,113.0,112.5,0.9949748743718593,0.9587628865979382,-0.036211987773921095,-0.036211987773921095,,13,7.659999999999997,11.0,4.0,8,185.74,23.2175,-76.12,1,0.0,0.0,0.0,0.0
2022,00-0036894,Pat Freiermuth,TE,114.0,106.3,0.1839080459770115,0.2361111111111111,0.05220306513409961,0.05220306513409961,,12,14.5,2.0,2.0,8,48.7,6.0875,-44.8,0,1.0,0.0,0.0,1.0
2022,00-0037742,Treylon Burks,WR,115.0,99.0,0.12903225806451613,0.13125,0.00221774193548388,0.013715305956825186,,8,-60.00000000000001,1.0,1.0,6,18.700000000000003,3.116666666666667,-110.89999999999999,0,1.0,0.0,1.0,0.0
2022,00-0037239,Chris Olave,WR,116.0,19.8,0.25766871165644173,0.23008849557522124,-0.027580216081220493,-0.027580216081220493,,12,21.10000000000001,1.0,1.0,13,151.8,11.676923076923078,22.200000000000017,1,1.0,0.0,1.0,0.0
2022,00-0036913,Kadarius Toney,WR,119.0,103.2,0.023809523809523808,0.03571428571428571,0.011904761904761904,0.03430531732418525,,5,-93.10000000000001,2.0,1.0,12,38.0,3.1666666666666665,-91.6,0,1.0,0.0,1.0,0.0
2022,00-0036212,Tua Tagovailoa,QB,120.0,93.1,0.6609195402298851,0.9485294117647058,0.28760987153482076,0.12710084033613445,,11,0.0,3.0,1.0,13,267.38,20.567692307692308,5.519999999999982,1,1.0,0.0,0.0,0.0
2022,00-0037740,Garrett Wilson,WR,124.0,14.6,0.21287128712871287,0.22448979591836735,0.01161850878965448,0.01161850878965448,,13,27.09999999999998,1.0,1.0,13,138.20000000000002,10.630769230769232,8.600000000000023,1,1.0,0.0,1.0,0.0
2022,00-0037258,Dameon Pierce,RB,125.0,61.7,0.36462093862815886,0.31521739130434784,-0.049403547323811026,-0.049403547323811026,,13,44.80000000000001,1.0,4.0,10,65.2,6.5200000000000005,-53.8,0,1.0,1.0,0.0,0.0
2022,00-0033009,Tyler Boyd,WR,126.0,113.9,0.12169312169312169,0.125,0.0033068783068783136,0.0033068783068783136,,13,-0.6800000000000068,7.0,2.0,13,91.8,7.061538461538461,-37.8,0,0.0,0.0,1.0,0.0
2022,00-0031687,Raheem Mostert,RB,128.0,140.8,0.25842696629213485,0.15121951219512195,-0.1072074540970129,-0.04011710713720529,,12,0.0,8.0,,13,226.4,17.415384615384617,107.4,1,0.0,1.0,0.0,0.0
2022,00-0034272,Marquez Valdes-Scantling,WR,129.0,143.3,0.1712707182320442,0.13095238095238096,-0.04031833727966325,-0.04031833727966325,,13,-32.3,5.0,5.0,13,43.0,3.3076923076923075,-86.6,0,0.0,0.0,1.0,0.0
2022,00-0037256,Rachaad White,RB,132.0,84.6,0.09415584415584416,0.28776978417266186,0.1936139400168177,0.1936139400168177,,13,-17.39999999999999,1.0,3.0,13,180.4,13.876923076923077,61.400000000000006,1,1.0,1.0,0.0,0.0
2022,00-0036919,Kenny Gainwell,RB,134.0,141.2,0.07692307692307693,0.07023411371237458,-0.0066889632107023506,-0.0066889632107023506,,13,-47.8,2.0,5.0,12,60.0,5.0,-59.0,0,1.0,1.0,0.0,0.0
2022,00-0036290,Cole Kmet,TE,135.0,147.1,0.1411764705882353,0.2823529411764706,0.1411764705882353,0.1411764705882353,,13,2.1999999999999886,3.0,2.0,13,115.5,8.884615384615385,22.0,1,1.0,0.0,0.0,1.0
2022,00-0038090,Skyy Moore,WR,136.0,90.4,0.04419889502762431,0.08928571428571429,0.04508681925808998,0.04508681925808998,,13,-84.20000000000002,1.0,2.0,13,43.2,3.3230769230769233,-86.39999999999999,0,1.0,0.0,1.0,0.0
2022,00-0031547,DeVante Parker,WR,137.0,184.6,0.11678832116788321,0.09523809523809523,-0.021550225929787975,-0.042692939244663386,,11,-51.10000000000001,8.0,1.0,9,37.400000000000006,4.155555555555556,-92.19999999999999,0,0.0,0.0,1.0,0.0
2022,00-0037263,Tyler Allgeier,RB,139.0,139.5,0.14695340501792115,0.19523809523809524,0.04828469022017409,-0.0009341535657325095,,12,-20.5,1.0,5.0,13,87.5,6.730769230769231,-31.5,0,1.0,1.0,0.0,0.0
2022,00-0034764,Michael Gallup,WR,142.0,141.4,0.055944055944055944,0.18604651162790697,0.13010245568385104,-0.0044296788482834915,,10,-48.900000000000006,5.0,3.0,13,68.0,5.230769230769231,-61.599999999999994,0,0.0,0.0,1.0,0.0
2022,00-0038124,Christian Watson,WR,143.0,41.4,0.06666666666666667,0.24324324324324326,0.1765765765765766,0.1592737775943883,,10,-2.200000000000003,1.0,2.0,9,87.3,9.7,-42.3,1,1.0,0.0,1.0,0.0
2022,00-0033948,Jamaal Williams,RB,148.0,121.8,0.26813880126182965,0.2532051282051282,-0.014933673056701458,-0.014933673056701458,,13,66.20000000000002,6.0,4.0,9,26.9,2.988888888888889,-92.1,0,0.0,1.0,0.0,0.0
2022,00-0036936,Rondale Moore,WR,161.0,154.2,0.06280193236714976,0.0896551724137931,0.026853240046643342,-0.019574628270280447,,8,-48.2,2.0,2.0,13,68.10000000000001,5.238461538461539,-61.499999999999986,0,1.0,0.0,1.0,0.0
2022,00-0033090,Hunter Henry,TE,163.0,187.9,0.10218978102189781,0.1111111111111111,0.008921330089213295,0.008921330089213295,,13,-20.400000000000006,7.0,2.0,12,82.80000000000001,6.900000000000001,-10.699999999999989,0,0.0,0.0,0.0,1.0
2022,00-0037247,George Pickens,WR,165.0,65.9,0.16091954022988506,0.14583333333333334,-0.015086206896551713,-0.015086206896551713,,13,-14.200000000000003,1.0,2.0,13,120.7,9.284615384615385,-8.899999999999991,0,1.0,0.0,1.0,0.0
2022,00-0035644,Noah Fant,TE,167.0,212.2,0.1038961038961039,0.09090909090909091,-0.012987012987012991,-0.012987012987012991,,13,-18.299999999999997,4.0,1.0,12,45.9,3.8249999999999997,-47.6,0,0.0,0.0,0.0,1.0
2022,00-0034777,DJ Chark,WR,171.0,164.9,0.10112359550561797,0.12101910828025478,0.019895512774636803,-0.022727272727272707,,7,-57.000000000000014,5.0,2.0,10,65.0,6.5,-64.6,0,0.0,0.0,1.0,0.0
2022,00-0033885,David Njoku,TE,172.0,109.7,0.1870967741935484,0.11242603550295859,-0.07467073869058981,-0.020430107526881736,,10,4.5,6.0,1.0,13,111.5,8.576923076923077,18.0,1,0.0,0.0,0.0,1.0
2022,00-0033925,D'Onta Foreman,RB,176.0,179.6,0.02734375,0.37656903765690375,0.34922528765690375,0.34174316701013757,,12,-11.799999999999997,6.0,3.0,8,86.3,10.7875,-32.7,1,0.0,1.0,0.0,0.0
2022,00-0033881,Evan Engram,TE,177.0,96.5,0.15028901734104047,0.17880794701986755,0.028518929678827076,0.028518929678827076,,13,20.30000000000001,6.0,1.0,13,128.1,9.853846153846153,34.599999999999994,1,0.0,0.0,0.0,1.0
2022,00-0033895,Gerald Everett,TE,178.0,155.3,0.1518324607329843,0.09803921568627451,-0.05379324504670978,-0.037546746447270005,,12,0.0,6.0,2.0,11,64.7,5.881818181818182,-28.799999999999997,0,0.0,0.0,0.0,1.0
2022,00-0033757,Robert Tonyan,TE,179.0,215.9,0.12121212121212122,0.09009009009009009,-0.03112203112203113,-0.03112203112203113,,13,-21.299999999999997,6.0,,8,9.3,1.1625,-84.2,0,0.0,0.0,0.0,1.0
2022,00-0034960,Jakobi Meyers,WR,180.0,128.4,0.19708029197080293,0.11904761904761904,-0.07803267292318389,-0.158072590738423,,10,-14.400000000000006,4.0,,12,134.0,11.166666666666666,4.400000000000006,1,0.0,0.0,1.0,0.0
2022,00-0036906,Khalil Herbert,RB,186.0,95.2,0.24897959183673468,0.046511627906976744,-0.20246796392975794,-0.0603003465537158,,10,-3.0999999999999943,2.0,6.0,8,57.20000000000001,7.150000000000001,-61.79999999999999,0,1.0,1.0,0.0,0.0
2022,00-0037741,Jahan Dotson,WR,190.0,68.8,0.10784313725490197,0.11818181818181818,0.010338680926916213,-0.013554708764289616,,8,-51.500000000000014,1.0,1.0,13,91.8,7.061538461538461,-37.8,0,1.0,0.0,1.0,0.0
2022,00-0037664,Alec Pierce,WR,194.0,159.1,0.11827956989247312,0.16,0.04172043010752688,0.01987261146496816,,12,-36.60000000000001,1.0,2.0,13,60.800000000000004,4.676923076923077,-68.79999999999998,0,1.0,0.0,1.0,0.0
2022,00-0032392,Austin Hooper,TE,195.0,216.0,0.08870967741935484,0.15625,0.06754032258064516,0.06754032258064516,,13,-24.299999999999997,7.0,3.0,12,23.400000000000002,1.9500000000000002,-70.1,0,0.0,0.0,0.0,1.0
2022,00-0037746,Brian Robinson,RB,199.0,102.7,0.02821316614420063,0.3125,0.2842868338557994,0.14583333333333334,,9,-24.099999999999994,1.0,3.0,13,161.5,12.423076923076923,42.5,1,1.0,1.0,0.0,0.0
2022,00-0034830,Hayden Hurst,TE,219.0,199.1,0.14814814814814814,0.11029411764705882,-0.03785403050108932,-0.003917378917378922,,12,-11.0,5.0,1.0,9,33.400000000000006,3.7111111111111117,-60.099999999999994,0,0.0,0.0,0.0,1.0
2022,00-0029293,Marvin Jones,WR,223.0,214.8,0.17341040462427745,0.0728476821192053,-0.10056272250507216,-0.10056272250507216,,12,-46.400000000000006,11.0,5.0,4,4.0,1.0,-125.6,0,0.0,0.0,1.0,0.0
2022,00-0036345,K.J. Osborn,WR,224.0,148.0,0.11538461538461539,0.12834224598930483,0.012957630604689435,0.012957630604689435,,13,-49.500000000000014,3.0,5.0,12,75.3,6.2749999999999995,-54.3,0,1.0,0.0,1.0,0.0
2022,00-0033282,Curtis Samuel,WR,226.0,177.9,0.22058823529411764,0.11818181818181818,-0.10240641711229946,-0.10240641711229946,,13,7.799999999999997,6.0,2.0,12,96.3,8.025,-33.3,0,0.0,0.0,1.0,0.0
2022,00-0036233,Donovan Peoples-Jones,WR,229.0,171.2,0.2,0.20118343195266272,0.0011834319526627113,0.0011834319526627113,,13,-3.799999999999997,3.0,6.0,11,15.900000000000002,1.4454545454545455,-113.69999999999999,0,1.0,0.0,1.0,0.0
2022,00-0035639,Parris Campbell,WR,242.0,194.9,0.08064516129032258,0.184,0.10335483870967742,0.10335483870967742,,13,-19.80000000000001,4.0,2.0,10,20.400000000000002,2.04,-109.19999999999999,0,0.0,0.0,1.0,0.0
2022,00-0033526,Samaje Perine,RB,247.0,116.8,0.0856269113149847,0.3064516129032258,0.2208247015882411,0.2208247015882411,,13,7.200000000000003,6.0,4.0,13,78.0,6.0,-41.0,0,0.0,1.0,0.0,0.0
2022,00-0036331,Devin Duvernay,WR,250.0,216.0,0.14285714285714285,0.11304347826086956,-0.029813664596273284,-0.029813664596273284,,13,-21.900000000000006,3.0,3.0,13,5.3,0.4076923076923077,-124.3,0,1.0,0.0,1.0,0.0
2022,00-0037257,David Bell,WR,253.0,216.0,0.03870967741935484,0.11834319526627218,0.07963351784691734,0.07034319526627218,,12,-84.5,1.0,3.0,6,18.1,3.016666666666667,-111.5,0,1.0,0.0,1.0,0.0
2022,00-0038117,Wan'Dale Robinson,WR,257.0,215.3,0.007936507936507936,0.10273972602739725,0.09480321809088932,0.21553884711779447,,6,-75.5,1.0,2.0,11,67.7,6.154545454545455,-61.89999999999999,0,1.0,0.0,1.0,0.0
2022,00-0034414,Boston Scott,RB,266.0,216.0,0.03254437869822485,0.07692307692307693,0.044378698224852076,0.021085513471300277,,11,-74.89999999999999,5.0,6.0,9,15.0,1.6666666666666667,-104.0,0,0.0,1.0,0.0,0.0
2022,00-0033466,Isaiah McKenzie,WR,275.0,216.0,0.1065989847715736,0.1524390243902439,0.045840039618670295,0.02200424178154825,,12,-23.700000000000003,6.0,5.0,13,15.100000000000001,1.1615384615384616,-114.5,0,0.0,0.0,1.0,0.0
2022,00-0036554,Nico Collins,WR,278.0,119.5,0.1656441717791411,0.21428571428571427,0.04864154250657318,0.08435582822085891,,10,-37.0,2.0,3.0,12,166.4,13.866666666666667,36.80000000000001,1,1.0,0.0,1.0,0.0
2022,00-0033307,Kendrick Bourne,WR,281.0,215.4,0.0948905109489051,0.09523809523809523,0.0003475842891901282,0.0003475842891901282,,12,-75.5,6.0,,8,81.5,10.1875,-48.099999999999994,1,0.0,0.0,1.0,0.0
2022,00-0028002,Randall Cobb,WR,297.0,215.8,0.15151515151515152,0.12612612612612611,-0.025389025389025405,0.0006587615283267512,,9,-61.7,12.0,2.0,7,13.5,1.9285714285714286,-116.1,0,0.0,0.0,1.0,0.0
2022,00-0036182,Nick Westbrook-Ikhine,WR,309.0,216.0,0.0967741935483871,0.1625,0.06572580645161291,0.04599514563106796,,12,-49.60000000000001,3.0,,12,67.2,5.6000000000000005,-62.39999999999999,0,1.0,0.0,1.0,0.0
2022,00-0035208,Olamide Zaccheaus,WR,332.0,216.0,0.11965811965811966,0.2,0.08034188034188035,0.08034188034188035,,13,-41.10000000000001,4.0,,9,30.400000000000002,3.377777777777778,-99.19999999999999,0,0.0,0.0,1.0,0.0
2022,00-0031549,Nelson Agholor,WR,351.0,215.9,0.1386861313868613,0.19047619047619047,0.051790059089329155,0.051790059089329155,,11,-56.7,8.0,1.0,12,61.900000000000006,5.158333333333334,-67.69999999999999,0,0.0,0.0,1.0,0.0
2023,00-0035659,Terry McLaurin,WR,50.5,60.0,0.17318435754189945,0.19333333333333333,0.020148975791433876,0.020148975791433876,-0.005817335660267597,13,-18.19999999999999,5.0,3.0,13,172.3,13.253846153846155,49.80000000000001,1,0.0,0.0,1.0,0.0
2023,00-0036261,Brandon Aiyuk,WR,51.4,26.0,0.2125984251968504,0.2230769230769231,0.010478497880072685,-0.06724565756823822,-0.0004995004995005103,12,37.70000000000002,4.0,1.0,7,49.900000000000006,7.128571428571429,-72.6,0,0.0,0.0,1.0,0.0
2023,00-0036355,Justin Herbert,QB,51.7,135.0,0.9931506849315068,0.8743718592964824,-0.1187788256350244,-0.1187788256350244,-0.2130165686387575,13,11.800000000000011,4.0,1.0,13,224.96,17.304615384615385,-16.519999999999982,0,0.0,0.0,0.0,0.0
2023,00-0038134,Kenneth Walker III,RB,52.7,43.0,0.334841628959276,0.13636363636363635,-0.19847799259563964,-0.11574050536377037,0.015588158893817705,11,17.5,2.0,2.0,10,148.3,14.830000000000002,32.7,1,1.0,1.0,0.0,0.0
2023,00-0035229,T.J. Hockenson,TE,53.1,166.0,0.2,0.2975206611570248,0.09752066115702479,0.09752066115702479,0.08781092883701652,13,60.900000000000006,5.0,1.0,6,43.4,7.233333333333333,-52.6,0,0.0,0.0,0.0,1.0
2023,00-0034775,Christian Kirk,WR,55.0,82.0,0.2388888888888889,0.13368983957219252,-0.10519904931669638,-0.05772946859903383,-0.07918111971990793,12,-7.839999999999989,6.0,2.0,8,57.400000000000006,7.175000000000001,-65.1,0,0.0,0.0,1.0,0.0
2023,00-0035216,Diontae Johnson,WR,55.2,68.0,0.040268456375838924,0.24427480916030533,0.2040063527844664,0.0979333457456712,-0.0830935517190497,9,-45.599999999999994,5.0,3.0,10,70.4,7.040000000000001,-52.099999999999994,0,0.0,0.0,1.0,0.0
2023,00-0034972,Alexander Mattison,RB,59.2,214.0,0.2972027972027972,0.2245762711864407,-0.0726265260163565,-0.0726265260163565,0.1496540842335235,13,-8.099999999999994,5.0,3.0,10,95.0,9.5,-20.60000000000001,0,0.0,1.0,0.0,0.0
2023,00-0032211,Tyler Lockett,WR,59.2,113.0,0.22131147540983606,0.20454545454545456,-0.016766020864381503,-0.016766020864381503,0.01696371446851294,13,0.0,9.0,3.0,13,83.60000000000001,6.430769230769231,-38.89999999999999,0,0.0,0.0,1.0,0.0
2023,00-0037258,Dameon Pierce,RB,61.7,239.0,0.3127035830618892,0.09027777777777778,-0.22242580528411143,-0.1427689425390134,-0.11736874672759293,10,-53.8,2.0,4.0,7,17.2,2.457142857142857,-98.4,0,1.0,1.0,0.0,0.0
2023,00-0033921,Chris Godwin Jr.,WR,62.2,71.0,0.25210084033613445,0.21518987341772153,-0.03691096691841292,-0.03691096691841292,0.04162518926244113,13,-17.39999999999999,7.0,3.0,7,112.80000000000001,16.114285714285717,-9.699999999999989,1,0.0,0.0,1.0,0.0
2023,00-0036971,Trevor Lawrence,QB,63.3,109.0,0.9836065573770492,0.9319371727748691,-0.05166938460218007,-0.05166938460218007,-0.07420951536643028,13,-5.519999999999982,3.0,1.0,10,167.2,16.72,-74.28,0,1.0,0.0,0.0,0.0
2023,00-0033288,George Kittle,TE,63.9,67.0,0.18110236220472442,0.2230769230769231,0.04197456087219867,0.04197456087219867,0.03663003663003664,13,50.30000000000001,7.0,5.0,11,156.0,14.181818181818182,60.0,1,0.0,0.0,0.0,1.0
2023,00-0037247,George Pickens,WR,65.9,49.0,0.2684563758389262,0.1984732824427481,-0.06998309339617809,-0.06998309339617809,0.08999188431459348,13,-8.899999999999991,2.0,2.0,12,127.9,10.658333333333333,5.400000000000006,1,1.0,0.0,1.0,0.0
2023,00-0031408,Mike Evans,WR,66.0,18.0,0.2605042016806723,0.310126582278481,0.04962238059780871,0.04962238059780871,0.06283652465361139,13,63.400000000000006,10.0,1.0,10,122.5,12.25,0.0,1,0.0,0.0,1.0,0.0
2023,00-0038543,Jaxon Smith-Njigba,WR,67.2,86.0,0.16393442622950818,0.18181818181818182,0.01788375558867364,0.01788375558867364,,13,-43.8,1.0,1.0,13,161.7,12.438461538461537,39.19999999999999,1,1.0,0.0,1.0,0.0
2023,00-0037741,Jahan Dotson,WR,68.8,174.0,0.16759776536312848,0.11333333333333333,-0.054264432029795154,-0.054264432029795154,0.028504944735311233,13,-37.8,2.0,1.0,12,19.5,1.625,-103.0,0,1.0,0.0,1.0,0.0
2023,00-0036196,Gabe Davis,WR,69.1,141.0,0.15476190476190477,0.14388489208633093,-0.010877012675573838,0.027056277056277056,-0.004103573591762555,12,-14.799999999999983,4.0,4.0,10,43.9,4.39,-78.6,0,0.0,0.0,1.0,0.0
2023,00-0035243,Miles Sanders,RB,69.6,246.0,0.27960526315789475,0.1824561403508772,-0.09714912280701754,-0.09714912280701754,-0.0980620104267638,12,-53.5,5.0,2.0,10,40.2,4.0200000000000005,-75.4,0,0.0,1.0,0.0,0.0
2023,00-0038994,Jordan Addison,WR,73.5,100.0,0.14871794871794872,0.21487603305785125,0.06615808433990253,0.06615808433990253,,13,11.900000000000006,1.0,1.0,11,142.8,12.981818181818182,20.30000000000001,1,1.0,0.0,1.0,0.0
2023,00-0036997,Javonte Williams,RB,74.1,78.0,0.21031746031746032,0.34615384615384615,0.13583638583638583,0.0850701023114816,0.22143923273193017,12,0.0,3.0,2.0,13,109.5,8.423076923076923,-6.1000000000000085,0,1.0,1.0,0.0,0.0
2023,00-0037248,James Cook,RB,74.6,41.0,0.26245847176079734,0.2693726937269373,0.006914221966139944,0.006914221966139944,0.1595363656339266,13,40.0,2.0,2.0,12,178.70000000000002,14.891666666666667,63.10000000000001,1,1.0,1.0,0.0,0.0
2023,00-0036252,Michael Pittman,WR,76.0,36.0,0.2875,0.3586206896551724,0.07112068965517243,0.07112068965517243,0.03726559896153103,13,44.30000000000001,4.0,2.0,12,90.0,7.5,-32.5,0,0.0,0.0,1.0,0.0
2023,00-0036970,Kyle Pitts,TE,77.5,81.0,0.20915032679738563,0.20588235294117646,-0.0032679738562091665,-0.0032679738562091665,0.025253916336718862,13,-5.0,3.0,1.0,13,86.8,6.676923076923076,-9.200000000000003,0,1.0,0.0,0.0,1.0
2023,00-0039064,Zay Flowers,WR,78.1,55.0,0.2857142857142857,0.2413793103448276,-0.0443349753694581,-0.0443349753694581,,13,1.3000000000000114,1.0,1.0,13,144.70000000000002,11.130769230769232,22.200000000000017,1,1.0,0.0,1.0,0.0
2023,00-0035685,David Montgomery,RB,78.4,57.0,0.3089171974522293,0.24916943521594684,-0.05974776223628245,-0.13422977427021918,-0.0403395435253209,10,34.599999999999994,5.0,3.0,13,200.22,15.401538461538461,84.61999999999999,1,0.0,1.0,0.0,0.0
2023,00-0034351,Dallas Goedert,TE,78.4,114.0,0.18064516129032257,0.03361344537815126,-0.14703171591217132,-0.03778801843317972,0.031799938252547066,10,-16.5,6.0,2.0,9,75.1,8.344444444444443,-20.900000000000006,1,0.0,0.0,0.0,1.0
2023,00-0033553,James Conner,RB,80.0,58.0,0.2775800711743772,0.30869565217391304,0.03111558099953582,0.03111558099953582,-0.013113158699164656,9,-21.299999999999997,7.0,3.0,13,175.60000000000002,13.50769230769231,60.000000000000014,1,0.0,1.0,0.0,0.0
2023,00-0033906,Alvin Kamara,RB,82.3,59.0,0.16447368421052633,0.31896551724137934,0.154491833030853,-0.09425762325448844,-0.04000063017928601,10,51.099999999999994,7.0,3.0,13,216.3,16.638461538461538,100.7,1,0.0,1.0,0.0,0.0
2023,00-0038544,Quentin Johnston,WR,83.8,203.0,0.07746478873239436,0.12371134020618557,0.04624655147379121,0.04624655147379121,,13,-75.6,1.0,1.0,11,98.5,8.954545454545455,-24.0,0,1.0,0.0,1.0,0.0
2023,00-0036275,D'Andre Swift,RB,84.3,72.0,0.27844311377245506,0.2420091324200913,-0.03643398135236375,-0.03643398135236375,0.12458111199720356,13,30.0,4.0,2.0,13,154.70000000000002,11.900000000000002,39.10000000000001,1,0.0,1.0,0.0,0.0
2023,00-0031236,Brandin Cooks,WR,84.5,136.0,0.11801242236024845,0.14358974358974358,0.02557732122949513,-0.009636062861869327,-0.038104152484683435,12,-22.39999999999999,10.0,1.0,6,35.7,5.95,-86.8,0,0.0,0.0,1.0,0.0
2023,00-0037256,Rachaad White,RB,84.6,45.0,0.3220338983050847,0.3737024221453287,0.05166852384024401,0.05166852384024401,0.17024847421414266,13,61.400000000000006,2.0,3.0,12,149.6,12.466666666666667,33.999999999999986,1,1.0,1.0,0.0,0.0
2023,00-0033537,Deshaun Watson,QB,86.7,144.0,0.7391304347826086,0.16267942583732056,-0.5764510089452881,-0.02857142857142858,0.010023627355372433,6,-161.06,7.0,1.0,7,86.72,12.388571428571428,-154.76,0,0.0,0.0,0.0,0.0
2023,00-0036980,Elijah Moore,WR,89.3,195.0,0.21641791044776118,0.20918367346938777,-0.007234236978373415,-0.007234236978373415,0.06671026814911707,13,-47.19999999999999,3.0,2.0,13,80.7,6.207692307692308,-41.8,0,1.0,0.0,1.0,0.0
2023,00-0037197,Isiah Pacheco,RB,90.0,22.0,0.26332288401253917,0.2627118644067797,-0.0006110196057594885,0.08304583107125973,0.08387926271046142,12,38.30000000000001,2.0,7.0,4,40.9,10.225,-74.70000000000002,1,1.0,1.0,0.0,0.0
2023,00-0034348,Courtland Sutton,WR,90.3,90.0,0.2108843537414966,0.24444444444444444,0.033560090702947826,0.033560090702947826,-0.005429864253393674,13,20.80000000000001,6.0,2.0,12,151.3,12.608333333333334,28.80000000000001,1,0.0,0.0,1.0,0.0
2023,00-0036212,Tua Tagovailoa,QB,93.1,116.0,0.9880952380952381,0.9921259842519685,0.00403074615673038,0.00403074615673038,0.2655409689767737,13,5.519999999999982,4.0,1.0,9,199.24,22.137777777777778,-42.23999999999998,1,0.0,0.0,0.0,0.0
2023,00-0036906,Khalil Herbert,RB,95.2,139.0,0.2593984962406015,0.1171875,-0.14221099624060152,-0.0989706887539705,0.007068813250133921,8,-61.79999999999999,3.0,6.0,8,12.0,1.5,-103.60000000000001,0,1.0,1.0,0.0,0.0
2023,00-0033881,Evan Engram,TE,96.5,92.0,0.20555555555555555,0.22459893048128343,0.019043374925727885,0.019043374925727885,0.05720491457840307,13,34.599999999999994,7.0,1.0,9,66.0,7.333333333333333,-30.0,0,0.0,0.0,0.0,1.0
2023,00-0036550,Rashod Bateman,WR,98.9,161.0,0.08571428571428572,0.12931034482758622,0.0435960591133005,0.0309496890898813,0.05825059101654846,12,-83.79999999999998,3.0,1.0,12,104.9,8.741666666666667,-17.599999999999994,0,1.0,0.0,1.0,0.0
2023,00-0037742,Treylon Burks,WR,99.0,254.0,0.09219858156028368,0.019867549668874173,-0.0723310318914095,-0.07716049382716049,-0.04839557842122098,6,-110.89999999999999,2.0,1.0,5,5.5,1.1,-117.0,0,1.0,0.0,1.0,0.0
2023,00-0036328,Antonio Gibson,RB,99.2,162.0,0.10320284697508897,0.1417004048582996,0.03849755788321063,0.09453726601926132,-0.07584765041055527,12,-41.0,4.0,3.0,13,65.5,5.038461538461538,-50.10000000000001,0,0.0,1.0,0.0,0.0
2023,00-0037746,Brian Robinson,RB,102.7,83.0,0.2775800711743772,0.2631578947368421,-0.014422176437535128,-0.014422176437535128,0.013813722728946848,13,42.5,2.0,3.0,10,128.5,12.85,12.899999999999991,1,1.0,1.0,0.0,0.0
2023,00-0039165,Zach Charbonnet,RB,104.1,123.0,0.12669683257918551,0.28321678321678323,0.15651995063759772,0.15651995063759772,,12,-44.69999999999999,1.0,2.0,13,132.3,10.176923076923078,16.700000000000003,1,1.0,1.0,0.0,0.0
2023,00-0033077,Dak Prescott,QB,105.4,70.0,0.9696969696969697,0.9390862944162437,-0.03061067528072603,-0.03061067528072603,0.2759676052358979,13,66.83999999999997,8.0,4.0,8,138.51999999999998,17.314999999999998,-102.96000000000001,0,0.0,0.0,0.0,0.0
2023,00-0036894,Pat Freiermuth,TE,106.3,130.0,0.087248322147651,0.183206106870229,0.095957784722578,0.10583200348179313,-0.0870683930942895,8,-44.8,3.0,2.0,13,99.0,7.615384615384615,3.0,0,1.0,0.0,0.0,1.0
2023,00-0037816,Romeo Doubs,WR,108.5,118.0,0.23417721518987342,0.15168539325842698,-0.08249182193144644,-0.08249182193144644,0.05287846796154427,13,-9.399999999999991,2.0,4.0,10,77.3,7.7299999999999995,-45.2,0,1.0,0.0,1.0,0.0
2023,00-0031235,Odell Beckham Jr.,WR,108.9,275.0,0.07857142857142857,0.20689655172413793,0.12832512315270936,0.08733133433283358,,11,-47.599999999999994,10.0,1.0,8,10.0,1.25,-112.5,0,0.0,0.0,1.0,0.0
2023,00-0033885,David Njoku,TE,109.7,102.0,0.13432835820895522,0.23979591836734693,0.1054675601583917,0.1054675601583917,0.058458764617428494,13,18.0,7.0,1.0,10,105.9,10.59,9.900000000000006,1,0.0,0.0,0.0,1.0
2023,00-0030565,Geno Smith,QB,113.7,155.0,0.9534883720930233,0.8010752688172043,-0.15241310327581903,0.007801950487621889,-0.1370946524821739,12,-59.640000000000015,11.0,2.0,13,233.56,17.966153846153848,-7.9199999999999875,0,0.0,0.0,0.0,0.0
2023,00-0033009,Tyler Boyd,WR,113.9,229.0,0.18181818181818182,0.21019108280254778,0.028372900984365956,0.028372900984365956,0.03483370458560564,13,-37.8,8.0,2.0,12,48.5,4.041666666666667,-74.0,0,0.0,0.0,1.0,0.0
2023,00-0038933,Dalton Kincaid,TE,116.5,66.0,0.1130952380952381,0.19424460431654678,0.08114936622130868,0.08114936622130868,,12,-3.5,1.0,1.0,10,64.60000000000001,6.460000000000001,-31.39999999999999,0,1.0,0.0,0.0,1.0
2023,00-0033526,Samaje Perine,RB,116.8,241.0,0.16666666666666666,0.1048951048951049,-0.06177156177156176,-0.06177156177156176,-0.031198869276143654,13,-41.0,7.0,4.0,13,51.2,3.9384615384615387,-64.4,0,0.0,1.0,0.0,0.0
2023,00-0037240,Jameson Williams,WR,119.2,105.0,0.019867549668874173,0.06707317073170732,0.047205621062833145,-0.044037940379403784,0.06239591585247777,9,-83.29999999999998,2.0,1.0,11,120.10000000000001,10.91818181818182,-2.3999999999999915,1,1.0,0.0,1.0,0.0
2023,00-0038555,Tank Bigsby,RB,119.4,223.0,0.05120481927710843,0.044444444444444446,-0.006760374832663986,0.014652014652014655,,10,-99.3,1.0,3.0,12,97.7,8.141666666666667,-17.900000000000006,0,1.0,1.0,0.0,0.0
2023,00-0036554,Nico Collins,WR,119.5,27.0,0.20809248554913296,0.20245398773006135,-0.005638497819071608,0.05803654670893155,0.06211283990111968,12,36.80000000000001,3.0,3.0,8,131.70000000000002,16.462500000000002,9.200000000000017,1,1.0,0.0,1.0,0.0
2023,00-0037228,Jaylen Warren,RB,121.5,88.0,0.22264150943396227,0.24912280701754386,0.026481297583581587,0.026481297583581587,0.13305815151677597,13,6.400000000000006,2.0,,11,75.6,6.872727272727272,-40.000000000000014,0,1.0,1.0,0.0,0.0
2023,00-0033948,Jamaal Williams,RB,121.8,266.0,0.09539473684210527,0.11637931034482758,0.020984573502722315,-0.11196714634808581,-0.15850991311224566,9,-92.1,7.0,4.0,10,26.200000000000003,2.62,-89.4,0,0.0,1.0,0.0,0.0
2023,00-0034521,Allen Lazard,WR,124.9,295.0,0.14705882352941177,0.04093567251461988,-0.10612315101479189,-0.09520697167755993,-0.09316233803462905,12,-84.6,6.0,,8,88.5,11.0625,-34.0,1,0.0,0.0,1.0,0.0
2023,00-0039040,De'Von Achane,RB,126.9,32.0,0.16723549488054607,0.15853658536585366,-0.008698909514692404,0.003348401138456386,,7,12.599999999999994,1.0,3.0,13,198.9,15.3,83.3,1,1.0,1.0,0.0,0.0
2023,00-0033106,Jared Goff,QB,128.3,101.0,1.0,1.0,0.0,0.0,0.0,13,-7.800000000000011,8.0,1.0,13,272.5,20.96153846153846,31.02000000000001,1,0.0,0.0,0.0,0.0
2023,00-0034960,Jakobi Meyers,WR,128.4,124.0,0.225,0.16129032258064516,-0.06370967741935485,-0.10148340004709208,0.013028404344193834,12,4.400000000000006,5.0,,11,123.60000000000001,11.236363636363636,1.1000000000000085,1,0.0,0.0,1.0,0.0
2023,00-0036309,Darnell Mooney,WR,133.1,156.0,0.11428571428571428,0.13043478260869565,0.016149068322981366,-0.0124223602484472,-0.05022409614554629,12,-70.1,4.0,5.0,13,145.8,11.215384615384616,23.30000000000001,1,0.0,0.0,1.0,0.0
2023,00-0039067,Rashee Rice,WR,134.1,51.0,0.13259668508287292,0.24285714285714285,0.11026045777426993,0.11026045777426993,,13,-0.09999999999999432,1.0,2.0,4,52.900000000000006,13.225000000000001,-69.6,1,1.0,0.0,1.0,0.0
2023,00-0034383,Dalton Schultz,TE,135.0,128.0,0.15606936416184972,0.06748466257668712,-0.0885847015851626,-0.057855078447564004,-0.0040518307515756136,11,0.0,6.0,4.0,13,68.9,5.300000000000001,-27.099999999999994,0,0.0,0.0,0.0,1.0
2023,00-0029263,Russell Wilson,QB,136.1,278.0,1.0,1.0,0.0,0.0,0.0940716681996695,13,0.0,12.0,3.0,7,143.76,20.537142857142857,-97.72,1,0.0,0.0,0.0,0.0
2023,00-0037263,Tyler Allgeier,RB,139.5,143.0,0.23509933774834438,0.15163934426229508,-0.0834599934860493,-0.0834599934860493,-0.020712057971550984,13,-31.5,2.0,5.0,13,82.0,6.3076923076923075,-33.60000000000001,0,1.0,1.0,0.0,0.0
2023,00-0038976,Marvin Mims Jr.,WR,140.7,181.0,0.08163265306122448,0.08888888888888889,0.007256235827664409,0.007256235827664409,,13,-77.0,1.0,2.0,13,52.2,4.015384615384615,-70.3,0,1.0,0.0,1.0,0.0
2023,00-0031687,Raheem Mostert,RB,140.8,65.0,0.25597269624573377,0.32113821138211385,0.06516551513638008,0.06516551513638008,0.01304578289489905,13,107.4,9.0,,9,49.300000000000004,5.477777777777778,-66.30000000000001,0,0.0,1.0,0.0,0.0
2023,00-0039065,Sam LaPorta,TE,140.9,30.0,0.2052980132450331,0.20121951219512196,-0.004078501049911143,-0.004078501049911143,,13,50.099999999999994,1.0,2.0,12,92.5,7.708333333333333,-3.5,0,1.0,0.0,0.0,1.0
2023,00-0036919,Kenny Gainwell,RB,141.2,259.0,0.1467065868263473,0.0867579908675799,-0.05994859595876739,-0.0988480697384807,0.03830614993266497,12,-59.0,3.0,5.0,13,40.6,3.123076923076923,-75.0,0,1.0,1.0,0.0,0.0
2023,00-0036415,Van Jefferson,WR,143.0,301.0,0.07731958762886598,0.029411764705882353,-0.04790782292298363,-0.014802631578947373,-0.02212469576925069,10,-105.8,4.0,2.0,11,44.1,4.009090909090909,-78.4,0,0.0,0.0,1.0,0.0
2023,00-0033045,Ezekiel Elliott,RB,143.1,127.0,0.1832797427652733,0.33191489361702126,0.14863515085174794,0.14863515085174794,0.011890675087003616,13,-15.199999999999989,8.0,1.0,12,40.6,3.3833333333333333,-75.0,0,0.0,1.0,0.0,0.0
2023,00-0034272,Marquez Valdes-Scantling,WR,143.3,314.0,0.06077348066298342,0.09285714285714286,0.03208366219415944,0.03208366219415944,-0.053954605198156896,13,-86.6,6.0,5.0,10,62.4,6.24,-60.1,0,0.0,0.0,1.0,0.0
2023,00-0031280,Derek Carr,QB,145.5,236.0,0.8875739644970414,0.7647058823529411,-0.12286808214410028,-0.12286808214410028,-0.013073293488518378,13,-82.76000000000002,10.0,2.0,10,180.9,18.09,-60.579999999999984,0,0.0,0.0,0.0,0.0
2023,00-0036290,Cole Kmet,TE,147.1,165.0,0.20714285714285716,0.20869565217391303,0.0015527950310558758,0.0015527950310558758,-0.004342485309252686,13,22.0,4.0,2.0,12,85.80000000000001,7.150000000000001,-10.199999999999989,0,0.0,0.0,0.0,1.0
2023,00-0036345,K.J. Osborn,WR,148.0,256.0,0.13333333333333333,0.10743801652892562,-0.02589531680440771,0.012734082397003743,-0.011608210143142894,12,-54.3,4.0,5.0,6,15.200000000000001,2.5333333333333337,-107.3,0,0.0,0.0,1.0,0.0
2023,00-0036264,Jordan Love,QB,149.1,76.0,1.0,1.0,0.0,0.0,0.9571779082728434,13,14.800000000000011,4.0,1.0,11,230.06,20.914545454545454,-11.419999999999987,1,0.0,0.0,0.0,0.0
2023,00-0039021,Roschon Johnson,RB,151.4,194.0,0.13909774436090225,0.12890625,-0.010191494360902248,-0.010191494360902248,,11,-64.1,1.0,4.0,10,64.2,6.42,-51.400000000000006,0,1.0,1.0,0.0,0.0
2023,00-0037809,Chig Okonkwo,TE,151.7,210.0,0.15602836879432624,0.16556291390728478,0.009534545112958537,0.009534545112958537,0.061390336063840756,13,-37.0,2.0,4.0,13,54.7,4.207692307692308,-41.3,0,1.0,0.0,0.0,1.0
2023,00-0039062,Jonathan Mingo,WR,153.4,232.0,0.14054054054054055,0.2676056338028169,0.12706509326227633,0.09877446497164805,,12,-73.89999999999999,1.0,2.0,12,18.6,1.55,-103.9,0,1.0,0.0,1.0,0.0
2023,00-0033895,Gerald Everett,TE,155.3,243.0,0.09859154929577464,0.0979381443298969,-0.0006534049658777352,0.021661615261187386,-0.006261838318296006,11,-28.799999999999997,7.0,2.0,7,6.5,0.9285714285714286,-89.5,0,0.0,0.0,0.0,1.0
2023,00-0030035,Adam Thielen,WR,156.8,149.0,0.24864864864864866,0.2605633802816901,0.011914731633041464,0.011914731633041464,0.08664499735582815,13,22.200000000000017,11.0,,6,62.7,10.450000000000001,-59.8,1,0.0,0.0,1.0,0.0
2023,00-0037664,Alec Pierce,WR,159.1,252.0,0.1,0.1103448275862069,0.01034482758620689,0.01034482758620689,-0.019145017278579826,13,-68.79999999999998,2.0,2.0,13,109.0,8.384615384615385,-13.5,0,1.0,0.0,1.0,0.0
2023,00-0036040,Juwan Johnson,TE,159.7,221.0,0.07407407407407407,0.125,0.05092592592592593,0.006188118811881194,-0.036001014772749446,9,-62.3,4.0,,11,71.3,6.4818181818181815,-24.700000000000003,0,0.0,0.0,0.0,1.0
2023,00-0038938,Jalin Hyatt,WR,160.0,217.0,0.03184713375796178,0.125,0.09315286624203822,0.07236842105263158,,10,-85.8,1.0,3.0,8,8.8,1.1,-113.7,0,1.0,0.0,1.0,0.0
2023,00-0037834,Brock Purdy,QB,160.8,85.0,0.9927007299270073,0.9782608695652174,-0.014439860361789902,-0.014439860361789902,0.6499606608969315,13,38.06,2.0,7.0,12,241.48,20.12333333333333,0.0,1,1.0,0.0,0.0,0.0
2023,00-0039146,Jayden Reed,WR,165.2,77.0,0.17088607594936708,0.19101123595505617,0.02012516000568909,0.02012516000568909,,13,4.300000000000011,1.0,2.0,13,146.10000000000002,11.23846153846154,23.600000000000023,1,1.0,0.0,1.0,0.0
2023,00-0038041,Jake Ferguson,TE,165.4,98.0,0.17391304347826086,0.15897435897435896,-0.0149386845039019,-0.0149386845039019,0.12865413703774536,13,19.0,2.0,4.0,10,61.1,6.11,-34.9,0,1.0,0.0,0.0,1.0
2023,00-0026498,Matthew Stafford,QB,167.1,133.0,1.0,1.0,0.0,0.0,0.32963578102049595,12,-32.58000000000001,15.0,1.0,13,229.22,17.63230769230769,-12.259999999999991,0,0.0,0.0,0.0,0.0
2023,00-0038040,Zamir White,RB,168.0,73.0,0.03272727272727273,0.018867924528301886,-0.013859348198970844,-0.033125102745355905,0.0910735267589428,9,-108.8,2.0,4.0,8,26.3,3.2875,-89.30000000000001,0,1.0,1.0,0.0,0.0
2023,00-0035250,Devin Singletary,RB,168.2,89.0,0.10423452768729642,0.3263888888888889,0.2221543612015925,0.2221543612015925,0.004698102357676814,13,-14.559999999999988,5.0,3.0,11,67.6,6.145454545454545,-48.000000000000014,0,0.0,1.0,0.0,0.0
2023,00-0039032,Tyjae Spears,RB,168.3,93.0,0.17228464419475656,0.20714285714285716,0.0348582129481006,0.0348582129481006,,13,-29.599999999999994,1.0,3.0,9,42.5,4.722222222222222,-73.10000000000001,0,1.0,1.0,0.0,0.0
2023,00-0039144,Luke Musgrave,TE,169.0,138.0,0.14556962025316456,0.056179775280898875,-0.08938984497226568,-0.012236286919831224,,10,-36.9,1.0,2.0,4,4.7,1.175,-91.3,0,1.0,0.0,0.0,1.0
2023,00-0038977,Tank Dell,WR,175.6,53.0,0.16184971098265896,0.19631901840490798,0.03446930742224902,0.12386457473162674,,10,11.900000000000006,1.0,3.0,12,90.60000000000001,7.550000000000001,-31.89999999999999,0,1.0,0.0,1.0,0.0
2023,00-0033282,Curtis Samuel,WR,177.9,126.0,0.15083798882681565,0.16666666666666666,0.015828677839851008,0.015828677839851008,-0.025555453497035197,12,-33.3,7.0,2.0,12,38.9,3.2416666666666667,-83.6,0,0.0,0.0,1.0,0.0
2023,00-0033925,D'Onta Foreman,RB,179.6,329.0,0.03007518796992481,0.16796875,0.1378935620300752,0.09438775510204081,-0.10261909062947033,8,-32.7,7.0,3.0,7,22.6,3.2285714285714286,-93.0,0,0.0,1.0,0.0,0.0
2023,00-0033357,Taysom Hill,TE,181.9,142.0,0.037037037037037035,0.0625,0.025462962962962965,0.03843466107617051,0.03952930156314033,12,13.879999999999995,7.0,,8,90.84,11.355,-5.159999999999997,1,0.0,0.0,0.0,1.0
2023,00-0037545,Rashid Shaheed,WR,183.5,108.0,0.12962962962962962,0.109375,-0.020254629629629622,0.0521885521885522,0.06434049528716118,11,-32.39999999999999,2.0,,6,71.80000000000001,11.966666666666669,-50.69999999999999,1,1.0,0.0,1.0,0.0
2023,00-0034184,Gus Edwards,RB,186.2,106.0,0.19407894736842105,0.17672413793103448,-0.01735480943738657,-0.01735480943738657,0.11588364479055793,13,21.5,6.0,,9,40.7,4.522222222222222,-74.9,0,0.0,1.0,0.0,0.0
2023,00-0035689,Dawson Knox,TE,186.9,286.0,0.1130952380952381,0.02158273381294964,-0.09151250428228845,-0.029761904761904767,-0.056193216232586315,8,-62.7,5.0,3.0,11,38.800000000000004,3.527272727272728,-57.199999999999996,0,0.0,0.0,0.0,1.0
2023,00-0033090,Hunter Henry,TE,187.9,173.0,0.1366120218579235,0.10810810810810811,-0.028503913749815396,0.021282714984181744,0.00966694078947368,12,-10.699999999999989,8.0,2.0,13,96.0,7.384615384615385,0.0,0,0.0,0.0,0.0,1.0
2023,00-0037267,Jerome Ford,RB,189.9,103.0,0.23773584905660378,0.24107142857142858,0.003335579514824799,0.003335579514824799,0.23675154656189945,13,27.0,2.0,5.0,11,74.3,6.754545454545454,-41.30000000000001,0,1.0,1.0,0.0,0.0
2023,00-0036555,Chuba Hubbard,RB,191.2,119.0,0.1611842105263158,0.32280701754385965,0.16162280701754386,0.16162280701754386,0.1710297580925142,13,1.8000000000000114,3.0,4.0,13,182.70000000000002,14.053846153846155,67.10000000000001,1,1.0,1.0,0.0,0.0
2023,00-0039150,Bryce Young,QB,191.4,238.0,0.7128712871287128,1.0,0.28712871287128716,0.0,,12,-124.08000000000001,1.0,1.0,10,116.58,11.658,-124.89999999999999,0,1.0,0.0,0.0,0.0
2023,00-0034270,Tyler Conklin,TE,192.6,184.0,0.16911764705882354,0.17543859649122806,0.006320949432404521,0.006320949432404521,0.005131189166314026,13,-19.89999999999999,6.0,5.0,13,61.7,4.746153846153846,-34.3,0,0.0,0.0,0.0,1.0
2023,00-0035535,Darius Slayton,WR,196.0,208.0,0.15286624203821655,0.14583333333333334,-0.007032908704883212,-0.007032908704883212,0.0018640974824872814,13,-61.69999999999999,5.0,5.0,12,75.5,6.291666666666667,-47.0,0,0.0,0.0,1.0,0.0
2023,00-0038559,Michael Wilson,WR,196.1,148.0,0.11920529801324503,0.047244094488188976,-0.07196120352505606,0.07434308908352916,,9,-60.099999999999994,1.0,3.0,13,88.8,6.8307692307692305,-33.7,0,1.0,0.0,1.0,0.0
2023,00-0037276,Ty Chandler,RB,200.8,153.0,0.045454545454545456,0.211864406779661,0.16640986132511554,0.16640986132511554,0.12121212121212122,12,-77.2,2.0,5.0,11,24.3,2.209090909090909,-91.30000000000001,0,1.0,1.0,0.0,0.0
2023,00-0037614,John Metchie III,WR,204.8,300.0,0.04046242774566474,0.07975460122699386,0.03929217348132912,0.025908447380840013,,10,-108.69999999999999,2.0,2.0,7,30.000000000000004,4.2857142857142865,-92.5,0,1.0,0.0,1.0,0.0
2023,00-0039066,Michael Mayer,TE,205.4,260.0,0.03125,0.12903225806451613,0.09778225806451613,0.08804865150713909,,12,-47.5,1.0,2.0,7,18.5,2.642857142857143,-77.5,0,1.0,0.0,0.0,1.0
2023,00-0039163,C.J. Stroud,QB,206.9,62.0,0.9946524064171123,0.9585798816568047,-0.036072524760307534,-0.036072524760307534,,13,20.180000000000007,1.0,1.0,13,210.57999999999998,16.198461538461537,-30.900000000000006,0,1.0,0.0,0.0,0.0
2023,00-0037838,Isaiah Likely,TE,209.0,186.0,0.02857142857142857,0.13793103448275862,0.10935960591133005,0.09871534820824882,-0.026666666666666658,10,-57.3,2.0,4.0,11,76.9,6.990909090909091,-19.099999999999994,0,1.0,0.0,0.0,1.0
2023,00-0037261,Khalil Shakir,WR,210.6,110.0,0.023809523809523808,0.08633093525179857,0.06252141144227476,0.05532318331381407,0.04215626892792247,12,-62.39999999999999,2.0,5.0,12,124.4,10.366666666666667,1.9000000000000057,1,1.0,0.0,1.0,0.0
2023,00-0030578,Cordarrelle Patterson,RB,210.6,288.0,0.0033112582781456954,0.0942622950819672,0.09095103680382151,0.0805636649449809,-0.12812578086679685,9,-99.4,11.0,1.0,9,22.200000000000003,2.466666666666667,-93.4,0,0.0,1.0,0.0,0.0
2023,00-0030431,Robert Woods,WR,211.0,297.0,0.23121387283236994,0.10429447852760736,-0.12691939430476257,-0.12691939430476257,-0.06849201103710928,11,-75.69999999999999,11.0,2.0,10,16.7,1.67,-105.8,0,0.0,0.0,1.0,0.0
2023,00-0038997,Josh Downs,WR,211.9,129.0,0.20625,0.16551724137931034,-0.040732758620689646,-0.040732758620689646,,13,-29.39999999999999,1.0,3.0,10,111.1,11.11,-11.400000000000006,1,1.0,0.0,1.0,0.0
2023,00-0035644,Noah Fant,TE,212.2,183.0,0.09016393442622951,0.08522727272727272,-0.00493666169895679,-0.027017625231910952,-0.029847363129512847,12,-47.6,5.0,1.0,10,49.4,4.9399999999999995,-46.6,0,0.0,0.0,0.0,1.0
2023,00-0034855,Baker Mayfield,QB,212.3,150.0,0.9920634920634921,0.9938650306748467,0.0018015386113545695,0.0018015386113545695,0.5302053083001284,13,-19.100000000000023,6.0,1.0,13,315.26,24.25076923076923,73.78,1,0.0,0.0,0.0,0.0
2023,00-0037840,Kyren Williams,RB,212.8,17.0,0.3166144200626959,0.31048387096774194,-0.006130549094953974,0.08442724660397077,0.22994450154162382,9,52.5,2.0,5.0,13,208.8,16.06153846153846,93.2,1,1.0,1.0,0.0,0.0
2023,00-0038129,Cade Otton,TE,213.3,177.0,0.12605042016806722,0.10759493670886076,-0.01845548345920646,-0.01845548345920646,0.030694673325358524,13,-11.099999999999994,2.0,4.0,13,107.7,8.284615384615385,11.700000000000003,1,1.0,0.0,0.0,1.0
2023,00-0037744,Trey McBride,TE,213.4,52.0,0.06622516556291391,0.2677165354330709,0.20149136987015698,0.20149136987015698,0.1363866437550173,13,7.5,2.0,2.0,12,131.3,10.941666666666668,35.30000000000001,1,1.0,0.0,0.0,1.0
2023,00-0034829,Mike Gesicki,TE,214.5,289.0,0.09289617486338798,0.04504504504504504,-0.04785112981834294,-0.010928961748633892,-0.0078125,11,-58.8,6.0,2.0,12,77.0,6.416666666666667,-19.0,0,0.0,0.0,0.0,1.0
2023,00-0033943,Josh Reynolds,WR,214.6,281.0,0.15894039735099338,0.10365853658536585,-0.055281860765627536,-0.09634146341463416,-0.00321098494850805,12,-36.69999999999999,7.0,4.0,5,30.3,6.0600000000000005,-92.2,0,0.0,0.0,1.0,0.0
2023,00-0038979,Cedric Tillman,WR,214.6,282.0,0.022388059701492536,0.10204081632653061,0.07965275662503808,0.01380552220888355,,7,-112.5,1.0,3.0,9,65.9,7.322222222222223,-56.599999999999994,0,1.0,0.0,1.0,0.0
2023,00-0036251,Zack Moss,RB,214.9,91.0,0.32038834951456313,0.2301255230125523,-0.09026282650201084,-0.1756121819054805,0.1586701753812458,12,23.30000000000001,4.0,3.0,8,70.4,8.8,-45.2,0,0.0,1.0,0.0,0.0
2023,00-0038117,Wan'Dale Robinson,WR,215.3,180.0,0.10828025477707007,0.19791666666666666,0.08963641188959659,0.01512096774193547,0.09055589349135647,11,-61.89999999999999,2.0,2.0,13,95.80000000000001,7.36923076923077,-26.69999999999999,0,1.0,0.0,1.0,0.0
2023,00-0036849,Tutu Atwell,WR,215.5,269.0,0.20618556701030927,0.06766917293233082,-0.13851639407797844,-0.13851639407797844,0.05338040222507487,13,-40.0,3.0,2.0,12,68.9,5.741666666666667,-53.599999999999994,0,1.0,0.0,1.0,0.0
2023,00-0036139,Rico Dowdle,RB,215.6,134.0,0.09779179810725552,0.13274336283185842,0.034951564724602896,0.034951564724602896,0.09760956175298804,13,-50.099999999999994,4.0,,12,132.10000000000002,11.008333333333335,16.500000000000014,1,0.0,1.0,0.0,0.0
2023,00-0034975,Justice Hill,RB,215.8,206.0,0.11842105263157894,0.05172413793103448,-0.06669691470054445,-0.10017459624618072,0.0584088959548735,12,-57.0,5.0,4.0,13,87.8,6.753846153846154,-27.80000000000001,0,0.0,1.0,0.0,0.0
2023,00-0032464,Kalif Raymond,WR,215.8,341.0,0.09271523178807947,0.09146341463414634,-0.0012518171539331324,-0.0012518171539331324,-0.03284217938561747,13,-63.69999999999999,8.0,,11,46.400000000000006,4.218181818181819,-76.1,0,0.0,0.0,1.0,0.0
2023,00-0037525,Jordan Mason,RB,215.9,163.0,0.06060606060606061,0.025547445255474453,-0.03505861535058616,-0.051048299425376614,0.003467197956280102,12,-83.4,2.0,,12,109.5,9.125,-6.1000000000000085,0,1.0,1.0,0.0,0.0
2023,00-0034159,Will Dissly,TE,215.9,305.0,0.040983606557377046,0.05113636363636364,0.010152757078986593,-0.030830849478390453,-0.035912622246595374,10,-76.9,6.0,4.0,13,69.3,5.3307692307692305,-26.700000000000003,0,0.0,0.0,0.0,1.0
2023,00-0034869,Sam Darnold,QB,215.9,202.0,0.0072992700729927005,0.014492753623188406,0.0071934835501957055,0.027435064935064934,-0.23979467717608133,6,-262.48,6.0,1.0,13,297.36,22.873846153846156,55.880000000000024,1,0.0,0.0,0.0,0.0
2023,00-0035500,Greg Dortch,WR,215.9,209.0,0.0,0.15748031496062992,0.15748031496062992,0.15748031496062992,-0.02643974246962219,12,-105.69999999999999,5.0,,13,37.8,2.9076923076923076,-84.7,0,0.0,0.0,1.0,0.0
2023,00-0038098,Pierre Strong,RB,216.0,308.0,0.052830188679245285,0.01488095238095238,-0.0379492362982929,-0.034515170364226966,0.033148568482439494,12,-90.4,2.0,4.0,10,20.0,2.0,-95.60000000000001,0,1.0,1.0,0.0,0.0
2023,00-0035289,Gardner Minshew,QB,216.0,334.0,0.49700598802395207,1.0,0.5029940119760479,0.4154929577464789,0.6955761204863001,12,-95.20000000000002,5.0,6.0,10,114.32000000000001,11.432,-127.15999999999998,0,0.0,0.0,0.0,0.0
2023,00-0036984,Trey Sermon,RB,216.0,267.0,0.032362459546925564,0.016736401673640166,-0.015626057873285398,-0.04242424242424243,0.040454526306921104,5,-114.4,3.0,3.0,11,38.6,3.5090909090909093,-77.0,0,1.0,1.0,0.0,0.0
2023,00-0035628,D'Ernest Johnson,RB,216.0,326.0,0.02710843373493976,0.10793650793650794,0.08082807420156818,0.08082807420156818,0.045130978920738564,12,-89.8,5.0,,9,23.400000000000002,2.6,-92.2,0,0.0,1.0,0.0,0.0
2023,00-0038996,Tucker Kraft,TE,216.0,248.0,0.012658227848101266,0.09550561797752809,0.08284739012942682,0.06375958623149634,,10,-64.6,1.0,3.0,13,114.0,8.76923076923077,18.0,1,1.0,0.0,0.0,1.0
