player,pos,team,bye,on_wire,status,proj_per_game,page_price,add_only_gross,drop Ashton Jeanty,drop Browns D/ST,drop Davante Adams,drop Eddy Pineiro,drop George Pickens,drop J.K. Dobbins,drop Jalen Hurts,drop Mike Washington Jr.,drop Puka Nacua,drop Quinshon Judkins,drop Rico Dowdle,drop Sam LaPorta,drop T.J. Hockenson,drop Tyler Shough,drop Xavier Worthy,best_drop,best_net,best_net_se
Jalen McMillan,WR,TB,10,1,ACTIVE,6.42,0.0,0.21,-31.58,-1.27,-28.31,-118.5,-30.02,-8.32,-42.97,-5.92,-89.4,-34.12,-12.03,-22.01,-2.41,-2.85,-4.35,Browns D/ST,-1.27,0.028
Daniel Jones,QB,IND,13,1,ACTIVE,17.97,0.0,0.5,-31.29,-0.97,-28.33,-118.2,-30.67,-8.06,-40.22,-5.62,-89.46,-33.83,-11.77,-21.78,-2.17,-0.12,-5.1,Tyler Shough,-0.12,0.031
Chris Rodriguez Jr.,RB,JAX,7,1,ACTIVE,4.11,0.0,0.03,-31.69,-1.45,-28.81,-118.67,-31.15,-8.39,-43.15,-6.04,-89.93,-34.18,-12.12,-22.25,-2.65,-3.03,-5.57,Browns D/ST,-1.45,0.009
Tyjae Spears,RB,TEN,9,1,ACTIVE,7.62,0.0,0.77,-30.5,-0.71,-27.78,-117.93,-30.12,-5.8,-42.41,-4.88,-88.9,-31.83,-9.21,-21.29,-1.7,-2.29,-4.53,Browns D/ST,-0.71,0.032
Brian Robinson Jr.,RB,ATL,11,1,ACTIVE,5.27,0.0,0.05,-31.66,-1.43,-28.79,-118.65,-31.13,-8.34,-43.13,-5.99,-89.91,-34.14,-12.07,-22.23,-2.63,-3.01,-5.55,Browns D/ST,-1.43,0.013
Jerry Jeudy,WR,CLE,11,1,ACTIVE,6.7,0.0,0.09,-31.69,-1.38,-28.22,-118.61,-30.66,-8.44,-43.08,-6.03,-89.35,-34.2,-12.14,-22.15,-2.55,-2.97,-5.08,Browns D/ST,-1.38,0.015
Calvin Ridley,WR,TEN,9,1,ACTIVE,6.68,0.0,0.27,-31.51,-1.21,-28.1,-118.43,-29.78,-8.22,-42.91,-5.85,-89.2,-34.03,-11.92,-21.9,-2.31,-2.79,-4.04,Browns D/ST,-1.21,0.028
Adonai Mitchell,WR,NYJ,13,1,ACTIVE,6.29,0.0,0.16,-31.62,-1.32,-28.32,-118.54,-30.13,-8.37,-43.01,-5.96,-89.42,-34.16,-12.07,-22.06,-2.47,-2.9,-4.43,Browns D/ST,-1.32,0.025
Caleb Douglas,WR,MIA,6,1,ACTIVE,5.39,0.0,0.14,-31.65,-1.34,-28.43,-118.56,-30.3,-8.42,-43.04,-5.98,-89.54,-34.19,-12.13,-22.13,-2.53,-2.92,-4.62,Browns D/ST,-1.34,0.022
Malik Willis,QB,MIA,6,1,ACTIVE,15.64,0.0,0.0,-31.79,-1.48,-28.84,-118.7,-31.18,-8.56,-43.18,-6.13,-89.96,-34.34,-12.27,-22.28,-2.68,-3.06,-5.6,Browns D/ST,-1.48,0.0
Tre Tucker,WR,LV,13,1,ACTIVE,6.69,0.0,0.25,-31.53,-1.23,-28.09,-118.45,-29.82,-8.24,-42.93,-5.87,-89.19,-34.05,-11.94,-21.92,-2.33,-2.81,-4.13,Browns D/ST,-1.23,0.026
Jalen Nailor,WR,LV,13,1,ACTIVE,6.0,0.0,0.16,-31.63,-1.32,-28.35,-118.54,-30.16,-8.38,-43.02,-5.97,-89.47,-34.17,-12.09,-22.08,-2.49,-2.9,-4.45,Browns D/ST,-1.32,0.024
Keaton Mitchell,RB,LAC,7,1,ACTIVE,4.93,0.0,0.03,-31.66,-1.45,-28.8,-118.67,-31.14,-8.37,-43.15,-6.02,-89.93,-34.15,-12.07,-22.24,-2.65,-3.03,-5.57,Browns D/ST,-1.45,0.01
Tank Bigsby,RB,PHI,10,1,ACTIVE,3.66,0.0,0.02,-31.71,-1.46,-28.82,-118.68,-31.15,-8.41,-43.16,-6.05,-89.94,-34.24,-12.15,-22.25,-2.66,-3.04,-5.58,Browns D/ST,-1.46,0.007
Brenton Strange,TE,JAX,7,1,ACTIVE,6.65,6.6,1.23,-30.55,-0.24,-27.57,-117.47,-29.86,-7.26,-41.94,-4.88,-88.69,-33.07,-10.96,-19.59,0.03,-1.83,-4.28,T.J. Hockenson,0.03,0.03
Rashod Bateman,WR,BAL,13,1,ACTIVE,6.09,0.0,0.18,-31.61,-1.3,-28.33,-118.52,-30.15,-8.36,-43.0,-5.95,-89.42,-34.14,-12.06,-22.06,-2.46,-2.88,-4.41,Browns D/ST,-1.3,0.026
Dontayvion Wicks,WR,PHI,10,1,ACTIVE,5.22,0.0,0.14,-31.65,-1.34,-28.43,-118.56,-30.32,-8.42,-43.04,-5.99,-89.57,-34.19,-12.13,-22.13,-2.54,-2.92,-4.67,Browns D/ST,-1.34,0.022
Devaughn Vele,WR,NO,8,1,ACTIVE,5.8,0.0,0.17,-31.63,-1.31,-28.39,-118.54,-30.22,-8.38,-43.01,-5.96,-89.47,-34.16,-12.09,-22.09,-2.49,-2.89,-4.48,Browns D/ST,-1.31,0.024
Jaylin Noel,WR,HOU,8,1,ACTIVE,6.26,0.0,0.19,-31.6,-1.29,-28.32,-118.52,-30.09,-8.35,-42.99,-5.94,-89.44,-34.14,-12.05,-22.05,-2.45,-2.87,-4.42,Browns D/ST,-1.29,0.026
Ray Davis,RB,BUF,7,1,ACTIVE,2.02,0.0,0.01,-31.74,-1.47,-28.83,-118.69,-31.16,-8.47,-43.17,-6.08,-89.95,-34.27,-12.19,-22.27,-2.67,-3.05,-5.59,Browns D/ST,-1.47,0.004
Dylan Sampson,RB,CLE,11,1,INJURY_RESERVE,4.31,0.0,0.03,-31.69,-1.44,-28.8,-118.67,-31.14,-8.39,-43.14,-6.02,-89.93,-34.17,-12.1,-22.25,-2.64,-3.03,-5.57,Browns D/ST,-1.44,0.01
Chiefs D/ST,D/ST,KC,5,0,ACTIVE,5.95,5.9,0.0,-31.79,-1.48,-28.84,-118.7,-31.18,-8.56,-43.18,-6.13,-89.96,-34.34,-12.27,-22.28,-2.68,-3.06,-5.6,Browns D/ST,-1.48,0.0
Will Reichard,K,MIN,6,0,ACTIVE,8.38,8.4,8.38,-23.41,6.9,-20.46,-9.73,-22.79,-0.18,-34.8,2.25,-81.58,-25.95,-3.89,-13.9,5.7,5.32,2.78,Browns D/ST,6.9,0.0
Juwan Johnson,TE,NO,8,1,QUESTIONABLE,6.74,6.7,1.34,-30.44,-0.13,-27.45,-117.36,-29.75,-7.13,-41.83,-4.77,-88.57,-32.95,-10.83,-19.3,0.27,-1.72,-4.17,T.J. Hockenson,0.27,0.029
Kaelon Black,RB,SF,8,1,ACTIVE,3.31,0.0,0.03,-31.7,-1.45,-28.81,-118.68,-31.15,-8.42,-43.15,-6.04,-89.94,-34.21,-12.14,-22.25,-2.65,-3.03,-5.58,Browns D/ST,-1.45,0.008
Ja'Kobi Lane,WR,BAL,13,1,INJURY_RESERVE,5.44,0.0,0.13,-31.66,-1.34,-28.44,-118.57,-30.33,-8.43,-43.04,-5.99,-89.53,-34.2,-12.14,-22.14,-2.54,-2.93,-4.6,Browns D/ST,-1.34,0.022
C.J. Stroud,QB,HOU,8,1,ACTIVE,16.98,0.0,0.1,-31.7,-1.38,-28.74,-118.61,-31.08,-8.47,-42.68,-6.03,-89.87,-34.24,-12.17,-22.18,-2.58,-2.32,-5.51,Browns D/ST,-1.38,0.004
Sam Darnold,QB,SEA,11,1,OUT,17.07,0.0,0.17,-31.62,-1.31,-28.67,-118.53,-31.01,-8.39,-42.2,-5.96,-89.79,-34.16,-12.1,-22.11,-2.51,-2.12,-5.43,Browns D/ST,-1.31,0.007
Jauan Jennings,WR,MIN,6,1,ACTIVE,5.39,0.0,0.13,-31.67,-1.35,-28.44,-118.58,-30.33,-8.44,-43.05,-6.0,-89.58,-34.21,-12.14,-22.15,-2.55,-2.93,-4.62,Browns D/ST,-1.35,0.021
Malachi Fields,WR,NYG,8,1,ACTIVE,4.11,0.0,0.11,-31.68,-1.37,-28.52,-118.59,-30.49,-8.45,-43.07,-6.02,-89.63,-34.23,-12.16,-22.16,-2.57,-2.95,-4.85,Browns D/ST,-1.37,0.017
Germie Bernard,WR,PIT,9,1,ACTIVE,5.2,0.0,0.13,-31.67,-1.35,-28.44,-118.57,-30.36,-8.43,-43.05,-6.0,-89.57,-34.21,-12.14,-22.14,-2.55,-2.93,-4.67,Browns D/ST,-1.35,0.021
Tre' Harris,WR,LAC,7,1,ACTIVE,4.27,0.0,0.1,-31.69,-1.38,-28.52,-118.6,-30.52,-8.46,-43.08,-6.03,-89.62,-34.23,-12.17,-22.17,-2.58,-2.96,-4.86,Browns D/ST,-1.38,0.017
Ryan Flournoy,WR,DAL,14,1,ACTIVE,4.26,0.0,0.1,-31.69,-1.38,-28.58,-118.6,-30.49,-8.46,-43.08,-6.03,-89.68,-34.23,-12.17,-22.17,-2.58,-2.96,-4.91,Browns D/ST,-1.38,0.017
Pat Freiermuth,TE,PIT,9,1,ACTIVE,6.25,6.3,0.79,-31.0,-0.69,-28.03,-117.91,-30.34,-7.74,-42.39,-5.33,-89.15,-33.54,-11.44,-20.56,-0.96,-2.27,-4.76,Browns D/ST,-0.69,0.011
Dalton Schultz,TE,HOU,8,1,ACTIVE,6.06,6.1,0.59,-31.2,-0.89,-28.24,-118.12,-30.55,-7.95,-42.59,-5.54,-89.36,-33.74,-11.66,-20.99,-1.4,-2.47,-4.98,Browns D/ST,-0.89,0.008
Zachariah Branch,WR,ATL,11,1,ACTIVE,3.93,0.0,0.03,-31.76,-1.44,-28.6,-118.67,-30.99,-8.53,-43.14,-6.09,-89.71,-34.3,-12.24,-22.25,-2.65,-3.03,-5.39,Browns D/ST,-1.44,0.009
Omar Cooper Jr.,WR,NYJ,13,1,QUESTIONABLE,4.19,0.0,0.11,-31.69,-1.37,-28.53,-118.59,-30.53,-8.45,-43.07,-6.02,-89.64,-34.23,-12.16,-22.17,-2.57,-2.95,-4.86,Browns D/ST,-1.37,0.017
Kayshon Boutte,WR,HOU,8,1,ACTIVE,6.67,0.0,0.26,-31.52,-1.22,-28.1,-118.44,-29.83,-8.23,-42.92,-5.86,-89.18,-34.04,-11.93,-21.91,-2.31,-2.8,-4.09,Browns D/ST,-1.22,0.027
Malik Washington,WR,MIA,6,1,ACTIVE,5.39,0.0,0.13,-31.67,-1.35,-28.42,-118.58,-30.33,-8.44,-43.05,-6.0,-89.55,-34.21,-12.14,-22.15,-2.55,-2.93,-4.62,Browns D/ST,-1.35,0.021
Kimani Vidal,RB,LAC,7,1,ACTIVE,1.91,0.0,0.02,-31.74,-1.46,-28.82,-118.68,-31.16,-8.47,-43.16,-6.08,-89.95,-34.26,-12.19,-22.26,-2.66,-3.04,-5.59,Browns D/ST,-1.46,0.005
Jaylen Wright,RB,MIA,6,1,ACTIVE,2.47,0.0,0.02,-31.72,-1.46,-28.82,-118.69,-31.16,-8.45,-43.16,-6.07,-89.95,-34.26,-12.18,-22.26,-2.66,-3.04,-5.59,Browns D/ST,-1.46,0.005
Ollie Gordon II,RB,MIA,6,1,ACTIVE,1.87,0.0,0.01,-31.74,-1.46,-28.82,-118.69,-31.16,-8.49,-43.16,-6.08,-89.95,-34.27,-12.2,-22.26,-2.66,-3.04,-5.59,Browns D/ST,-1.46,0.004
Gunnar Helm,TE,TEN,9,1,ACTIVE,5.76,5.8,0.26,-31.54,-1.22,-28.58,-118.45,-30.9,-8.3,-42.92,-5.87,-89.7,-34.08,-12.0,-21.71,-2.12,-2.8,-5.33,Browns D/ST,-1.22,0.004
AJ Barner,TE,SEA,11,1,ACTIVE,5.38,5.4,0.0,-31.79,-1.48,-28.84,-118.7,-31.18,-8.56,-43.18,-6.12,-89.96,-34.34,-12.27,-22.28,-2.68,-3.06,-5.6,Browns D/ST,-1.48,0.0
Cam Ward,QB,TEN,9,1,ACTIVE,14.84,0.0,0.0,-31.79,-1.48,-28.84,-118.7,-31.18,-8.56,-43.18,-6.13,-89.96,-34.34,-12.27,-22.28,-2.68,-3.06,-5.6,Browns D/ST,-1.48,0.0
Jacoby Brissett,QB,ARI,14,1,ACTIVE,13.41,0.0,0.0,-31.79,-1.48,-28.84,-118.7,-31.18,-8.56,-43.18,-6.13,-89.96,-34.34,-12.27,-22.28,-2.68,-3.06,-5.6,Browns D/ST,-1.48,0.0
Samaje Perine,RB,CIN,6,1,ACTIVE,5.35,0.0,0.04,-31.65,-1.44,-28.8,-118.66,-31.14,-8.33,-43.14,-6.01,-89.92,-34.14,-12.08,-22.24,-2.64,-3.02,-5.56,Browns D/ST,-1.44,0.012
Ty Johnson,RB,BUF,7,1,QUESTIONABLE,4.36,0.0,0.03,-31.68,-1.45,-28.81,-118.67,-31.14,-8.38,-43.15,-6.01,-89.93,-34.19,-12.1,-22.24,-2.65,-3.03,-5.57,Browns D/ST,-1.45,0.01
Chris Brooks,RB,GB,11,1,ACTIVE,3.6,0.0,0.03,-31.7,-1.45,-28.81,-118.68,-31.15,-8.43,-43.15,-6.05,-89.94,-34.21,-12.14,-22.25,-2.65,-3.03,-5.58,Browns D/ST,-1.45,0.008
Cooper Kupp,WR,SEA,11,1,ACTIVE,4.86,0.0,0.04,-31.76,-1.44,-28.54,-118.66,-30.93,-8.52,-43.14,-6.09,-89.66,-34.3,-12.23,-22.24,-2.64,-3.02,-5.35,Browns D/ST,-1.44,0.011
Brashard Smith,RB,KC,5,1,ACTIVE,3.03,0.0,0.02,-31.72,-1.46,-28.82,-118.68,-31.15,-8.45,-43.16,-6.05,-89.94,-34.23,-12.15,-22.25,-2.66,-3.04,-5.58,Browns D/ST,-1.46,0.007
Malik Davis,RB,DAL,14,1,INJURY_RESERVE,3.14,0.0,0.03,-31.7,-1.45,-28.81,-118.67,-31.15,-8.42,-43.15,-6.05,-89.93,-34.22,-12.13,-22.25,-2.65,-3.03,-5.57,Browns D/ST,-1.45,0.008
Xavier Legette,WR,CAR,5,1,ACTIVE,4.48,0.0,0.1,-31.7,-1.38,-28.59,-118.6,-30.53,-8.46,-43.08,-6.03,-89.7,-34.24,-12.17,-22.18,-2.58,-2.96,-4.77,Browns D/ST,-1.38,0.017
Jahan Dotson,WR,ATL,11,1,ACTIVE,4.42,0.0,0.04,-31.76,-1.44,-28.55,-118.67,-30.96,-8.53,-43.14,-6.09,-89.69,-34.3,-12.24,-22.24,-2.64,-3.02,-5.37,Browns D/ST,-1.44,0.01
Xavier Hutchinson,WR,HOU,8,1,ACTIVE,4.35,0.0,0.1,-31.69,-1.37,-28.52,-118.6,-30.51,-8.46,-43.07,-6.02,-89.63,-34.23,-12.17,-22.17,-2.57,-2.96,-4.83,Browns D/ST,-1.37,0.017
Jalen Tolbert,WR,MIA,6,1,ACTIVE,4.22,0.0,0.11,-31.69,-1.37,-28.51,-118.59,-30.48,-8.45,-43.07,-6.02,-89.63,-34.23,-12.16,-22.17,-2.57,-2.95,-4.86,Browns D/ST,-1.37,0.017
DeMario Douglas,WR,NE,11,1,ACTIVE,3.91,0.0,0.03,-31.76,-1.45,-28.61,-118.67,-30.98,-8.53,-43.14,-6.09,-89.71,-34.3,-12.24,-22.25,-2.65,-3.03,-5.4,Browns D/ST,-1.45,0.009
Darius Slayton,WR,NYG,8,1,ACTIVE,3.88,0.0,0.1,-31.7,-1.38,-28.53,-118.61,-30.56,-8.47,-43.08,-6.03,-89.65,-34.24,-12.17,-22.18,-2.58,-2.96,-4.89,Browns D/ST,-1.38,0.016
Antonio Williams,WR,WSH,7,1,ACTIVE,3.81,0.0,0.1,-31.69,-1.38,-28.56,-118.6,-30.55,-8.46,-43.08,-6.03,-89.66,-34.23,-12.17,-22.18,-2.58,-2.96,-4.9,Browns D/ST,-1.38,0.016
Packers D/ST,D/ST,GB,11,0,ACTIVE,5.6,0.0,0.0,-31.79,-1.48,-28.84,-118.7,-31.18,-8.56,-43.18,-6.13,-89.96,-34.34,-12.27,-22.28,-2.68,-3.06,-5.6,Browns D/ST,-1.48,0.0
Chris Boswell,K,PIT,9,0,ACTIVE,8.4,8.4,8.4,-23.4,6.92,-20.44,-9.54,-22.78,-0.16,-34.78,2.27,-81.56,-25.94,-3.87,-13.88,5.72,5.34,2.8,Browns D/ST,6.92,0.0
Chase McLaughlin,K,TB,10,0,ACTIVE,8.36,8.4,8.36,-23.43,6.89,-20.47,-9.96,-22.81,-0.2,-34.81,2.24,-81.6,-25.97,-3.91,-13.92,5.69,5.31,2.76,Browns D/ST,6.89,0.0
Emmett Johnson,RB,KC,5,1,ACTIVE,2.92,0.0,0.02,-31.72,-1.46,-28.81,-118.68,-31.15,-8.44,-43.16,-6.05,-89.94,-34.23,-12.15,-22.25,-2.66,-3.04,-5.58,Browns D/ST,-1.46,0.007
Isaiah Davis,RB,NYJ,13,1,ACTIVE,2.62,0.0,0.01,-31.73,-1.47,-28.83,-118.69,-31.17,-8.52,-43.17,-6.07,-89.95,-34.3,-12.23,-22.27,-2.67,-3.05,-5.59,Browns D/ST,-1.47,0.004
Jacob Saylors,RB,DET,6,1,ACTIVE,2.69,0.0,0.02,-31.72,-1.46,-28.82,-118.68,-31.16,-8.45,-43.16,-6.07,-89.94,-34.24,-12.17,-22.26,-2.66,-3.04,-5.58,Browns D/ST,-1.46,0.006
LeQuint Allen Jr.,RB,JAX,7,1,QUESTIONABLE,1.98,0.0,0.01,-31.74,-1.46,-28.82,-118.69,-31.16,-8.47,-43.16,-6.08,-89.95,-34.27,-12.2,-22.26,-2.66,-3.05,-5.59,Browns D/ST,-1.46,0.004
George Holani,RB,SEA,11,1,ACTIVE,2.2,0.0,0.02,-31.74,-1.46,-28.82,-118.69,-31.16,-8.47,-43.16,-6.07,-89.95,-34.26,-12.19,-22.26,-2.66,-3.04,-5.59,Browns D/ST,-1.46,0.005
Tyrone Tracy Jr.,RB,NYG,8,1,QUESTIONABLE,2.06,0.0,0.01,-31.74,-1.47,-28.83,-118.69,-31.16,-8.48,-43.17,-6.08,-89.95,-34.27,-12.19,-22.26,-2.67,-3.05,-5.59,Browns D/ST,-1.47,0.004
Sean Tucker,RB,TB,10,1,ACTIVE,2.11,0.0,0.01,-31.75,-1.47,-28.83,-118.69,-31.17,-8.47,-43.17,-6.09,-89.95,-34.27,-12.2,-22.27,-2.67,-3.05,-5.59,Browns D/ST,-1.47,0.003
Seth McGowan,RB,IND,13,1,ACTIVE,1.89,0.0,0.01,-31.75,-1.47,-28.83,-118.7,-31.17,-8.53,-43.17,-6.09,-89.96,-34.31,-12.23,-22.27,-2.67,-3.05,-5.6,Browns D/ST,-1.47,0.003
Jordan James,RB,SF,8,1,ACTIVE,1.59,0.0,0.01,-31.75,-1.47,-28.82,-118.69,-31.16,-8.5,-43.16,-6.08,-89.95,-34.28,-12.21,-22.26,-2.67,-3.05,-5.59,Browns D/ST,-1.47,0.004
Will Shipley,RB,PHI,10,1,ACTIVE,1.33,0.0,0.01,-31.76,-1.47,-28.83,-118.69,-31.17,-8.51,-43.17,-6.1,-89.95,-34.29,-12.22,-22.27,-2.67,-3.05,-5.59,Browns D/ST,-1.47,0.003
Emanuel Wilson,RB,SEA,11,1,ACTIVE,0.54,0.0,0.0,-31.78,-1.48,-28.83,-118.7,-31.17,-8.54,-43.18,-6.12,-89.96,-34.32,-12.25,-22.28,-2.68,-3.06,-5.6,Browns D/ST,-1.48,0.001
Emari Demercado,RB,DAL,14,1,ACTIVE,1.33,0.0,0.01,-31.76,-1.47,-28.83,-118.69,-31.17,-8.5,-43.17,-6.1,-89.95,-34.29,-12.21,-22.27,-2.67,-3.05,-5.59,Browns D/ST,-1.47,0.003
Tyquan Thornton,WR,KC,5,1,ACTIVE,3.85,0.0,0.09,-31.7,-1.39,-28.62,-118.61,-30.61,-8.47,-43.09,-6.04,-89.73,-34.25,-12.18,-22.19,-2.59,-2.97,-4.91,Browns D/ST,-1.39,0.015
Keon Coleman,WR,BUF,7,1,ACTIVE,3.72,0.0,0.1,-31.7,-1.38,-28.55,-118.6,-30.59,-8.47,-43.08,-6.03,-89.67,-34.24,-12.17,-22.18,-2.58,-2.96,-4.94,Browns D/ST,-1.38,0.015
Saints D/ST,D/ST,NO,8,0,ACTIVE,5.56,5.6,0.0,-31.79,-1.48,-28.84,-118.7,-31.18,-8.56,-43.18,-6.13,-89.96,-34.34,-12.27,-22.28,-2.68,-3.06,-5.6,Browns D/ST,-1.48,0.0
Evan McPherson,K,CIN,6,0,ACTIVE,8.34,8.3,8.34,-23.45,6.86,-20.49,-10.23,-22.83,-0.22,-34.84,2.22,-81.62,-25.99,-3.93,-13.94,5.66,5.28,2.74,Browns D/ST,6.86,0.0
Nick Folk,K,ATL,11,0,ACTIVE,8.31,8.3,8.31,-23.48,6.83,-20.53,-10.67,-22.87,-0.25,-34.87,2.18,-81.65,-26.03,-3.96,-13.97,5.63,5.25,2.71,Browns D/ST,6.83,0.0
Darren Waller,TE,CAR,5,1,ACTIVE,5.47,5.5,0.0,-31.79,-1.48,-28.84,-118.7,-31.18,-8.56,-43.18,-6.12,-89.96,-34.34,-12.27,-22.27,-2.68,-3.06,-5.6,Browns D/ST,-1.48,0.0
Greg Dulcich,TE,MIA,6,1,ACTIVE,5.48,0.0,0.0,-31.79,-1.48,-28.84,-118.7,-31.18,-8.56,-43.18,-6.13,-89.96,-34.34,-12.27,-22.27,-2.68,-3.06,-5.6,Browns D/ST,-1.48,0.0
Cade Otton,TE,TB,10,1,ACTIVE,4.69,4.7,0.0,-31.79,-1.48,-28.84,-118.7,-31.18,-8.56,-43.18,-6.13,-89.96,-34.34,-12.27,-22.28,-2.68,-3.06,-5.6,Browns D/ST,-1.48,0.0
Isaac TeSlaa,WR,DET,6,1,ACTIVE,3.59,0.0,0.09,-31.71,-1.39,-28.56,-118.62,-30.59,-8.48,-43.09,-6.04,-89.69,-34.25,-12.18,-22.19,-2.59,-2.97,-4.97,Browns D/ST,-1.39,0.014
Pat Bryant,WR,DEN,10,1,ACTIVE,3.44,0.0,0.09,-31.71,-1.39,-28.58,-118.61,-30.61,-8.47,-43.09,-6.04,-89.69,-34.25,-12.18,-22.19,-2.59,-2.97,-4.98,Browns D/ST,-1.39,0.014
Marvin Mims Jr.,WR,DEN,10,1,QUESTIONABLE,3.41,0.0,0.08,-31.72,-1.4,-28.58,-118.62,-30.64,-8.48,-43.1,-6.05,-89.72,-34.26,-12.19,-22.2,-2.6,-2.98,-5.0,Browns D/ST,-1.4,0.013
Andrei Iosivas,WR,CIN,6,1,ACTIVE,3.27,0.0,0.08,-31.71,-1.4,-28.58,-118.62,-30.64,-8.48,-43.1,-6.05,-89.7,-34.26,-12.19,-22.19,-2.6,-2.98,-5.0,Browns D/ST,-1.4,0.013
Kaleb Johnson,RB,GB,11,1,ACTIVE,0.42,0.0,0.0,-31.78,-1.48,-28.84,-118.7,-31.17,-8.55,-43.18,-6.12,-89.96,-34.32,-12.26,-22.28,-2.68,-3.06,-5.6,Browns D/ST,-1.48,0.001
Nicholas Singleton,RB,TEN,9,1,ACTIVE,1.04,0.0,0.01,-31.77,-1.47,-28.83,-118.69,-31.17,-8.52,-43.17,-6.1,-89.95,-34.3,-12.23,-22.27,-2.67,-3.05,-5.59,Browns D/ST,-1.47,0.002
Geno Smith,QB,NYJ,13,1,ACTIVE,16.11,0.0,0.0,-31.79,-1.48,-28.84,-118.7,-31.18,-8.56,-43.18,-6.13,-89.96,-34.34,-12.27,-22.28,-2.68,-3.06,-5.6,Browns D/ST,-1.48,0.0
Fernando Mendoza,QB,LV,13,1,ACTIVE,12.68,0.0,0.0,-31.79,-1.48,-28.84,-118.7,-31.18,-8.56,-43.18,-6.13,-89.96,-34.34,-12.27,-22.28,-2.68,-3.06,-5.6,Browns D/ST,-1.48,0.0
Aaron Rodgers,QB,PIT,9,1,ACTIVE,15.23,0.0,0.0,-31.79,-1.48,-28.84,-118.7,-31.18,-8.56,-43.18,-6.13,-89.96,-34.34,-12.27,-22.28,-2.68,-3.06,-5.6,Browns D/ST,-1.48,0.0
Deshaun Watson,QB,CLE,11,1,ACTIVE,5.22,0.0,0.0,-31.79,-1.48,-28.84,-118.7,-31.18,-8.56,-43.18,-6.13,-89.96,-34.34,-12.27,-22.28,-2.68,-3.06,-5.6,Browns D/ST,-1.48,0.0
Kevin Coleman Jr.,WR,MIA,6,1,ACTIVE,3.14,0.0,0.06,-31.73,-1.41,-28.61,-118.64,-30.68,-8.5,-43.11,-6.06,-89.73,-34.27,-12.21,-22.21,-2.61,-2.99,-5.08,Browns D/ST,-1.41,0.012
KaVontae Turpin,WR,DAL,14,1,ACTIVE,3.38,0.0,0.08,-31.72,-1.4,-28.63,-118.62,-30.62,-8.48,-43.1,-6.05,-89.75,-34.26,-12.19,-22.2,-2.6,-2.98,-5.03,Browns D/ST,-1.4,0.013
Jack Bech,WR,LV,13,1,ACTIVE,3.06,0.0,0.08,-31.71,-1.4,-28.6,-118.62,-30.68,-8.48,-43.1,-6.05,-89.71,-34.26,-12.19,-22.2,-2.6,-2.98,-5.05,Browns D/ST,-1.4,0.013
Tory Horton,WR,SEA,11,1,QUESTIONABLE,3.22,0.0,0.03,-31.77,-1.45,-28.64,-118.67,-31.01,-8.53,-43.15,-6.1,-89.76,-34.31,-12.24,-22.25,-2.65,-3.03,-5.43,Browns D/ST,-1.45,0.008
Kendre Miller,RB,NO,8,1,ACTIVE,1.01,0.0,0.01,-31.77,-1.47,-28.83,-118.69,-31.17,-8.52,-43.17,-6.1,-89.95,-34.3,-12.23,-22.27,-2.67,-3.05,-5.59,Browns D/ST,-1.47,0.002
Tahj Brooks,RB,CIN,6,1,ACTIVE,1.08,0.0,0.01,-31.76,-1.47,-28.83,-118.69,-31.17,-8.51,-43.17,-6.1,-89.95,-34.3,-12.23,-22.27,-2.67,-3.05,-5.59,Browns D/ST,-1.47,0.002
Demond Claiborne,RB,MIN,6,1,ACTIVE,0.86,0.0,0.01,-31.77,-1.47,-28.83,-118.7,-31.17,-8.53,-43.17,-6.11,-89.96,-34.31,-12.24,-22.27,-2.67,-3.05,-5.6,Browns D/ST,-1.47,0.002
Rasheen Ali,RB,BAL,13,1,ACTIVE,0.87,0.0,0.0,-31.77,-1.47,-28.83,-118.7,-31.17,-8.55,-43.17,-6.11,-89.96,-34.32,-12.25,-22.27,-2.68,-3.06,-5.6,Browns D/ST,-1.47,0.002
Kaytron Allen,RB,WSH,7,1,ACTIVE,0.8,0.0,0.01,-31.77,-1.47,-28.83,-118.7,-31.17,-8.53,-43.17,-6.11,-89.96,-34.31,-12.24,-22.27,-2.67,-3.05,-5.6,Browns D/ST,-1.47,0.002
DJ Giddens,RB,IND,13,1,ACTIVE,0.79,0.0,0.0,-31.78,-1.48,-28.84,-118.7,-31.17,-8.55,-43.18,-6.11,-89.96,-34.32,-12.26,-22.28,-2.68,-3.06,-5.6,Browns D/ST,-1.48,0.001
Sione Vaki,RB,DET,6,0,ACTIVE,0.38,0.0,0.0,-31.78,-1.48,-28.84,-118.7,-31.17,-8.55,-43.18,-6.12,-89.96,-34.32,-12.26,-22.28,-2.68,-3.06,-5.6,Browns D/ST,-1.48,0.001
Kene Nwangwu,RB,NYJ,13,1,QUESTIONABLE,0.13,0.0,0.0,-31.79,-1.48,-28.84,-118.7,-31.18,-8.56,-43.18,-6.13,-89.96,-34.33,-12.27,-22.28,-2.68,-3.06,-5.6,Browns D/ST,-1.48,0.0
Ted Hurst III,WR,TB,10,1,ACTIVE,3.15,0.0,0.09,-31.71,-1.39,-28.59,-118.62,-30.66,-8.48,-43.09,-6.04,-89.71,-34.25,-12.18,-22.19,-2.59,-2.97,-5.02,Browns D/ST,-1.39,0.013
Jets D/ST,D/ST,NYJ,13,0,ACTIVE,5.54,5.5,0.0,-31.79,-1.48,-28.84,-118.7,-31.18,-8.56,-43.18,-6.13,-89.96,-34.34,-12.27,-22.28,-2.68,-3.06,-5.6,Browns D/ST,-1.48,0.0
49ers D/ST,D/ST,SF,8,0,ACTIVE,4.91,4.9,0.0,-31.79,-1.48,-28.84,-118.7,-31.18,-8.56,-43.18,-6.13,-89.96,-34.34,-12.27,-22.28,-2.68,-3.06,-5.6,Browns D/ST,-1.48,0.0
Trey Smack,K,GB,11,0,ACTIVE,8.49,8.5,8.49,-23.31,7.01,-20.35,-8.37,-22.69,-0.07,-34.69,2.36,-81.47,-25.85,-3.78,-13.79,5.81,5.43,2.89,Browns D/ST,7.01,0.0
Spencer Shrader,K,IND,13,0,ACTIVE,8.21,8.2,8.21,-23.58,6.73,-20.63,-11.98,-22.97,-0.35,-34.97,2.08,-81.75,-26.13,-4.06,-14.07,5.53,5.15,2.61,Browns D/ST,6.73,0.0
David Njoku,TE,LAC,7,1,ACTIVE,4.96,5.0,0.0,-31.79,-1.48,-28.84,-118.7,-31.18,-8.56,-43.18,-6.13,-89.96,-34.34,-12.27,-22.27,-2.68,-3.06,-5.6,Browns D/ST,-1.48,0.0
Evan Engram,TE,DEN,10,1,ACTIVE,4.87,4.9,0.0,-31.79,-1.48,-28.84,-118.7,-31.18,-8.56,-43.18,-6.13,-89.96,-34.34,-12.27,-22.27,-2.68,-3.06,-5.6,Browns D/ST,-1.48,0.0
Oronde Gadsden,TE,LAC,7,1,ACTIVE,3.65,3.7,0.0,-31.79,-1.48,-28.84,-118.7,-31.18,-8.56,-43.18,-6.13,-89.96,-34.34,-12.27,-22.28,-2.68,-3.06,-5.6,Browns D/ST,-1.48,0.0
Mike Gesicki,TE,CIN,6,1,ACTIVE,4.61,0.0,0.0,-31.79,-1.48,-28.84,-118.7,-31.18,-8.56,-43.18,-6.13,-89.96,-34.34,-12.27,-22.27,-2.68,-3.06,-5.6,Browns D/ST,-1.48,0.0
Colby Parkinson,TE,LAR,11,1,ACTIVE,3.61,3.6,0.0,-31.79,-1.48,-28.84,-118.7,-31.18,-8.56,-43.18,-6.13,-89.96,-34.34,-12.27,-22.28,-2.68,-3.06,-5.6,Browns D/ST,-1.48,0.0
Darnell Mooney,WR,NYG,8,1,ACTIVE,3.11,0.0,0.08,-31.71,-1.4,-28.59,-118.62,-30.67,-8.48,-43.1,-6.05,-89.71,-34.25,-12.19,-22.19,-2.6,-2.98,-5.03,Browns D/ST,-1.4,0.013
Mack Hollins,WR,NE,11,1,ACTIVE,2.7,0.0,0.02,-31.77,-1.46,-28.66,-118.68,-31.05,-8.54,-43.16,-6.11,-89.79,-34.31,-12.25,-22.26,-2.66,-3.04,-5.45,Browns D/ST,-1.46,0.006
Tua Tagovailoa,QB,ATL,11,1,QUESTIONABLE,8.0,0.0,0.0,-31.79,-1.48,-28.84,-118.7,-31.18,-8.56,-43.18,-6.13,-89.96,-34.34,-12.27,-22.28,-2.68,-3.06,-5.6,Browns D/ST,-1.48,0.0
Cowboys D/ST,D/ST,DAL,14,0,ACTIVE,4.64,4.6,0.0,-31.79,-1.48,-28.84,-118.7,-31.18,-8.56,-43.18,-6.13,-89.96,-34.34,-12.27,-22.28,-2.68,-3.06,-5.6,Browns D/ST,-1.48,0.0
Colts D/ST,D/ST,IND,13,0,ACTIVE,4.95,5.0,0.0,-31.79,-1.48,-28.84,-118.7,-31.18,-8.56,-43.18,-6.13,-89.96,-34.34,-12.27,-22.28,-2.68,-3.06,-5.6,Browns D/ST,-1.48,0.0
Bengals D/ST,D/ST,CIN,6,0,ACTIVE,5.04,5.0,0.0,-31.79,-1.48,-28.84,-118.7,-31.18,-8.56,-43.18,-6.13,-89.96,-34.34,-12.27,-22.28,-2.68,-3.06,-5.6,Browns D/ST,-1.48,0.0
Shedeur Sanders,QB,CLE,11,1,ACTIVE,9.57,0.0,0.0,-31.79,-1.48,-28.84,-118.7,-31.18,-8.56,-43.18,-6.13,-89.96,-34.34,-12.27,-22.28,-2.68,-3.06,-5.6,Browns D/ST,-1.48,0.0
Kirk Cousins,QB,LV,13,1,ACTIVE,3.17,0.0,0.0,-31.79,-1.48,-28.84,-118.7,-31.18,-8.56,-43.18,-6.13,-89.96,-34.34,-12.27,-22.28,-2.68,-3.06,-5.6,Browns D/ST,-1.48,0.0
Bam Knight,RB,ARI,14,1,ACTIVE,0.05,0.0,0.0,-31.79,-1.48,-28.84,-118.7,-31.18,-8.56,-43.18,-6.13,-89.96,-34.33,-12.27,-22.28,-2.68,-3.06,-5.6,Browns D/ST,-1.48,0.0
Dylan Laube,RB,LV,13,1,ACTIVE,0.04,0.0,0.0,-31.79,-1.48,-28.84,-118.7,-31.18,-8.56,-43.18,-6.13,-89.96,-34.34,-12.27,-22.28,-2.68,-3.06,-5.6,Browns D/ST,-1.48,0.0
Tyler Badie,RB,DEN,10,1,ACTIVE,0.02,0.0,0.0,-31.79,-1.48,-28.84,-118.7,-31.18,-8.56,-43.18,-6.13,-89.96,-34.34,-12.27,-22.28,-2.68,-3.06,-5.6,Browns D/ST,-1.48,0.0
Ameer Abdullah,RB,JAX,7,0,ACTIVE,0.07,0.0,0.0,-31.79,-1.48,-28.84,-118.7,-31.18,-8.56,-43.18,-6.13,-89.96,-34.33,-12.27,-22.28,-2.68,-3.06,-5.6,Browns D/ST,-1.48,0.0
Michael Penix Jr.,QB,ATL,11,1,QUESTIONABLE,7.75,0.0,0.0,-31.79,-1.48,-28.84,-118.7,-31.18,-8.56,-43.18,-6.13,-89.96,-34.34,-12.27,-22.28,-2.68,-3.06,-5.6,Browns D/ST,-1.48,0.0
Jake Tonges,TE,SF,8,1,INJURY_RESERVE,0.95,1.0,0.0,-31.79,-1.48,-28.84,-118.7,-31.18,-8.56,-43.18,-6.13,-89.96,-34.34,-12.27,-22.28,-2.68,-3.06,-5.6,Browns D/ST,-1.48,0.0
Dawson Knox,TE,BUF,7,1,ACTIVE,3.28,3.3,0.0,-31.79,-1.48,-28.84,-118.7,-31.18,-8.56,-43.18,-6.13,-89.96,-34.34,-12.27,-22.28,-2.68,-3.06,-5.6,Browns D/ST,-1.48,0.0
Erick All Jr.,TE,CIN,6,1,ACTIVE,3.26,0.0,0.0,-31.79,-1.48,-28.84,-118.7,-31.18,-8.56,-43.18,-6.13,-89.96,-34.34,-12.27,-22.28,-2.68,-3.06,-5.6,Browns D/ST,-1.48,0.0
J.J. McCarthy,QB,MIN,6,1,ACTIVE,0.71,0.0,0.0,-31.79,-1.48,-28.84,-118.7,-31.18,-8.56,-43.18,-6.13,-89.96,-34.34,-12.27,-22.28,-2.68,-3.06,-5.6,Browns D/ST,-1.48,0.0
Carson Beck,QB,ARI,14,1,ACTIVE,2.02,0.0,0.0,-31.79,-1.48,-28.84,-118.7,-31.18,-8.56,-43.18,-6.13,-89.96,-34.34,-12.27,-22.28,-2.68,-3.06,-5.6,Browns D/ST,-1.48,0.0
Justin Fields,QB,KC,5,1,ACTIVE,0.73,0.0,0.0,-31.79,-1.48,-28.84,-118.7,-31.18,-8.56,-43.18,-6.13,-89.96,-34.34,-12.27,-22.28,-2.68,-3.06,-5.6,Browns D/ST,-1.48,0.0
Joe Flacco,QB,CIN,6,1,ACTIVE,0.76,0.0,0.0,-31.79,-1.48,-28.84,-118.7,-31.18,-8.56,-43.18,-6.13,-89.96,-34.34,-12.27,-22.28,-2.68,-3.06,-5.6,Browns D/ST,-1.48,0.0
Mac Jones,QB,SF,8,1,ACTIVE,0.62,0.0,0.0,-31.79,-1.48,-28.84,-118.7,-31.18,-8.56,-43.18,-6.13,-89.96,-34.34,-12.27,-22.28,-2.68,-3.06,-5.6,Browns D/ST,-1.48,0.0
Riley Nowakowski,RB,PIT,9,1,ACTIVE,0.35,0.0,0.0,-31.79,-1.48,-28.84,-118.7,-31.17,-8.55,-43.18,-6.12,-89.96,-34.32,-12.26,-22.28,-2.68,-3.06,-5.6,Browns D/ST,-1.48,0.001
Darnell Washington,TE,PIT,9,1,ACTIVE,3.35,3.3,0.0,-31.79,-1.48,-28.84,-118.7,-31.18,-8.56,-43.18,-6.13,-89.96,-34.34,-12.27,-22.28,-2.68,-3.06,-5.6,Browns D/ST,-1.48,0.0
Elijah Arroyo,TE,SEA,11,1,ACTIVE,2.86,2.9,0.0,-31.79,-1.48,-28.84,-118.7,-31.18,-8.56,-43.18,-6.13,-89.96,-34.34,-12.27,-22.28,-2.68,-3.06,-5.6,Browns D/ST,-1.48,0.0
Mason Taylor,TE,NYJ,13,1,ACTIVE,3.15,3.2,0.0,-31.79,-1.48,-28.84,-118.7,-31.18,-8.56,-43.18,-6.13,-89.96,-34.34,-12.27,-22.28,-2.68,-3.06,-5.6,Browns D/ST,-1.48,0.0
Theo Johnson,TE,NYG,8,1,ACTIVE,2.88,2.9,0.0,-31.79,-1.48,-28.84,-118.7,-31.18,-8.56,-43.18,-6.13,-89.96,-34.34,-12.27,-22.28,-2.68,-3.06,-5.6,Browns D/ST,-1.48,0.0
Cole Kmet,TE,CHI,10,1,ACTIVE,2.52,2.5,0.0,-31.79,-1.48,-28.84,-118.7,-31.18,-8.56,-43.18,-6.13,-89.96,-34.34,-12.27,-22.28,-2.68,-3.06,-5.6,Browns D/ST,-1.48,0.0
Ja'Tavion Sanders,TE,CAR,5,1,ACTIVE,1.91,1.9,0.0,-31.79,-1.48,-28.84,-118.7,-31.18,-8.56,-43.18,-6.13,-89.96,-34.34,-12.27,-22.28,-2.68,-3.06,-5.6,Browns D/ST,-1.48,0.0
Noah Gray,TE,KC,5,1,ACTIVE,2.8,2.8,0.0,-31.79,-1.48,-28.84,-118.7,-31.18,-8.56,-43.18,-6.13,-89.96,-34.34,-12.27,-22.28,-2.68,-3.06,-5.6,Browns D/ST,-1.48,0.0
Eli Stowers,TE,PHI,10,1,INJURY_RESERVE,1.39,1.4,0.0,-31.79,-1.48,-28.84,-118.7,-31.18,-8.56,-43.18,-6.13,-89.96,-34.34,-12.27,-22.28,-2.68,-3.06,-5.6,Browns D/ST,-1.48,0.0
Tyler Higbee,TE,LAR,11,1,ACTIVE,1.79,1.8,0.0,-31.79,-1.48,-28.84,-118.7,-31.18,-8.56,-43.18,-6.13,-89.96,-34.34,-12.27,-22.28,-2.68,-3.06,-5.6,Browns D/ST,-1.48,0.0
Max Klare,TE,LAR,11,1,ACTIVE,0.47,0.5,0.0,-31.79,-1.48,-28.84,-118.7,-31.18,-8.56,-43.18,-6.13,-89.96,-34.34,-12.27,-22.28,-2.68,-3.06,-5.6,Browns D/ST,-1.48,0.0
Drew Sample,TE,CIN,6,1,ACTIVE,2.22,0.0,0.0,-31.79,-1.48,-28.84,-118.7,-31.18,-8.56,-43.18,-6.13,-89.96,-34.34,-12.27,-22.28,-2.68,-3.06,-5.6,Browns D/ST,-1.48,0.0
Eli Raridon,TE,NE,11,1,ACTIVE,2.16,2.2,0.0,-31.79,-1.48,-28.84,-118.7,-31.18,-8.56,-43.18,-6.13,-89.96,-34.34,-12.27,-22.28,-2.68,-3.06,-5.6,Browns D/ST,-1.48,0.0
Ty Simpson,QB,LAR,11,1,ACTIVE,0.73,0.0,0.0,-31.79,-1.48,-28.84,-118.7,-31.18,-8.56,-43.18,-6.13,-89.96,-34.34,-12.27,-22.28,-2.68,-3.06,-5.6,Browns D/ST,-1.48,0.0
Jameis Winston,QB,NYG,8,1,ACTIVE,0.61,0.0,0.0,-31.79,-1.48,-28.84,-118.7,-31.18,-8.56,-43.18,-6.13,-89.96,-34.34,-12.27,-22.28,-2.68,-3.06,-5.6,Browns D/ST,-1.48,0.0
Jalon Daniels,QB,TB,10,0,ACTIVE,0.74,0.0,0.0,-31.79,-1.48,-28.84,-118.7,-31.18,-8.56,-43.18,-6.13,-89.96,-34.34,-12.27,-22.28,-2.68,-3.06,-5.6,Browns D/ST,-1.48,0.0
Jarrett Stidham,QB,DEN,10,1,ACTIVE,0.74,0.0,0.0,-31.79,-1.48,-28.84,-118.7,-31.18,-8.56,-43.18,-6.13,-89.96,-34.34,-12.27,-22.28,-2.68,-3.06,-5.6,Browns D/ST,-1.48,0.0
Tommy DeVito,QB,NE,11,1,ACTIVE,0.72,0.0,0.0,-31.79,-1.48,-28.84,-118.7,-31.18,-8.56,-43.18,-6.13,-89.96,-34.34,-12.27,-22.28,-2.68,-3.06,-5.6,Browns D/ST,-1.48,0.0
Marcus Mariota,QB,WSH,7,1,ACTIVE,0.71,0.0,0.0,-31.79,-1.48,-28.84,-118.7,-31.18,-8.56,-43.18,-6.13,-89.96,-34.34,-12.27,-22.28,-2.68,-3.06,-5.6,Browns D/ST,-1.48,0.0
Tyson Bagent,QB,CHI,10,1,ACTIVE,0.71,0.0,0.0,-31.79,-1.48,-28.84,-118.7,-31.18,-8.56,-43.18,-6.13,-89.96,-34.34,-12.27,-22.28,-2.68,-3.06,-5.6,Browns D/ST,-1.48,0.0
Sam Howell,QB,DAL,14,1,ACTIVE,0.67,0.0,0.0,-31.79,-1.48,-28.84,-118.7,-31.18,-8.56,-43.18,-6.13,-89.96,-34.34,-12.27,-22.28,-2.68,-3.06,-5.6,Browns D/ST,-1.48,0.0
Tanner McKee,QB,PHI,10,1,ACTIVE,0.66,0.0,0.0,-31.79,-1.48,-28.84,-118.7,-31.18,-8.56,-43.18,-6.13,-89.96,-34.34,-12.27,-22.28,-2.68,-3.06,-5.6,Browns D/ST,-1.48,0.0
Jake Elliott,K,PHI,10,0,ACTIVE,7.98,8.0,7.98,-23.81,6.5,-20.85,-14.92,-23.19,-0.58,-35.2,1.86,-81.98,-26.35,-4.29,-14.3,5.3,4.92,2.38,Browns D/ST,6.5,0.0
Daniel Carlson,K,NO,8,0,ACTIVE,8.11,0.0,0.0,-31.79,-1.48,-28.84,-13.3,-31.18,-8.56,-43.18,-6.13,-89.96,-34.34,-12.27,-22.28,-2.68,-3.06,-5.6,Browns D/ST,-1.48,0.0
Wil Lutz,K,DEN,10,0,ACTIVE,7.99,8.0,7.99,-23.81,6.51,-20.85,-14.87,-23.19,-0.58,-35.19,1.86,-81.98,-26.35,-4.28,-14.29,5.31,4.93,2.38,Browns D/ST,6.51,0.0
Dominic Zvada,K,NYG,8,0,ACTIVE,7.83,0.0,0.0,-31.79,-1.48,-28.84,-16.87,-31.18,-8.56,-43.18,-6.13,-89.96,-34.34,-12.27,-22.28,-2.68,-3.06,-5.6,Browns D/ST,-1.48,0.0
Drew Stevens,K,WSH,7,0,ACTIVE,7.86,7.9,7.86,-23.94,6.38,-20.98,-16.53,-23.32,-0.7,-35.32,1.73,-82.1,-26.48,-4.41,-14.42,5.18,4.8,2.26,Browns D/ST,6.38,0.0
Andy Borregales,K,NE,11,0,ACTIVE,7.61,7.6,7.61,-24.19,6.13,-21.23,-19.82,-23.57,-0.96,-35.57,1.48,-82.36,-26.73,-4.66,-14.67,4.93,4.55,2.0,Browns D/ST,6.13,0.0
Riley Patterson,K,MIA,6,0,ACTIVE,7.5,7.5,7.5,-24.29,6.03,-21.33,-21.15,-23.67,-1.06,-35.67,1.38,-82.46,-26.83,-4.77,-14.78,4.82,4.44,1.9,Browns D/ST,6.03,0.0
Matt Gay,K,LV,13,0,ACTIVE,7.36,7.4,7.36,-24.44,5.88,-21.48,-23.04,-23.82,-1.2,-35.82,1.23,-82.6,-26.98,-4.91,-14.92,4.68,4.3,1.76,Browns D/ST,5.88,0.0
Ryan Fitzgerald,K,CAR,5,0,ACTIVE,7.31,7.3,7.31,-24.49,5.83,-21.53,-23.69,-23.87,-1.25,-35.87,1.18,-82.65,-27.03,-4.96,-14.97,4.63,4.25,1.71,Browns D/ST,5.83,0.0
Joey Slye,K,TEN,9,0,ACTIVE,7.25,7.3,7.25,-24.54,5.77,-21.59,-24.43,-23.92,-1.31,-35.93,1.12,-82.71,-27.08,-5.02,-15.03,4.57,4.19,1.65,Browns D/ST,5.77,0.0
Chad Ryland,K,ARI,14,0,ACTIVE,7.15,7.1,7.15,-24.65,5.67,-21.69,-25.77,-24.03,-1.41,-36.03,1.02,-82.81,-27.19,-5.12,-15.13,4.47,4.09,1.55,Browns D/ST,5.67,0.0
Andre Szmyt,K,CLE,11,0,ACTIVE,7.15,7.2,7.15,-24.64,5.67,-21.69,-25.72,-24.02,-1.41,-36.03,1.02,-82.81,-27.18,-5.12,-15.13,4.47,4.09,1.55,Browns D/ST,5.67,0.0
Blake Grupe,K,NYJ,13,0,ACTIVE,7.05,7.1,7.05,-24.74,5.57,-21.79,-27.03,-24.12,-1.51,-36.13,0.92,-82.91,-27.28,-5.22,-15.23,4.37,3.99,1.45,Browns D/ST,5.57,0.0
Giants D/ST,D/ST,NYG,8,0,ACTIVE,4.57,4.6,0.0,-31.79,-1.48,-28.84,-118.7,-31.18,-8.56,-43.18,-6.13,-89.96,-34.34,-12.27,-22.28,-2.68,-3.06,-5.6,Browns D/ST,-1.48,0.0
Bears D/ST,D/ST,CHI,10,0,ACTIVE,4.73,4.7,0.0,-31.79,-1.48,-28.84,-118.7,-31.18,-8.56,-43.18,-6.13,-89.96,-34.34,-12.27,-22.28,-2.68,-3.06,-5.6,Browns D/ST,-1.48,0.0
Titans D/ST,D/ST,TEN,9,0,ACTIVE,4.43,4.4,0.0,-31.79,-1.48,-28.84,-118.7,-31.18,-8.56,-43.18,-6.13,-89.96,-34.34,-12.27,-22.28,-2.68,-3.06,-5.6,Browns D/ST,-1.48,0.0
Panthers D/ST,D/ST,CAR,5,0,ACTIVE,4.77,4.8,0.0,-31.79,-1.48,-28.84,-118.7,-31.18,-8.56,-43.18,-6.13,-89.96,-34.34,-12.27,-22.28,-2.68,-3.06,-5.6,Browns D/ST,-1.48,0.0
Commanders D/ST,D/ST,WSH,7,0,ACTIVE,4.17,4.2,0.0,-31.79,-1.48,-28.84,-118.7,-31.18,-8.56,-43.18,-6.13,-89.96,-34.34,-12.27,-22.28,-2.68,-3.06,-5.6,Browns D/ST,-1.48,0.0
Falcons D/ST,D/ST,ATL,11,0,ACTIVE,3.95,0.0,0.0,-31.79,-1.48,-28.84,-118.7,-31.18,-8.56,-43.18,-6.13,-89.96,-34.34,-12.27,-22.28,-2.68,-3.06,-5.6,Browns D/ST,-1.48,0.0
Bills D/ST,D/ST,BUF,7,0,ACTIVE,4.09,4.1,0.0,-31.79,-1.48,-28.84,-118.7,-31.18,-8.56,-43.18,-6.13,-89.96,-34.34,-12.27,-22.28,-2.68,-3.06,-5.6,Browns D/ST,-1.48,0.0
Raiders D/ST,D/ST,LV,13,0,ACTIVE,3.65,3.7,0.0,-31.79,-1.48,-28.84,-118.7,-31.18,-8.56,-43.18,-6.13,-89.96,-34.34,-12.27,-22.28,-2.68,-3.06,-5.6,Browns D/ST,-1.48,0.0
Cardinals D/ST,D/ST,ARI,14,0,ACTIVE,3.58,3.6,0.0,-31.79,-1.48,-28.84,-118.7,-31.18,-8.56,-43.18,-6.13,-89.96,-34.34,-12.27,-22.28,-2.68,-3.06,-5.6,Browns D/ST,-1.48,0.0
Dolphins D/ST,D/ST,MIA,6,0,ACTIVE,3.3,3.3,0.0,-31.79,-1.48,-28.84,-118.7,-31.18,-8.56,-43.18,-6.13,-89.96,-34.34,-12.27,-22.28,-2.68,-3.06,-5.6,Browns D/ST,-1.48,0.0
Malik Benson,WR,LV,13,1,ACTIVE,2.66,0.0,0.07,-31.73,-1.41,-28.64,-118.63,-30.77,-8.49,-43.11,-6.06,-89.75,-34.27,-12.2,-22.21,-2.61,-2.99,-5.13,Browns D/ST,-1.41,0.011
Cyrus Allen,WR,KC,5,1,ACTIVE,2.54,0.0,0.06,-31.74,-1.42,-28.69,-118.64,-30.82,-8.5,-43.12,-6.07,-89.8,-34.28,-12.21,-22.22,-2.62,-3.0,-5.15,Browns D/ST,-1.42,0.01
Kyle Williams,WR,NE,11,1,ACTIVE,2.52,0.0,0.02,-31.77,-1.46,-28.69,-118.68,-31.05,-8.54,-43.16,-6.11,-89.8,-34.32,-12.25,-22.26,-2.66,-3.04,-5.48,Browns D/ST,-1.46,0.006
Troy Franklin,WR,DEN,10,1,ACTIVE,2.48,0.0,0.06,-31.73,-1.42,-28.65,-118.64,-30.78,-8.5,-43.12,-6.07,-89.77,-34.27,-12.21,-22.21,-2.62,-3.0,-5.15,Browns D/ST,-1.42,0.01
Joshua Palmer,WR,BUF,7,1,ACTIVE,2.4,0.0,0.06,-31.74,-1.42,-28.66,-118.64,-30.8,-8.5,-43.12,-6.07,-89.77,-34.28,-12.21,-22.22,-2.62,-3.0,-5.16,Browns D/ST,-1.42,0.01
Kendrick Bourne,WR,ARI,14,1,ACTIVE,2.29,0.0,0.05,-31.74,-1.43,-28.71,-118.65,-30.81,-8.51,-43.13,-6.07,-89.81,-34.28,-12.22,-22.22,-2.63,-3.01,-5.22,Browns D/ST,-1.43,0.009
Kalif Raymond,WR,CHI,10,1,ACTIVE,2.26,0.0,0.06,-31.74,-1.42,-28.67,-118.64,-30.81,-8.5,-43.12,-6.07,-89.79,-34.28,-12.21,-22.22,-2.62,-3.0,-5.19,Browns D/ST,-1.42,0.009
Dyami Brown,WR,WSH,7,1,ACTIVE,2.29,0.0,0.06,-31.73,-1.42,-28.65,-118.64,-30.81,-8.5,-43.12,-6.07,-89.78,-34.28,-12.21,-22.22,-2.62,-3.0,-5.18,Browns D/ST,-1.42,0.009
Treylon Burks,WR,WSH,7,1,ACTIVE,2.2,0.0,0.06,-31.73,-1.42,-28.66,-118.64,-30.82,-8.5,-43.12,-6.07,-89.77,-34.27,-12.21,-22.22,-2.62,-3.0,-5.2,Browns D/ST,-1.42,0.009
Kyle Juszczyk,RB,SF,8,1,ACTIVE,2.03,0.0,0.01,-31.74,-1.46,-28.82,-118.69,-31.16,-8.47,-43.16,-6.07,-89.95,-34.27,-12.19,-22.26,-2.66,-3.04,-5.59,Browns D/ST,-1.46,0.004
Devontez Walker,WR,BAL,13,1,ACTIVE,2.16,0.0,0.05,-31.74,-1.43,-28.68,-118.65,-30.85,-8.51,-43.13,-6.08,-89.8,-34.28,-12.22,-22.23,-2.63,-3.01,-5.23,Browns D/ST,-1.43,0.009
Tommy Tremble,TE,CAR,5,1,ACTIVE,2.02,2.0,0.0,-31.79,-1.48,-28.84,-118.7,-31.18,-8.56,-43.18,-6.13,-89.96,-34.34,-12.27,-22.28,-2.68,-3.06,-5.6,Browns D/ST,-1.48,0.0
Austin Hooper,TE,ATL,11,1,ACTIVE,1.95,2.0,0.0,-31.79,-1.48,-28.84,-118.7,-31.18,-8.56,-43.18,-6.13,-89.96,-34.34,-12.27,-22.28,-2.68,-3.06,-5.6,Browns D/ST,-1.48,0.0
Bryce Lance,WR,NO,8,1,ACTIVE,2.04,0.0,0.06,-31.74,-1.42,-28.67,-118.65,-30.84,-8.51,-43.12,-6.07,-89.8,-34.28,-12.21,-22.22,-2.62,-3.0,-5.22,Browns D/ST,-1.42,0.009
Elijah Higgins,TE,ARI,14,1,ACTIVE,1.91,1.9,0.0,-31.79,-1.48,-28.84,-118.7,-31.18,-8.56,-43.18,-6.13,-89.96,-34.34,-12.27,-22.28,-2.68,-3.06,-5.6,Browns D/ST,-1.48,0.0
Savion Williams,WR,GB,11,1,INJURY_RESERVE,2.07,0.0,0.01,-31.78,-1.47,-28.7,-118.69,-31.08,-8.55,-43.16,-6.11,-89.84,-34.32,-12.26,-22.27,-2.67,-3.05,-5.5,Browns D/ST,-1.47,0.004
Jonnu Smith,TE,GB,11,0,ACTIVE,1.91,1.9,0.0,-31.79,-1.48,-28.84,-118.7,-31.18,-8.56,-43.18,-6.13,-89.96,-34.34,-12.27,-22.28,-2.68,-3.06,-5.6,Browns D/ST,-1.48,0.0
Will Kacmarek,TE,MIA,6,1,ACTIVE,1.81,0.0,0.0,-31.79,-1.48,-28.84,-118.7,-31.18,-8.56,-43.18,-6.13,-89.96,-34.34,-12.27,-22.28,-2.68,-3.06,-5.6,Browns D/ST,-1.48,0.0
Noah Fant,TE,NO,8,1,ACTIVE,1.79,1.8,0.0,-31.79,-1.48,-28.84,-118.7,-31.18,-8.56,-43.18,-6.13,-89.96,-34.34,-12.27,-22.28,-2.68,-3.06,-5.6,Browns D/ST,-1.48,0.0
Chimere Dike,WR,TEN,9,1,ACTIVE,2.02,0.0,0.05,-31.75,-1.43,-28.69,-118.65,-30.86,-8.51,-43.13,-6.08,-89.8,-34.29,-12.22,-22.23,-2.63,-3.01,-5.25,Browns D/ST,-1.43,0.008
Josh Oliver,TE,MIN,6,1,ACTIVE,1.78,0.0,0.0,-31.79,-1.48,-28.84,-118.7,-31.18,-8.56,-43.18,-6.13,-89.96,-34.34,-12.27,-22.28,-2.68,-3.06,-5.6,Browns D/ST,-1.48,0.0
Adam Trautman,TE,DEN,10,1,ACTIVE,1.8,1.8,0.0,-31.79,-1.48,-28.84,-118.7,-31.18,-8.56,-43.18,-6.13,-89.96,-34.34,-12.27,-22.28,-2.68,-3.06,-5.6,Browns D/ST,-1.48,0.0
Zavion Thomas,WR,CHI,10,1,ACTIVE,1.77,0.0,0.05,-31.75,-1.43,-28.7,-118.65,-30.89,-8.51,-43.13,-6.08,-89.82,-34.29,-12.22,-22.23,-2.63,-3.01,-5.29,Browns D/ST,-1.43,0.007
Charlie Kolar,TE,LAC,7,1,ACTIVE,1.7,1.7,0.0,-31.79,-1.48,-28.84,-118.7,-31.18,-8.56,-43.18,-6.13,-89.96,-34.34,-12.27,-22.28,-2.68,-3.06,-5.6,Browns D/ST,-1.48,0.0
Isaiah Bond,WR,CLE,11,1,ACTIVE,1.71,0.0,0.02,-31.78,-1.46,-28.73,-118.69,-31.08,-8.55,-43.16,-6.11,-89.85,-34.32,-12.25,-22.26,-2.66,-3.04,-5.52,Browns D/ST,-1.46,0.004
Cade Stover,TE,HOU,8,1,ACTIVE,1.58,1.6,0.0,-31.79,-1.48,-28.84,-118.7,-31.18,-8.56,-43.18,-6.13,-89.96,-34.34,-12.27,-22.28,-2.68,-3.06,-5.6,Browns D/ST,-1.48,0.0
John Bates,TE,WSH,7,1,ACTIVE,1.62,1.6,0.0,-31.79,-1.48,-28.84,-118.7,-31.18,-8.56,-43.18,-6.13,-89.96,-34.34,-12.27,-22.28,-2.68,-3.06,-5.6,Browns D/ST,-1.48,0.0
Hollywood Brown,WR,PHI,10,1,ACTIVE,1.64,0.0,0.04,-31.75,-1.44,-28.71,-118.66,-30.91,-8.52,-43.14,-6.09,-89.83,-34.29,-12.23,-22.24,-2.64,-3.02,-5.3,Browns D/ST,-1.44,0.007
Skyler Bell,WR,BUF,7,1,ACTIVE,1.65,0.0,0.05,-31.75,-1.43,-28.71,-118.66,-30.91,-8.52,-43.13,-6.08,-89.83,-34.29,-12.23,-22.23,-2.63,-3.01,-5.3,Browns D/ST,-1.43,0.007
Olamide Zaccheaus,WR,ATL,11,1,ACTIVE,1.48,0.0,0.01,-31.78,-1.47,-28.75,-118.69,-31.1,-8.55,-43.17,-6.12,-89.87,-34.33,-12.26,-22.27,-2.67,-3.05,-5.53,Browns D/ST,-1.47,0.003
Ashton Dulin,WR,IND,13,1,QUESTIONABLE,1.56,0.0,0.04,-31.75,-1.44,-28.72,-118.66,-30.94,-8.52,-43.14,-6.09,-89.84,-34.29,-12.23,-22.24,-2.64,-3.02,-5.32,Browns D/ST,-1.44,0.007
Isaiah Williams,WR,NYJ,13,1,ACTIVE,1.48,0.0,0.04,-31.76,-1.44,-28.73,-118.66,-30.95,-8.52,-43.14,-6.09,-89.85,-34.3,-12.23,-22.24,-2.64,-3.02,-5.33,Browns D/ST,-1.44,0.006
Tutu Atwell,WR,LAR,11,1,ACTIVE,1.53,0.0,0.01,-31.78,-1.47,-28.75,-118.69,-31.1,-8.55,-43.17,-6.12,-89.86,-34.32,-12.26,-22.27,-2.67,-3.05,-5.53,Browns D/ST,-1.47,0.004
Colbie Young,WR,CIN,6,1,ACTIVE,1.43,0.0,0.03,-31.76,-1.45,-28.73,-118.67,-30.94,-8.53,-43.15,-6.1,-89.86,-34.3,-12.24,-22.25,-2.65,-3.03,-5.36,Browns D/ST,-1.45,0.005
Roman Wilson,WR,PIT,9,1,ACTIVE,1.35,0.0,0.04,-31.76,-1.44,-28.73,-118.66,-30.97,-8.52,-43.14,-6.09,-89.86,-34.3,-12.23,-22.24,-2.64,-3.02,-5.35,Browns D/ST,-1.44,0.006
Jaylin Lane,WR,WSH,7,1,QUESTIONABLE,1.4,0.0,0.04,-31.76,-1.44,-28.73,-118.67,-30.95,-8.53,-43.14,-6.09,-89.85,-34.3,-12.23,-22.24,-2.64,-3.02,-5.34,Browns D/ST,-1.44,0.006
Luke Schoonmaker,TE,DAL,14,1,ACTIVE,1.29,1.3,0.0,-31.79,-1.48,-28.84,-118.7,-31.18,-8.56,-43.18,-6.13,-89.96,-34.34,-12.27,-22.28,-2.68,-3.06,-5.6,Browns D/ST,-1.48,0.0
Mo Alie-Cox,TE,IND,13,1,ACTIVE,1.31,1.3,0.0,-31.79,-1.48,-28.84,-118.7,-31.18,-8.56,-43.18,-6.13,-89.96,-34.34,-12.27,-22.28,-2.68,-3.06,-5.6,Browns D/ST,-1.48,0.0
Brenen Thompson,WR,LAC,7,1,ACTIVE,1.34,0.0,0.03,-31.76,-1.45,-28.74,-118.67,-30.97,-8.53,-43.15,-6.1,-89.85,-34.3,-12.24,-22.25,-2.65,-3.03,-5.36,Browns D/ST,-1.45,0.005
Jackson Hawes,TE,BUF,7,1,ACTIVE,1.29,1.3,0.0,-31.79,-1.48,-28.84,-118.7,-31.18,-8.56,-43.18,-6.13,-89.96,-34.34,-12.27,-22.28,-2.68,-3.06,-5.6,Browns D/ST,-1.48,0.0
Daniel Bellinger,TE,TEN,9,1,ACTIVE,1.2,1.2,0.0,-31.79,-1.48,-28.84,-118.7,-31.18,-8.56,-43.18,-6.13,-89.96,-34.34,-12.27,-22.28,-2.68,-3.06,-5.6,Browns D/ST,-1.48,0.0
Ben Sinnott,TE,WSH,7,1,ACTIVE,1.24,1.2,0.0,-31.79,-1.48,-28.84,-118.7,-31.18,-8.56,-43.18,-6.13,-89.96,-34.34,-12.27,-22.28,-2.68,-3.06,-5.6,Browns D/ST,-1.48,0.0
Jeremy Ruckert,TE,NYJ,13,1,ACTIVE,1.13,1.1,0.0,-31.79,-1.48,-28.84,-118.7,-31.18,-8.56,-43.18,-6.13,-89.96,-34.34,-12.27,-22.28,-2.68,-3.06,-5.6,Browns D/ST,-1.48,0.0
Elijah Sarratt,WR,BAL,13,1,ACTIVE,1.23,0.0,0.03,-31.76,-1.45,-28.74,-118.67,-30.97,-8.53,-43.15,-6.1,-89.87,-34.3,-12.24,-22.25,-2.65,-3.03,-5.39,Browns D/ST,-1.45,0.005
Hunter Luepke,RB,DAL,14,1,ACTIVE,1.22,0.0,0.01,-31.76,-1.47,-28.83,-118.69,-31.17,-8.51,-43.17,-6.1,-89.95,-34.29,-12.22,-22.27,-2.67,-3.05,-5.59,Browns D/ST,-1.47,0.003
Odell Beckham Jr.,WR,NYG,8,1,ACTIVE,1.14,0.0,0.03,-31.76,-1.45,-28.75,-118.67,-30.99,-8.53,-43.15,-6.1,-89.87,-34.31,-12.24,-22.25,-2.65,-3.03,-5.4,Browns D/ST,-1.45,0.005
Elic Ayomanor,WR,TEN,9,1,ACTIVE,1.15,0.0,0.03,-31.76,-1.45,-28.75,-118.67,-31.0,-8.53,-43.15,-6.1,-89.86,-34.31,-12.24,-22.25,-2.65,-3.03,-5.39,Browns D/ST,-1.45,0.005
Durham Smythe,TE,BAL,13,1,ACTIVE,1.1,1.1,0.0,-31.79,-1.48,-28.84,-118.7,-31.18,-8.56,-43.18,-6.13,-89.96,-34.34,-12.27,-22.28,-2.68,-3.06,-5.6,Browns D/ST,-1.48,0.0
Jordan Whittington,WR,LAR,11,1,ACTIVE,1.06,0.0,0.01,-31.79,-1.47,-28.78,-118.69,-31.12,-8.55,-43.17,-6.12,-89.89,-34.33,-12.26,-22.27,-2.67,-3.05,-5.55,Browns D/ST,-1.47,0.002
Tez Johnson,WR,TB,10,1,ACTIVE,1.07,0.0,0.03,-31.77,-1.45,-28.76,-118.67,-31.0,-8.53,-43.15,-6.1,-89.87,-34.31,-12.24,-22.25,-2.65,-3.03,-5.41,Browns D/ST,-1.45,0.004
Jimmy Horn Jr.,WR,CAR,5,1,ACTIVE,1.05,0.0,0.03,-31.77,-1.45,-28.77,-118.67,-31.03,-8.53,-43.15,-6.1,-89.9,-34.31,-12.24,-22.25,-2.65,-3.03,-5.4,Browns D/ST,-1.45,0.004
Barion Brown,WR,NO,8,1,ACTIVE,1.01,0.0,0.02,-31.77,-1.45,-28.76,-118.68,-31.01,-8.54,-43.15,-6.1,-89.88,-34.31,-12.25,-22.25,-2.65,-3.03,-5.42,Browns D/ST,-1.45,0.004
Davis Allen,TE,LAR,11,0,ACTIVE,0.92,0.9,0.0,-31.79,-1.48,-28.84,-118.7,-31.18,-8.56,-43.18,-6.13,-89.96,-34.34,-12.27,-22.28,-2.68,-3.06,-5.6,Browns D/ST,-1.48,0.0
Konata Mumpfield,WR,LAR,11,1,ACTIVE,0.95,0.0,0.01,-31.79,-1.47,-28.78,-118.69,-31.13,-8.55,-43.17,-6.12,-89.91,-34.33,-12.26,-22.27,-2.67,-3.05,-5.55,Browns D/ST,-1.47,0.002
Foster Moreau,TE,HOU,8,1,ACTIVE,0.89,0.9,0.0,-31.79,-1.48,-28.84,-118.7,-31.18,-8.56,-43.18,-6.13,-89.96,-34.34,-12.27,-22.28,-2.68,-3.06,-5.6,Browns D/ST,-1.48,0.0
Demarcus Robinson,WR,SF,8,1,ACTIVE,0.92,0.0,0.02,-31.77,-1.46,-28.77,-118.68,-31.03,-8.54,-43.16,-6.1,-89.89,-34.31,-12.25,-22.26,-2.66,-3.04,-5.43,Browns D/ST,-1.46,0.004
Nate Adkins,TE,DEN,10,0,ACTIVE,0.87,0.9,0.0,-31.79,-1.48,-28.84,-118.7,-31.18,-8.56,-43.18,-6.13,-89.96,-34.34,-12.27,-22.28,-2.68,-3.06,-5.6,Browns D/ST,-1.48,0.0
Brock Wright,TE,DET,6,1,ACTIVE,0.87,0.0,0.0,-31.79,-1.48,-28.84,-118.7,-31.18,-8.56,-43.18,-6.13,-89.96,-34.34,-12.27,-22.28,-2.68,-3.06,-5.6,Browns D/ST,-1.48,0.0
Nate Boerkircher,TE,JAX,7,1,ACTIVE,0.86,0.9,0.0,-31.79,-1.48,-28.84,-118.7,-31.18,-8.56,-43.18,-6.13,-89.96,-34.34,-12.27,-22.28,-2.68,-3.06,-5.6,Browns D/ST,-1.48,0.0
Luke McCaffrey,WR,WSH,7,1,ACTIVE,0.89,0.0,0.02,-31.77,-1.46,-28.77,-118.68,-31.04,-8.54,-43.16,-6.11,-89.89,-34.31,-12.25,-22.26,-2.66,-3.04,-5.44,Browns D/ST,-1.46,0.004
Jalen Royals,WR,KC,5,1,ACTIVE,0.88,0.0,0.02,-31.77,-1.46,-28.78,-118.68,-31.06,-8.54,-43.16,-6.11,-89.91,-34.31,-12.25,-22.26,-2.66,-3.04,-5.45,Browns D/ST,-1.46,0.004
KeAndre Lambert-Smith,WR,LAC,7,1,INJURY_RESERVE,0.88,0.0,0.02,-31.77,-1.46,-28.77,-118.68,-31.03,-8.54,-43.16,-6.1,-89.89,-34.31,-12.25,-22.26,-2.66,-3.04,-5.44,Browns D/ST,-1.46,0.004
Payne Durham,TE,TB,10,0,ACTIVE,0.85,0.9,0.0,-31.79,-1.48,-28.84,-118.7,-31.18,-8.56,-43.18,-6.13,-89.96,-34.34,-12.27,-22.28,-2.68,-3.06,-5.6,Browns D/ST,-1.48,0.0
Oscar Delp,TE,NO,8,1,QUESTIONABLE,0.83,0.8,0.0,-31.79,-1.48,-28.84,-118.7,-31.18,-8.56,-43.18,-6.13,-89.96,-34.34,-12.27,-22.28,-2.68,-3.06,-5.6,Browns D/ST,-1.48,0.0
Laquon Treadwell,WR,IND,13,0,ACTIVE,0.81,0.0,0.02,-31.77,-1.46,-28.78,-118.68,-31.05,-8.54,-43.16,-6.11,-89.9,-34.32,-12.25,-22.26,-2.66,-3.04,-5.46,Browns D/ST,-1.46,0.003
Alec Ingold,RB,LAC,7,1,ACTIVE,0.73,0.0,0.0,-31.78,-1.47,-28.83,-118.7,-31.17,-8.53,-43.17,-6.11,-89.96,-34.31,-12.24,-22.27,-2.67,-3.05,-5.6,Browns D/ST,-1.47,0.002
Bo Melton,WR,GB,11,1,ACTIVE,0.8,0.0,0.01,-31.79,-1.47,-28.79,-118.7,-31.13,-8.56,-43.17,-6.12,-89.91,-34.33,-12.26,-22.27,-2.67,-3.05,-5.56,Browns D/ST,-1.47,0.002
Seydou Traore,TE,MIA,6,0,ACTIVE,0.72,0.0,0.0,-31.79,-1.48,-28.84,-118.7,-31.18,-8.56,-43.18,-6.13,-89.96,-34.34,-12.27,-22.28,-2.68,-3.06,-5.6,Browns D/ST,-1.48,0.0
Blake Whiteheart,TE,CLE,11,1,ACTIVE,0.7,0.7,0.0,-31.79,-1.48,-28.84,-118.7,-31.18,-8.56,-43.18,-6.13,-89.96,-34.34,-12.27,-22.28,-2.68,-3.06,-5.6,Browns D/ST,-1.48,0.0
Malachi Corley,WR,CLE,11,1,ACTIVE,0.7,0.0,0.01,-31.79,-1.47,-28.79,-118.7,-31.14,-8.56,-43.17,-6.12,-89.92,-34.33,-12.26,-22.27,-2.67,-3.05,-5.57,Browns D/ST,-1.47,0.002
Tay Martin,WR,DET,6,0,ACTIVE,0.67,0.0,0.02,-31.78,-1.46,-28.79,-118.69,-31.07,-8.55,-43.16,-6.11,-89.91,-34.32,-12.25,-22.26,-2.66,-3.04,-5.48,Browns D/ST,-1.46,0.003
Derius Davis,WR,LAC,7,0,ACTIVE,0.58,0.0,0.01,-31.78,-1.47,-28.79,-118.69,-31.08,-8.55,-43.17,-6.12,-89.92,-34.32,-12.26,-22.27,-2.67,-3.05,-5.5,Browns D/ST,-1.47,0.002
Xavier Smith,WR,LAR,11,1,ACTIVE,0.57,0.0,0.0,-31.79,-1.47,-28.8,-118.7,-31.15,-8.56,-43.17,-6.12,-89.93,-34.33,-12.27,-22.28,-2.67,-3.05,-5.57,Browns D/ST,-1.47,0.001
Jacob Cowing,WR,SF,8,0,ACTIVE,0.52,0.0,0.01,-31.78,-1.46,-28.8,-118.69,-31.09,-8.55,-43.16,-6.11,-89.92,-34.32,-12.26,-22.26,-2.67,-3.05,-5.5,Browns D/ST,-1.46,0.002
Connor Heyward,RB,LV,13,1,ACTIVE,0.49,0.0,0.0,-31.78,-1.48,-28.84,-118.7,-31.17,-8.55,-43.18,-6.12,-89.96,-34.33,-12.26,-22.28,-2.68,-3.06,-5.6,Browns D/ST,-1.48,0.001
Dohnte Meyers,WR,CIN,6,0,ACTIVE,0.49,0.0,0.01,-31.78,-1.47,-28.8,-118.69,-31.1,-8.55,-43.17,-6.12,-89.92,-34.32,-12.26,-22.27,-2.67,-3.05,-5.51,Browns D/ST,-1.47,0.002
Michael Burton,RB,CLE,11,1,ACTIVE,0.47,0.0,0.0,-31.78,-1.48,-28.83,-118.7,-31.17,-8.55,-43.18,-6.12,-89.96,-34.32,-12.25,-22.28,-2.68,-3.06,-5.6,Browns D/ST,-1.48,0.001
Efton Chism III,WR,NE,11,1,ACTIVE,0.49,0.0,0.0,-31.79,-1.48,-28.81,-118.7,-31.15,-8.56,-43.18,-6.13,-89.93,-34.33,-12.27,-22.28,-2.68,-3.06,-5.58,Browns D/ST,-1.48,0.001
Josh Whyle,TE,GB,11,1,ACTIVE,0.47,0.5,0.0,-31.79,-1.48,-28.84,-118.7,-31.18,-8.56,-43.18,-6.13,-89.96,-34.34,-12.27,-22.28,-2.68,-3.06,-5.6,Browns D/ST,-1.48,0.0
Max Bredeson,RB,MIN,6,1,ACTIVE,0.44,0.0,0.0,-31.78,-1.48,-28.83,-118.7,-31.17,-8.54,-43.18,-6.12,-89.96,-34.32,-12.25,-22.28,-2.68,-3.06,-5.6,Browns D/ST,-1.48,0.001
Brevyn Spann-Ford,TE,DAL,14,1,ACTIVE,0.44,0.4,0.0,-31.79,-1.48,-28.84,-118.7,-31.18,-8.56,-43.18,-6.13,-89.96,-34.34,-12.27,-22.28,-2.68,-3.06,-5.6,Browns D/ST,-1.48,0.0
Drew Allar,QB,PIT,9,1,ACTIVE,0.66,0.0,0.0,-31.79,-1.48,-28.84,-118.7,-31.18,-8.56,-43.18,-6.13,-89.96,-34.34,-12.27,-22.28,-2.68,-3.06,-5.6,Browns D/ST,-1.48,0.0
Tyrod Taylor,QB,GB,11,1,ACTIVE,0.65,0.0,0.0,-31.79,-1.48,-28.84,-118.7,-31.18,-8.56,-43.18,-6.13,-89.96,-34.34,-12.27,-22.28,-2.68,-3.06,-5.6,Browns D/ST,-1.48,0.0
Trey Lance,QB,LAC,7,1,ACTIVE,0.66,0.0,0.0,-31.79,-1.48,-28.84,-118.7,-31.18,-8.56,-43.18,-6.13,-89.96,-34.34,-12.27,-22.28,-2.68,-3.06,-5.6,Browns D/ST,-1.48,0.0
Riley Leonard,QB,IND,13,1,ACTIVE,0.64,0.0,0.0,-31.79,-1.48,-28.84,-118.7,-31.18,-8.56,-43.18,-6.13,-89.96,-34.34,-12.27,-22.28,-2.68,-3.06,-5.6,Browns D/ST,-1.48,0.0
Quinn Ewers,QB,JAX,7,1,ACTIVE,0.66,0.0,0.0,-31.79,-1.48,-28.84,-118.7,-31.18,-8.56,-43.18,-6.13,-89.96,-34.34,-12.27,-22.28,-2.68,-3.06,-5.6,Browns D/ST,-1.48,0.0
Tanner Koziol,TE,JAX,7,0,ACTIVE,0.43,0.4,0.0,-31.79,-1.48,-28.84,-118.7,-31.18,-8.56,-43.18,-6.13,-89.96,-34.34,-12.27,-22.28,-2.68,-3.06,-5.6,Browns D/ST,-1.48,0.0
Tyler Conklin,TE,DET,6,1,ACTIVE,0.43,0.0,0.0,-31.79,-1.48,-28.84,-118.7,-31.18,-8.56,-43.18,-6.13,-89.96,-34.34,-12.27,-22.28,-2.68,-3.06,-5.6,Browns D/ST,-1.48,0.0
Ko Kieft,TE,TB,10,0,ACTIVE,0.43,0.4,0.0,-31.79,-1.48,-28.84,-118.7,-31.18,-8.56,-43.18,-6.13,-89.96,-34.34,-12.27,-22.28,-2.68,-3.06,-5.6,Browns D/ST,-1.48,0.0
Kenny Pickett,QB,CAR,5,1,ACTIVE,0.63,0.0,0.0,-31.79,-1.48,-28.84,-118.7,-31.18,-8.56,-43.18,-6.13,-89.96,-34.34,-12.27,-22.28,-2.68,-3.06,-5.6,Browns D/ST,-1.48,0.0
Tai Felton,WR,MIN,6,1,ACTIVE,0.42,0.0,0.01,-31.78,-1.47,-28.81,-118.69,-31.11,-8.55,-43.17,-6.12,-89.93,-34.33,-12.26,-22.27,-2.67,-3.05,-5.53,Browns D/ST,-1.47,0.002
Josh Cameron,WR,JAX,7,1,ACTIVE,0.43,0.0,0.01,-31.78,-1.47,-28.8,-118.69,-31.11,-8.55,-43.17,-6.12,-89.93,-34.32,-12.26,-22.27,-2.67,-3.05,-5.52,Browns D/ST,-1.47,0.002
Spencer Rattler,QB,NO,8,1,ACTIVE,0.61,0.0,0.0,-31.79,-1.48,-28.84,-118.7,-31.18,-8.56,-43.18,-6.13,-89.96,-34.34,-12.27,-22.28,-2.68,-3.06,-5.6,Browns D/ST,-1.48,0.0
Marlin Klein,TE,HOU,8,1,ACTIVE,0.41,0.4,0.0,-31.79,-1.48,-28.84,-118.7,-31.18,-8.56,-43.18,-6.13,-89.96,-34.34,-12.27,-22.28,-2.68,-3.06,-5.6,Browns D/ST,-1.48,0.0
Luke Farrell,TE,SF,8,1,ACTIVE,0.41,0.4,0.0,-31.79,-1.48,-28.84,-118.7,-31.18,-8.56,-43.18,-6.13,-89.96,-34.34,-12.27,-22.28,-2.68,-3.06,-5.6,Browns D/ST,-1.48,0.0
Drew Ogletree,TE,IND,13,0,ACTIVE,0.41,0.4,0.0,-31.79,-1.48,-28.84,-118.7,-31.18,-8.56,-43.18,-6.13,-89.96,-34.34,-12.27,-22.28,-2.68,-3.06,-5.6,Browns D/ST,-1.48,0.0
Sam Roush,TE,CHI,10,1,ACTIVE,0.41,0.4,0.0,-31.79,-1.48,-28.84,-118.7,-31.18,-8.56,-43.18,-6.13,-89.96,-34.34,-12.27,-22.28,-2.68,-3.06,-5.6,Browns D/ST,-1.48,0.0
Jahdae Walker,WR,CHI,10,1,ACTIVE,0.42,0.0,0.01,-31.78,-1.47,-28.81,-118.69,-31.11,-8.55,-43.17,-6.12,-89.93,-34.32,-12.26,-22.27,-2.67,-3.05,-5.53,Browns D/ST,-1.47,0.002
Joshua Dobbs,QB,DET,6,1,ACTIVE,0.61,0.0,0.0,-31.79,-1.48,-28.84,-118.7,-31.18,-8.56,-43.18,-6.13,-89.96,-34.34,-12.27,-22.28,-2.68,-3.06,-5.6,Browns D/ST,-1.48,0.0
Tyler Huntley,QB,BAL,13,1,ACTIVE,0.6,0.0,0.0,-31.79,-1.48,-28.84,-118.7,-31.18,-8.56,-43.18,-6.13,-89.96,-34.34,-12.27,-22.28,-2.68,-3.06,-5.6,Browns D/ST,-1.48,0.0
Josh Cuevas,TE,BAL,13,1,ACTIVE,0.41,0.4,0.0,-31.79,-1.48,-28.84,-118.7,-31.18,-8.56,-43.18,-6.13,-89.96,-34.34,-12.27,-22.28,-2.68,-3.06,-5.6,Browns D/ST,-1.48,0.0
Matthew Hibner,TE,BAL,13,1,ACTIVE,0.41,0.4,0.0,-31.79,-1.48,-28.84,-118.7,-31.18,-8.56,-43.18,-6.13,-89.96,-34.34,-12.27,-22.28,-2.68,-3.06,-5.6,Browns D/ST,-1.48,0.0
Eric Saubert,TE,SEA,11,1,ACTIVE,0.41,0.4,0.0,-31.79,-1.48,-28.84,-118.7,-31.18,-8.56,-43.18,-6.13,-89.96,-34.34,-12.27,-22.28,-2.68,-3.06,-5.6,Browns D/ST,-1.48,0.0
Darius Cooper,WR,PHI,10,1,ACTIVE,0.4,0.0,0.01,-31.78,-1.47,-28.81,-118.69,-31.11,-8.55,-43.17,-6.12,-89.93,-34.32,-12.26,-22.27,-2.67,-3.05,-5.53,Browns D/ST,-1.47,0.002
Andrew Beck,RB,NYJ,13,1,ACTIVE,0.37,0.0,0.0,-31.79,-1.48,-28.84,-118.7,-31.17,-8.56,-43.18,-6.12,-89.96,-34.33,-12.26,-22.28,-2.68,-3.06,-5.6,Browns D/ST,-1.48,0.001
Jonathan Mingo,WR,DAL,14,1,ACTIVE,0.41,0.0,0.01,-31.78,-1.47,-28.81,-118.69,-31.11,-8.55,-43.17,-6.12,-89.94,-34.33,-12.26,-22.27,-2.67,-3.05,-5.53,Browns D/ST,-1.47,0.002
Davis Mills,QB,HOU,8,1,ACTIVE,0.58,0.0,0.0,-31.79,-1.48,-28.84,-118.7,-31.18,-8.56,-43.18,-6.13,-89.96,-34.34,-12.27,-22.28,-2.68,-3.06,-5.6,Browns D/ST,-1.48,0.0
Hunter Long,TE,ARI,14,0,ACTIVE,0.38,0.4,0.0,-31.79,-1.48,-28.84,-118.7,-31.18,-8.56,-43.18,-6.13,-89.96,-34.34,-12.27,-22.28,-2.68,-3.06,-5.6,Browns D/ST,-1.48,0.0
Ian Thomas,TE,LV,13,0,ACTIVE,0.38,0.4,0.0,-31.79,-1.48,-28.84,-118.7,-31.18,-8.56,-43.18,-6.13,-89.96,-34.34,-12.27,-22.28,-2.68,-3.06,-5.6,Browns D/ST,-1.48,0.0
Dareke Young,WR,LV,13,0,ACTIVE,0.39,0.0,0.01,-31.78,-1.47,-28.81,-118.69,-31.11,-8.55,-43.17,-6.12,-89.93,-34.33,-12.26,-22.27,-2.67,-3.05,-5.53,Browns D/ST,-1.47,0.002
Charlie Woerner,TE,ATL,11,0,ACTIVE,0.37,0.4,0.0,-31.79,-1.48,-28.84,-118.7,-31.18,-8.56,-43.18,-6.13,-89.96,-34.34,-12.27,-22.28,-2.68,-3.06,-5.6,Browns D/ST,-1.48,0.0
Cade Klubnik,QB,NYJ,13,1,ACTIVE,0.57,0.0,0.0,-31.79,-1.48,-28.84,-118.7,-31.18,-8.56,-43.18,-6.13,-89.96,-34.34,-12.27,-22.28,-2.68,-3.06,-5.6,Browns D/ST,-1.48,0.0
Johnny Mundt,TE,PHI,10,1,ACTIVE,0.38,0.4,0.0,-31.79,-1.48,-28.84,-118.7,-31.18,-8.56,-43.18,-6.13,-89.96,-34.34,-12.27,-22.28,-2.68,-3.06,-5.6,Browns D/ST,-1.48,0.0
Carsen Ryan,TE,CLE,11,0,ACTIVE,0.37,0.4,0.0,-31.79,-1.48,-28.84,-118.7,-31.18,-8.56,-43.18,-6.13,-89.96,-34.34,-12.27,-22.28,-2.68,-3.06,-5.6,Browns D/ST,-1.48,0.0
Reggie Virgil,WR,ARI,14,1,ACTIVE,0.38,0.0,0.01,-31.79,-1.47,-28.81,-118.69,-31.12,-8.55,-43.17,-6.12,-89.94,-34.33,-12.26,-22.27,-2.67,-3.05,-5.54,Browns D/ST,-1.47,0.001
Kyle Allen,QB,BUF,7,1,ACTIVE,0.58,0.0,0.0,-31.79,-1.48,-28.84,-118.7,-31.18,-8.56,-43.18,-6.13,-89.96,-34.34,-12.27,-22.28,-2.68,-3.06,-5.6,Browns D/ST,-1.48,0.0
Kyle McCord,QB,MIA,6,0,ACTIVE,0.53,0.0,0.0,-31.79,-1.48,-28.84,-118.7,-31.18,-8.56,-43.18,-6.13,-89.96,-34.34,-12.27,-22.28,-2.68,-3.06,-5.6,Browns D/ST,-1.48,0.0
Brycen Tremayne,WR,CAR,5,0,ACTIVE,0.37,0.0,0.01,-31.79,-1.47,-28.82,-118.69,-31.13,-8.55,-43.17,-6.12,-89.94,-34.33,-12.26,-22.27,-2.67,-3.05,-5.54,Browns D/ST,-1.47,0.001
Drew Lock,QB,SEA,11,1,ACTIVE,0.55,0.0,0.0,-31.79,-1.48,-28.84,-118.7,-31.18,-8.56,-43.18,-6.13,-89.96,-34.34,-12.27,-22.28,-2.68,-3.06,-5.6,Browns D/ST,-1.48,0.0
Reggie Gilliam,RB,NE,11,1,ACTIVE,0.35,0.0,0.0,-31.79,-1.48,-28.84,-118.7,-31.17,-8.55,-43.18,-6.12,-89.96,-34.32,-12.26,-22.28,-2.68,-3.06,-5.6,Browns D/ST,-1.48,0.001
Mitchell Trubisky,QB,TEN,9,1,ACTIVE,0.53,0.0,0.0,-31.79,-1.48,-28.84,-118.7,-31.18,-8.56,-43.18,-6.13,-89.96,-34.34,-12.27,-22.28,-2.68,-3.06,-5.6,Browns D/ST,-1.48,0.0
Patrick Ricard,RB,NYG,8,1,ACTIVE,0.32,0.0,0.0,-31.79,-1.48,-28.84,-118.7,-31.17,-8.55,-43.18,-6.12,-89.96,-34.33,-12.26,-22.28,-2.68,-3.06,-5.6,Browns D/ST,-1.48,0.001
Gardner Minshew II,QB,ARI,14,1,ACTIVE,0.49,0.0,0.0,-31.79,-1.48,-28.84,-118.7,-31.18,-8.56,-43.18,-6.13,-89.96,-34.34,-12.27,-22.28,-2.68,-3.06,-5.6,Browns D/ST,-1.48,0.0
Chris Manhertz,TE,NYG,8,1,ACTIVE,0.19,0.2,0.0,-31.79,-1.48,-28.84,-118.7,-31.18,-8.56,-43.18,-6.13,-89.96,-34.34,-12.27,-22.28,-2.68,-3.06,-5.6,Browns D/ST,-1.48,0.0
Kaden Wetjen,WR,PIT,9,1,ACTIVE,0.24,0.0,0.01,-31.79,-1.47,-28.82,-118.69,-31.14,-8.56,-43.17,-6.12,-89.94,-34.33,-12.26,-22.27,-2.67,-3.05,-5.56,Browns D/ST,-1.47,0.001
Ben Skowronek,WR,PIT,9,1,ACTIVE,0.18,0.0,0.0,-31.79,-1.47,-28.82,-118.7,-31.15,-8.56,-43.17,-6.12,-89.95,-34.33,-12.27,-22.28,-2.68,-3.06,-5.57,Browns D/ST,-1.47,0.001
Kameron Johnson,WR,TB,10,1,ACTIVE,0.22,0.0,0.01,-31.79,-1.47,-28.82,-118.7,-31.14,-8.56,-43.17,-6.12,-89.95,-34.33,-12.27,-22.27,-2.67,-3.05,-5.56,Browns D/ST,-1.47,0.001
Arian Smith,WR,NYJ,13,0,ACTIVE,0.21,0.0,0.01,-31.79,-1.47,-28.82,-118.7,-31.14,-8.56,-43.17,-6.12,-89.94,-34.33,-12.27,-22.27,-2.67,-3.05,-5.56,Browns D/ST,-1.47,0.001
British Brooks,RB,HOU,8,1,ACTIVE,0.14,0.0,0.0,-31.79,-1.48,-28.84,-118.7,-31.18,-8.56,-43.18,-6.13,-89.96,-34.33,-12.26,-22.28,-2.68,-3.06,-5.6,Browns D/ST,-1.48,0.0
Ke'Shawn Williams,WR,CIN,6,1,ACTIVE,0.12,0.0,0.0,-31.79,-1.48,-28.83,-118.7,-31.16,-8.56,-43.18,-6.13,-89.95,-34.33,-12.27,-22.28,-2.68,-3.06,-5.58,Browns D/ST,-1.48,0.0
Myles Price,WR,MIN,6,1,ACTIVE,0.11,0.0,0.0,-31.79,-1.48,-28.83,-118.7,-31.16,-8.56,-43.18,-6.13,-89.95,-34.33,-12.27,-22.28,-2.68,-3.06,-5.58,Browns D/ST,-1.48,0.0
LaJohntay Wester,WR,BAL,13,1,ACTIVE,0.11,0.0,0.0,-31.79,-1.48,-28.83,-118.7,-31.16,-8.56,-43.18,-6.13,-89.95,-34.33,-12.27,-22.28,-2.68,-3.06,-5.58,Browns D/ST,-1.48,0.0
Devin Duvernay,WR,ARI,14,1,ACTIVE,0.1,0.0,0.0,-31.79,-1.48,-28.83,-118.7,-31.16,-8.56,-43.18,-6.13,-89.95,-34.33,-12.27,-22.28,-2.68,-3.06,-5.58,Browns D/ST,-1.48,0.0
Nikko Remigio,WR,KC,5,1,ACTIVE,0.08,0.0,0.0,-31.79,-1.48,-28.83,-118.7,-31.16,-8.56,-43.18,-6.13,-89.96,-34.33,-12.27,-22.28,-2.68,-3.06,-5.59,Browns D/ST,-1.48,0.0
Skyy Moore,WR,GB,11,1,ACTIVE,0.02,0.0,0.0,-31.79,-1.48,-28.84,-118.7,-31.18,-8.56,-43.18,-6.13,-89.96,-34.34,-12.27,-22.28,-2.68,-3.06,-5.6,Browns D/ST,-1.48,0.0
Jalen Brooks,WR,ARI,14,0,ACTIVE,0.02,0.0,0.0,-31.79,-1.48,-28.84,-118.7,-31.17,-8.56,-43.18,-6.13,-89.96,-34.34,-12.27,-22.28,-2.68,-3.06,-5.6,Browns D/ST,-1.48,0.0
