rank,espn_id,player,pos,team_c,bye,proj_leaguepts,vbd,adp_pick,gone_ahead,eff_pick,flag,bye_clash_pickens
1,4429795,Jahmyr Gibbs,RB,DET,6.0,330.89643543,162.30757959,1.32,0,1.32,,
2,4430807,Bijan Robinson,RB,ATL,11.0,314.80173722,146.21288138,2.4,0,2.4,,
3,3117251,Christian McCaffrey,RB,SF,8.0,303.53146435,134.94260851,7.71,0,7.71,QUESTIONABLE,
4,4426515,Puka Nacua,WR,LAR,11.0,294.81598247,131.2764089,5.33,0,5.33,QUESTIONABLE,
5,4242335,Jonathan Taylor,RB,IND,13.0,291.09685621,122.50800037,6.18,0,6.18,,
6,4362628,Ja'Marr Chase,WR,CIN,6.0,277.62466125,114.08508768,4.22,0,4.22,,
7,4430878,Jaxon Smith-Njigba,WR,SEA,11.0,268.32240853,104.78283496000005,6.35,0,6.35,,
8,4374302,Amon-Ra St. Brown,WR,DET,6.0,264.86492225,101.32534868000002,8.45,0,8.45,,
9,3043078,Derrick Henry,RB,BAL,13.0,263.97186677,95.38301093,16.46,0,16.46,,
10,4379399,James Cook III,RB,BUF,7.0,261.56406004,92.9752042,10.08,0,10.08,,
11,4429160,De'Von Achane,RB,MIA,6.0,261.05412939,92.46527355,13.11,0,13.11,,
12,3929630,Saquon Barkley,RB,PHI,10.0,251.95070045,83.36184460999999,14.08,0,14.08,,
13,4567048,Kenneth Walker III,RB,KC,5.0,249.78663691,81.19778106999999,24.36,0,24.36,,
14,3918298,Josh Allen,QB,BUF,7.0,421.91279972,80.30993954000002,19.07,0,19.07,,
15,4890973,Ashton Jeanty,RB,LV,13.0,248.167882,79.57902615999998,21.58,0,21.58,,
16,4427366,Breece Hall,RB,NYJ,13.0,248.10089077,79.51203493,35.72,3,32.72,QUESTIONABLE,
17,4241389,CeeDee Lamb,WR,DAL,14.0,241.82555453,78.28598096000002,11.59,0,11.59,,YES
18,4870808,Jeremiyah Love,RB,ARI,14.0,245.82419971,77.23534386999998,25.34,0,25.34,QUESTIONABLE,YES
19,4262921,Justin Jefferson,WR,MIN,6.0,238.31112208,74.77154851,12.37,0,12.37,,
20,4361579,Javonte Williams,RB,DAL,14.0,240.78425003,72.19539419,32.36,3,29.36,,YES
21,4362238,Chase Brown,RB,CIN,6.0,239.88301887,71.29416302999999,17.72,0,17.72,,
22,4685382,Omarion Hampton,RB,LAC,7.0,235.84349928,67.25464344,17.67,0,17.67,,
23,4426502,Drake London,WR,ATL,11.0,218.66905755,55.12948398,20.68,0,20.68,,
24,4432665,Brock Bowers,TE,LV,13.0,191.49916989,51.20428572,23.92,0,23.92,,
25,4361307,Trey McBride,TE,ARI,14.0,187.94196931,47.64708514,23.4,0,23.4,,YES
26,4430737,Kyren Williams,RB,LAR,11.0,215.35434319,46.76548735,34.45,3,31.45,,
27,4258173,Nico Collins,WR,HOU,8.0,205.62270835,42.08313478000002,25.86,0,25.86,,
28,4047646,A.J. Brown,WR,NE,11.0,205.51413427,41.97456070000001,21.36,0,21.36,,
29,4685702,Quinshon Judkins,RB,CLE,11.0,210.42358342,41.83472757999999,47.59,9,38.59,QUESTIONABLE,
30,4595348,Malik Nabers,WR,NYG,8.0,202.86935902,39.32978545,35.65,3,32.65,QUESTIONABLE,
31,4569618,Garrett Wilson,WR,NYJ,13.0,199.91933031,36.379756740000005,37.0,3,34.0,,
32,16800,Davante Adams,WR,LAR,11.0,198.54438683,35.00481326000002,45.94,8,37.94,,
33,3916387,Lamar Jackson,QB,BAL,13.0,374.62477822,33.02191804,33.56,3,30.56,,
34,4567750,Emeka Egbuka,WR,TB,10.0,194.21179436,30.67222079000001,45.16,8,37.16,QUESTIONABLE,
35,4241478,DeVonta Smith,WR,PHI,10.0,193.95278086,30.413207290000003,36.12,3,33.12,QUESTIONABLE,
36,3915511,Joe Burrow,QB,CIN,6.0,370.52589529,28.92303511,53.12,9,44.12,,
37,4431459,Tyler Warren,TE,IND,13.0,168.3745814,28.079697230000026,51.55,9,42.55,QUESTIONABLE,
38,4259545,D'Andre Swift,RB,CHI,10.0,196.40713191,27.81827607,52.58,9,43.58,,
39,4040715,Jalen Hurts,QB,PHI,10.0,366.93636856,25.33350838000001,54.44,9,45.44,,
40,4426348,Jayden Daniels,QB,WAS,7.0,362.84559681,21.242736630000024,52.76,9,43.76,,
41,12483,Matthew Stafford,QB,LAR,11.0,362.7902125,21.18735232,93.09,10,83.09,,
42,4596448,Bucky Irving,RB,TB,10.0,188.61918636,20.03033051999998,56.21,9,47.21,,
43,4882093,Bhayshul Tuten,RB,JAX,7.0,188.35241461,19.763558770000003,61.69,9,52.69,,
44,4431299,Rome Odunze,WR,CHI,10.0,182.95503605,19.41546248,67.22,9,58.22,,
45,4239993,Tee Higgins,WR,CIN,6.0,182.70311848,19.163544910000013,52.65,9,43.65,,
46,4612826,Ladd McConkey,WR,LAC,7.0,181.20249727,17.66292370000002,46.1,8,38.1,,
47,3121422,Terry McLaurin,WR,WAS,7.0,180.18088793,16.641314360000024,60.83,9,51.83,,
48,4426388,Jameson Williams,WR,DET,6.0,176.27414101,12.734567440000006,64.34,9,55.34,,
49,3915416,DJ Moore,WR,BUF,7.0,175.91468397,12.375110400000011,58.19,9,49.19,QUESTIONABLE,
50,4685512,Jadarian Price,RB,SEA,11.0,180.47373164,11.884875800000003,65.67,9,56.67,,
51,4372016,Jaylen Waddle,WR,DEN,10.0,174.9726214,11.43304783000002,53.0,9,44.0,,
52,4432710,TreVeyon Henderson,RB,NE,11.0,177.91749335,9.328637509999991,76.81,9,67.81,,
53,4430027,Sam LaPorta,TE,DET,6.0,149.4234344,9.128550230000002,75.09,9,66.09,,
54,4035538,David Montgomery,RB,HOU,8.0,176.8676357,8.278779859999986,61.51,9,52.51,,
55,4426338,Bo Nix,QB,DEN,10.0,348.99206467,7.389204489999997,104.2,10,94.2,,
56,3128429,Courtland Sutton,WR,DEN,10.0,169.73554919,6.195975620000013,81.8,10,71.8,,
57,5083076,Harold Fannin Jr.,TE,CLE,11.0,146.12994417,5.835059999999999,70.68,9,61.68,,
58,4361741,Brock Purdy,QB,SF,8.0,346.39185378,4.788993600000026,109.19,10,99.19,,
59,4685278,Luther Burden III,WR,CHI,10.0,168.31327669,4.773703120000022,74.5,9,65.5,QUESTIONABLE,
60,4572680,Tucker Kraft,TE,GB,11.0,144.96205564,4.66717147,91.02,10,81.02,QUESTIONABLE,
61,4360248,Kyle Pitts Sr.,TE,ATL,11.0,144.88675305,4.591868880000021,68.78,9,59.78,,
62,2577417,Dak Prescott,QB,DAL,14.0,346.11179059,4.508930410000005,71.83,9,62.83,,YES
63,4038815,Rico Dowdle,RB,PIT,9.0,171.41887987,2.830024030000004,96.65,10,86.65,,
64,3916148,Tony Pollard,RB,TEN,9.0,170.8876847,2.298828859999986,85.82,10,75.82,,
65,3139477,Patrick Mahomes,QB,KC,5.0,343.86620556,2.2633453800000325,109.29,10,99.29,QUESTIONABLE,
66,3040151,George Kittle,TE,SF,8.0,141.93761149,1.642727320000006,69.3,9,60.3,OUT,
67,4871023,Carnell Tate,WR,TEN,9.0,165.11524848,1.5756749100000036,80.42,10,70.42,QUESTIONABLE,
68,3121023,Dallas Goedert,TE,PHI,10.0,141.72729722,1.432413050000008,101.21,10,91.21,,
69,15847,Travis Kelce,TE,KC,5.0,140.58667369,0.2917895200000089,93.93,10,83.93,,
70,3116365,Mark Andrews,TE,BAL,13.0,140.29488417,0.0,126.31,10,116.31,,
71,4689114,Jaxson Dart,QB,NYG,8.0,341.60286018,0.0,82.23,10,72.23,,
72,4047650,DK Metcalf,WR,PIT,9.0,163.53957357,0.0,85.69,10,75.69,QUESTIONABLE,
73,4569987,Jaylen Warren,RB,PIT,9.0,168.58885584,0.0,85.14,10,75.14,,
74,4360310,Trevor Lawrence,QB,JAX,7.0,337.76890988,-3.8339502999999695,103.74,10,93.74,,
75,4432708,Marvin Harrison Jr.,WR,ARI,14.0,159.39641849,-4.1431550799999854,79.29,10,69.29,,YES
76,4241985,J.K. Dobbins,RB,DEN,10.0,164.30503433,-4.283821509999996,111.27,10,101.27,,
77,4608686,Kyle Monangai,RB,CHI,10.0,163.33737728,-5.25147856000001,124.91,10,114.91,QUESTIONABLE,
78,4248528,Christian Watson,WR,GB,11.0,157.68727688,-5.852296689999974,88.4,10,78.4,,
79,4038941,Justin Herbert,QB,LAC,7.0,334.49140805,-7.111452129999975,85.41,10,75.41,,
80,4360078,Alec Pierce,WR,IND,13.0,156.42337233,-7.116201239999981,105.16,10,95.16,OUT,
81,4432620,Parker Washington,WR,JAX,7.0,155.34283677,-8.196736799999996,89.95,10,79.95,QUESTIONABLE,
82,16737,Mike Evans,WR,SF,8.0,153.97947782,-9.560095749999988,83.32,10,73.32,QUESTIONABLE,
83,4431611,Caleb Williams,QB,CHI,10.0,331.94279182,-9.660068359999968,85.14,10,75.14,,
84,4242355,Jake Ferguson,TE,DAL,14.0,130.05760239,-10.23728177999999,114.44,10,104.44,,YES
85,4035687,Michael Pittman Jr.,WR,PIT,9.0,153.09602995,-10.443543619999986,90.1,10,80.1,QUESTIONABLE,
86,4701936,Matthew Golden,WR,GB,11.0,151.59715004,-11.942423529999983,114.75,10,104.75,,
87,4678008,Jonathon Brooks,RB,CAR,5.0,154.36101441,-14.227841430000012,104.32,10,94.32,,
88,4385690,Dalton Kincaid,TE,BUF,7.0,125.76459218,-14.530291989999997,131.61,10,121.61,,
89,3042519,Aaron Jones Sr.,RB,MIN,6.0,153.46190142,-15.126954420000004,116.61,10,106.61,,
90,3046779,Jared Goff,QB,DET,6.0,326.4020052,-15.200854979999974,137.49,10,127.49,,
91,4432773,Brian Thomas Jr.,WR,JAX,7.0,148.09080489,-15.44876868,113.11,10,103.11,,
92,4361050,Isaiah Likely,TE,NYG,8.0,123.98478792,-16.310096249999987,122.24,10,112.24,,
93,4241416,Chuba Hubbard,RB,CAR,5.0,152.2613561,-16.327499740000007,111.51,10,101.51,QUESTIONABLE,
94,3916433,Jakobi Meyers,WR,JAX,7.0,147.02705771,-16.51251585999998,121.02,10,111.02,,
95,4371733,Kenny Gainwell,RB,TB,10.0,151.73136847,-16.85748737,99.66,10,89.66,,
96,4575131,Jacory Croskey-Merritt,RB,WAS,7.0,151.43111919,-17.157736650000004,137.06,10,127.06,,
97,4429096,Blake Corum,RB,LAR,11.0,151.01336616,-17.575489680000004,126.97,10,116.97,,
98,5083315,Kenyon Sadiq,TE,NYJ,13.0,122.40006786,-17.894816309999996,166.62,10,156.62,QUESTIONABLE,
99,4683062,Xavier Worthy,WR,KC,5.0,145.54509586,-17.994477709999984,132.68,10,122.68,QUESTIONABLE,
100,3046439,Hunter Henry,TE,NE,11.0,121.98714452,-18.307739649999988,152.84,10,142.84,,
101,4036133,T.J. Hockenson,TE,MIN,6.0,119.36073238,-20.934151789999987,154.16,10,144.16,,
102,4360761,Michael Wilson,WR,ARI,14.0,141.22526789,-22.31430567999999,104.72,10,94.72,,YES
103,4429205,Jordan Addison,WR,MIN,6.0,140.237745,-23.30182857,123.86,10,113.86,,
104,4697815,Rachaad White,RB,WAS,7.0,144.52676446,-24.06209138,128.84,10,118.84,QUESTIONABLE,
105,4429025,Quentin Johnston,WR,LAC,7.0,139.00305871,-24.536514859999983,134.61,10,124.61,QUESTIONABLE,
106,4360569,Jordan Mason,RB,MIN,6.0,143.75998585,-24.828869990000012,140.25,10,130.25,,
107,4362249,Jayden Reed,WR,GB,11.0,138.5079444,-25.03162916999997,139.45,10,129.45,,
108,4430539,Brenton Strange,TE,JAX,7.0,112.92305319,-27.371830979999984,168.58,10,158.58,,
109,4373678,Khalil Shakir,WR,BUF,7.0,136.05463953,-27.484934039999985,137.93,10,127.93,,
110,4570037,Terrance Ferguson,TE,LAR,11.0,112.80390616,-27.490978009999992,167.99,10,157.99,,
111,4569587,Wan'Dale Robinson,WR,TEN,9.0,135.58125009,-27.95832347999999,110.85,10,100.85,,
112,3052587,Baker Mayfield,QB,TB,10.0,313.61934511,-27.98351507000001,147.59,10,137.59,,
113,3126486,Deebo Samuel Sr.,WR,SF,8.0,135.17997955,-28.35959401999997,144.61,10,134.61,,
114,3929645,Juwan Johnson,TE,NO,8.0,111.88779323,-28.40709093999999,157.25,10,147.25,,
115,4036378,Jordan Love,QB,GB,11.0,308.71794654,-32.88491363999998,155.44,10,145.44,,
116,4361411,Pat Freiermuth,TE,PIT,9.0,106.3872872,-33.907596969999986,169.7,10,159.7,,
117,4360689,Tyler Shough,QB,NO,8.0,306.82836097,-34.77449920999999,152.6,10,142.6,,
118,2976212,Stefon Diggs,WR,WAS,7.0,128.43717414,-35.10239942999999,103.67,10,93.67,,
119,4870795,Makai Lemon,WR,PHI,10.0,128.34222711,-35.19734645999998,134.88,10,124.88,QUESTIONABLE,
120,3917792,Daniel Jones,QB,IND,13.0,306.12543484,-35.47742533999997,161.05,10,151.05,,
121,3116165,Chris Godwin Jr.,WR,TB,10.0,127.18547883,-36.35409474,124.15,10,114.15,,
122,3117256,Dalton Schultz,TE,HOU,8.0,103.46282279,-36.83206137999999,168.86,10,158.86,,
123,4366031,Tank Dell,WR,HOU,8.0,125.10906944,-38.43050412999999,165.04,10,155.04,QUESTIONABLE,
124,4870653,KC Concepcion,WR,CLE,11.0,125.0990036,-38.440569969999984,148.21,10,138.21,,
125,4428557,Tyjae Spears,RB,TEN,9.0,129.66353233,-38.92532351,151.16,10,141.16,,
126,4361432,Romeo Doubs,WR,NE,11.0,123.90411368,-39.63545988999999,148.29,10,138.29,,
127,4032473,Rashid Shaheed,WR,SEA,11.0,123.03462274,-40.504950829999984,160.42,10,150.42,,
128,4688813,Josh Downs,WR,IND,13.0,122.49173546,-41.04783810999999,137.38,10,127.38,,
129,4686728,Gunnar Helm,TE,TEN,9.0,98.09809888,-42.19678529,170.7,10,160.7,,
130,4568490,RJ Harvey,RB,DEN,10.0,125.13962902,-43.44922682000001,128.12,10,118.12,,
131,4360635,Chig Okonkwo,TE,WAS,7.0,95.61108784,-44.68379632999999,170.14,10,160.14,,
132,4426385,Zach Charbonnet,RB,SEA,11.0,123.81253415,-44.77632169,155.8,10,145.8,OUT,
133,4367209,Greg Dulcich,TE,MIA,6.0,93.27291137,-47.02197279999999,170.44,10,160.44,,
134,4695883,Jalen Coker,WR,CAR,5.0,116.48729482,-47.05227874999999,154.43,10,144.43,,
135,2576925,Darren Waller,TE,CAR,5.0,93.0798496,-47.21503456999999,170.4,10,160.4,,
136,4576297,AJ Barner,TE,SEA,11.0,91.39945844,-48.89542572999999,169.73,10,159.73,,
137,4428718,Tre Tucker,WR,LV,13.0,113.76498145,-49.77459212,169.48,10,159.48,,
138,3925357,Calvin Ridley,WR,TEN,9.0,113.69278258,-49.84679098999999,169.92,10,159.92,,
139,4832800,Denzel Boston,WR,CLE,11.0,113.22725815,-50.31231541999999,169.0,10,159.0,,
140,4241463,Jerry Jeudy,WR,CLE,11.0,112.65363682,-50.88593674999999,168.8,10,158.8,,
141,3912547,Sam Darnold,QB,SEA,11.0,290.26848972,-51.33437046,162.65,10,152.65,,
142,4432577,C.J. Stroud,QB,HOU,8.0,289.37432451,-52.22853566999999,165.41,10,155.41,,
143,3917315,Kyler Murray,QB,MIN,6.0,289.27855615,-52.32430403000001,136.68,10,126.68,,
144,4429059,Woody Marks,RB,HOU,8.0,115.69868715,-52.89016869000001,152.19,10,142.19,,
145,4361529,Isiah Pacheco,RB,DET,6.0,114.9189301,-53.66992574000001,166.29,10,156.29,QUESTIONABLE,
146,4430834,Jalen McMillan,WR,TB,10.0,109.25905559,-54.28051797999999,163.4,10,153.4,QUESTIONABLE,
147,4710714,De'Zhaun Stribling,WR,SF,8.0,108.98686329,-54.55271027999999,137.51,10,127.51,,
148,3123076,David Njoku,TE,LAC,7.0,84.40597807,-55.88890609999999,169.77,10,159.77,,
149,3051876,Evan Engram,TE,DEN,10.0,82.96124115,-57.33364301999998,170.01,10,160.01,,
150,4597500,Adonai Mitchell,WR,NYJ,13.0,105.91466519,-57.62490838,171.29,10,161.29,,
151,4360939,Rashod Bateman,WR,BAL,13.0,103.65663832,-59.88293524999999,171.43,10,161.43,,
152,4243331,Cade Otton,TE,TB,10.0,79.82471525,-60.47016891999999,170.29,10,160.29,QUESTIONABLE,
153,4382466,Jalen Nailor,WR,LV,13.0,102.0475677,-61.49200586999999,171.24,10,161.24,,
154,4685720,Bryce Young,QB,CAR,5.0,277.66061452,-63.94224565999997,168.79,10,158.79,,
155,4569559,Devaughn Vele,WR,NO,8.0,99.01744332,-64.52213024999999,171.55,10,161.55,,
156,15818,Keenan Allen,WR,IND,13.0,96.86468605,-66.67488751999998,165.61,10,155.61,,
157,3054850,Alvin Kamara,RB,NO,8.0,100.88130231,-67.70755353000001,163.46,10,153.46,QUESTIONABLE,
158,15864,Geno Smith,QB,NYJ,13.0,272.91660167,-68.68625851000002,170.02,10,160.02,,
159,4869645,Caleb Douglas,WR,MIA,6.0,93.43853927,-70.10103429999998,170.89,10,160.89,,
160,4569603,Malik Washington,WR,MIA,6.0,93.25783948,-70.28173408999999,169.93,10,159.93,,
161,3116164,Mike Gesicki,TE,CIN,6.0,69.70954621,-70.58533795999999,170.21,10,160.21,,
162,4586312,Jaylin Noel,WR,HOU,8.0,91.60273694,-71.93683662999999,171.59,10,161.59,QUESTIONABLE,
163,3886598,Jauan Jennings,WR,MIN,6.0,91.35935938,-72.18021418999999,171.11,10,161.11,,
164,4685415,Travis Hunter,WR,JAX,7.0,91.28579758,-72.25377599,118.35,10,108.35,,
165,4038441,Justice Hill,RB,BAL,13.0,94.46035527,-74.12850057000001,170.13,10,160.13,,
166,4685261,Germie Bernard,WR,PIT,9.0,88.57653426,-74.96303930999998,171.25,10,161.25,,
167,4428850,Dontayvion Wicks,WR,PHI,10.0,88.43940597,-75.10016759999999,170.99,10,160.99,,
168,4242512,Malik Willis,QB,MIA,6.0,265.15101997,-76.45184021,167.5,10,157.5,,
169,3116389,Samaje Perine,RB,CIN,6.0,91.07145234,-77.51740350000001,170.86,10,160.86,,
170,4429086,Michael Mayer,TE,LV,13.0,62.44128353,-77.85360064,170.23,10,160.23,,
171,4595342,Oronde Gadsden,TE,LAC,7.0,62.12362562,-78.17125854999999,170.29,10,160.29,,
172,4870847,Ja'Kobi Lane,WR,BAL,13.0,84.68616663,-78.85340693999999,169.07,10,159.07,,
173,4242557,Colby Parkinson,TE,LAR,11.0,61.33773006,-78.95715410999999,170.21,10,160.21,,
174,4241474,Brian Robinson Jr.,RB,ATL,11.0,89.5614958,-79.02736004,167.92,10,157.92,,
175,2977187,Cooper Kupp,WR,SEA,11.0,82.57886643,-80.96070713999998,169.37,10,159.37,,
176,4880281,Jordyn Tyson,WR,NO,8.0,81.98456534,-81.55500822999998,168.06,10,158.06,DOUBTFUL,
177,8439,Aaron Rodgers,QB,PIT,9.0,259.28803949,-82.31482068999998,169.13,10,159.13,,
178,4430802,Darnell Washington,TE,PIT,9.0,56.9940657,-83.30081847,169.88,10,159.88,,
179,3930086,Dawson Knox,TE,BUF,7.0,55.71026567,-84.58461849999999,169.82,10,159.82,,
180,4596334,Keaton Mitchell,RB,LAC,7.0,83.8391225,-84.74973334,169.43,10,159.43,,
181,4373626,Tyler Allgeier,RB,ARI,14.0,82.21197561,-86.37688023000001,163.86,10,153.86,,YES
182,4430034,Xavier Legette,WR,CAR,5.0,76.13681462,-87.40275894999999,170.74,10,160.74,,
183,4361409,Jahan Dotson,WR,ATL,11.0,75.17273008,-88.36684349,170.62,10,160.62,,
184,4688380,Cam Ward,QB,TEN,9.0,252.68961014,-88.91325003999998,169.21,10,159.21,,
185,4808766,Mason Taylor,TE,NYJ,13.0,50.52740831,-89.76747585999999,170.0,10,160.0,,
186,4429023,MarShawn Lloyd,RB,GB,11.0,78.23336848,-90.35548736,102.15,10,92.15,,
187,3916945,Darius Slayton,WR,NYG,8.0,72.96325884,-90.57631473,170.44,10,160.44,,
188,4686612,Tre' Harris,WR,LAC,7.0,72.60057297,-90.9390006,171.08,10,161.08,,
189,5083754,Ryan Flournoy,WR,DAL,14.0,72.42361526,-91.11595830999998,170.98,10,160.98,,YES
190,4429022,Kayshon Boutte,WR,NE,11.0,72.32660365,-91.21296992,170.53,10,160.53,,
191,4429148,Theo Johnson,TE,NYG,8.0,49.05654578,-91.23833839,170.11,10,160.11,,
192,4678006,Elijah Arroyo,TE,SEA,11.0,48.5597036,-91.73518056999998,169.94,10,159.94,,
193,4240472,Noah Gray,TE,KC,5.0,47.76392661,-92.53095756,169.93,10,159.93,,
194,4427834,Erick All Jr.,TE,CIN,6.0,47.54193715,-92.75294702,170.04,10,160.04,,
195,3915411,Ty Johnson,RB,BUF,7.0,73.92733363,-94.66152221,170.78,10,160.78,QUESTIONABLE,
196,4249417,Jalen Tolbert,WR,MIA,6.0,68.66633191,-94.87324166,170.52,10,160.52,,
197,5081397,Dylan Sampson,RB,CLE,11.0,72.10095361,-96.48790223,169.79,10,159.79,,
198,4870612,Zachariah Branch,WR,ATL,11.0,66.79888563,-96.74068794,170.7,10,160.7,,
199,4258595,Cole Kmet,TE,CHI,10.0,42.75178053,-97.54310364,169.75,10,159.75,,
200,4362921,Tyquan Thornton,WR,KC,5.0,65.55974508,-97.97982849,170.25,10,160.25,,
201,4685247,Braelon Allen,RB,NYJ,13.0,70.29890056,-98.28995528,171.03,10,161.03,,
202,5081432,Antonio Williams,WR,WAS,7.0,64.85405832,-98.68551525,170.39,10,160.39,,
203,4362619,Chris Rodriguez Jr.,RB,JAX,7.0,69.36493142,-99.22392442,164.57,10,154.57,,
204,4635008,Keon Coleman,WR,BUF,7.0,63.21273348,-100.32684009,170.23,10,160.23,QUESTIONABLE,
205,5123663,Isaac TeSlaa,WR,DET,6.0,60.95769623,-102.58187733999998,170.28,10,160.28,,
206,4702555,Jonah Coleman,RB,DEN,10.0,65.7367601,-102.85209574,162.82,10,152.82,,
207,4600981,Pat Bryant,WR,DEN,10.0,58.62478193,-104.91479164,170.36,10,160.36,,
208,4686472,Marvin Mims Jr.,WR,DEN,10.0,57.83433015,-105.70524342,170.14,10,160.14,QUESTIONABLE,
209,3676833,KaVontae Turpin,WR,DAL,14.0,57.70791042,-105.83166315,169.72,10,159.72,,YES
210,4372780,Tommy Tremble,TE,CAR,5.0,34.4055133,-105.88937087,169.97,10,159.97,,
211,4429013,Tank Bigsby,RB,PHI,10.0,62.3303109,-106.25854494,169.72,10,159.72,,
212,3043275,Austin Hooper,TE,ATL,11.0,33.15911334,-107.13577082999998,169.98,10,159.98,,
213,4686658,Mike Washington Jr.,RB,LV,13.0,60.95165438,-107.63720146,162.75,10,152.75,,
214,4431588,Ja'Tavion Sanders,TE,CAR,5.0,32.53736104,-107.75752312999998,169.95,10,159.95,,
215,4426844,Elijah Higgins,TE,ARI,14.0,32.50816793,-107.78671624,169.95,10,159.95,QUESTIONABLE,YES
216,4723820,Omar Cooper Jr.,WR,NYJ,13.0,54.7035992,-108.83597437,171.08,10,161.08,,
217,4597703,Tory Horton,WR,SEA,11.0,54.67171288,-108.86786069,170.17,10,160.17,QUESTIONABLE,
218,4880236,Will Kacmarek,TE,MIA,6.0,30.88610776,-109.40877641,169.99,10,159.99,,
219,4686422,Xavier Hutchinson,WR,HOU,8.0,53.8692578,-109.67031577,170.54,10,160.54,,
220,2573401,Tyler Higbee,TE,LAR,11.0,30.44830279,-109.84658138,169.88,10,159.88,,
221,4360516,Tyrone Tracy Jr.,RB,NYG,8.0,58.61246502,-109.97639082,170.34,10,160.34,,
222,5220680,Ted Hurst III,WR,TB,10.0,53.53417746,-110.00539611,170.15,10,160.15,,
223,3127310,Drew Sample,TE,CIN,6.0,30.15618777,-110.1386964,169.98,10,159.98,,
224,3921690,Josh Oliver,TE,MIN,6.0,30.07970662,-110.21517755,169.96,10,159.96,,
225,4040655,Darnell Mooney,WR,NYG,8.0,53.03239238,-110.50718118999998,170.34,10,160.34,,
226,4831959,Eli Raridon,TE,NE,11.0,29.25564869,-111.03923548,169.98,10,159.98,,
227,4241263,Charlie Kolar,TE,LAC,7.0,28.85642044,-111.43846373,170.0,10,160.0,,
228,4603186,Jack Bech,WR,LV,13.0,52.06142599,-111.47814757999998,170.19,10,160.19,,
229,4696044,Kaelon Black,RB,SF,8.0,56.44058137,-112.14827447000002,170.04,10,160.04,,
230,4362478,Emari Demercado,RB,KC,5.0,55.92375433,-112.66510151,170.16,10,160.16,,
231,4036131,Noah Fant,TE,NO,8.0,27.62589086,-112.66899331,169.98,10,159.98,,
232,4048228,John Bates,TE,WAS,7.0,27.52079929,-112.77408488,169.99,10,159.99,QUESTIONABLE,
233,4431487,Savion Williams,WR,GB,11.0,50.33331666,-113.20625690999998,170.0,10,160.0,,
234,2578570,Jacoby Brissett,QB,ARI,14.0,228.35690542,-113.24595476,169.83,10,159.83,,YES
235,4426496,Cade Stover,TE,HOU,8.0,27.02992652,-113.26495765,169.98,10,159.98,,
236,4427095,DeMario Douglas,WR,NE,11.0,50.1120636,-113.42750997,170.44,10,160.44,,
237,4259147,Jake Tonges,TE,SF,8.0,26.22130351,-114.07358066,170.08,10,160.08,,
238,4869961,Chris Bell,WR,MIA,6.0,49.46528022,-114.07429335,170.57,10,160.57,QUESTIONABLE,
239,4682648,Malachi Fields,WR,NYG,8.0,48.3899338,-115.14963977,171.03,10,161.03,,
240,4368003,Andrei Iosivas,WR,CIN,6.0,47.8981024,-115.64147117,170.16,10,160.16,,
241,4431574,Eli Stowers,TE,PHI,10.0,23.61767499,-116.67720918,169.99,10,159.99,,
242,3911853,Adam Trautman,TE,DEN,10.0,22.95569763,-117.33918654,169.97,10,159.97,,
243,4360797,Tutu Atwell,WR,MIA,6.0,46.14338518,-117.39618839,169.96,10,159.96,,
244,3050481,Tanner Hudson,TE,CIN,6.0,22.85676257,-117.4381216,169.99,10,159.99,,
245,4685279,Jaydon Blue,RB,DAL,14.0,50.56264925,-118.02620659000002,170.52,10,160.52,QUESTIONABLE,YES
246,2998565,Mo Alie-Cox,TE,IND,13.0,22.22343355,-118.07145062,169.97,10,159.97,,
247,4372096,Luke Schoonmaker,TE,DAL,14.0,21.98469952,-118.31018465,169.93,10,159.93,,YES
248,4573699,Jackson Hawes,TE,BUF,7.0,21.88123936,-118.41364481,169.97,10,159.97,,
249,4690923,Ben Sinnott,TE,WAS,7.0,21.07847098,-119.21641319,169.99,10,159.99,,
250,4361516,Daniel Bellinger,TE,TEN,9.0,20.42474061,-119.87014356,169.99,10,159.99,,
251,4361372,Jeremy Ruckert,TE,NYJ,13.0,19.13210588,-121.16277829,169.99,10,159.99,,
252,4431280,Troy Franklin,WR,DEN,10.0,42.24584916,-121.29372440999998,170.06,10,160.06,,
253,3052897,Durham Smythe,TE,BAL,13.0,18.67190236,-121.62298180999998,169.98,10,159.98,,
254,4241457,Najee Harris,RB,NYG,8.0,45.89601061,-122.69284523000002,170.07,10,160.07,QUESTIONABLE,
255,4695404,Isaiah Davis,RB,NYJ,13.0,44.54486753,-124.04398831,170.43,10,160.43,QUESTIONABLE,
256,4361577,Dyami Brown,WR,WAS,7.0,39.02891909,-124.51065448,169.99,10,159.99,,
257,3045523,Kendrick Bourne,WR,ARI,14.0,38.89925372,-124.64031985,170.0,10,160.0,,YES
258,4426553,Davis Allen,TE,LAR,11.0,15.61466817,-124.680216,169.99,10,159.99,QUESTIONABLE,
259,5150247,Malik Benson,WR,LV,13.0,38.60508121,-124.93449235999998,170.02,10,160.02,,
260,3843945,Foster Moreau,TE,HOU,8.0,15.21995575,-125.07492842,169.99,10,159.99,,
261,2973405,Kalif Raymond,WR,CHI,10.0,38.37461103,-125.16496254,169.98,10,159.98,,
262,4383440,Nate Adkins,TE,DEN,10.0,14.80550883,-125.48937533999998,169.99,10,159.99,,
263,4242392,Brock Wright,TE,DET,6.0,14.72251163,-125.57237254,169.92,10,159.92,,
264,4686248,Nate Boerkircher,TE,JAX,7.0,14.5613105,-125.73357366999998,169.99,10,159.99,,
265,4372505,Payne Durham,TE,TB,10.0,14.46025682,-125.83462735,169.99,10,159.99,,
266,4837248,Fernando Mendoza,QB,LV,13.0,215.55374803,-126.04911214999998,168.8,10,158.8,,
267,4567156,Treylon Burks,WR,WAS,7.0,37.43669489,-126.10287868,169.99,10,159.99,,
268,4702559,Oscar Delp,TE,NO,8.0,14.1353894,-126.15949477,169.99,10,159.99,,
269,4569371,Isaiah Williams,WR,NYJ,13.0,37.35979897,-126.1797746,169.99,10,159.99,,
270,4832955,Emmett Johnson,RB,KC,5.0,42.36946116,-126.21939468,169.92,10,159.92,,
271,4696882,Devontez Walker,WR,BAL,13.0,36.70977006,-126.82980351,169.97,10,159.97,,
272,4242433,Joshua Palmer,WR,BUF,7.0,36.31901412,-127.22055945,169.97,10,159.97,,
273,4912218,Cyrus Allen,WR,KC,5.0,35.88799374,-127.65157983,169.85,10,159.85,,
274,4565859,Joe Royer,TE,CLE,11.0,12.51173212,-127.78315204999998,169.99,10,159.99,QUESTIONABLE,
275,4428085,Luke Musgrave,TE,GB,11.0,12.47384905,-127.82103512,169.98,10,159.98,OUT,
276,4373030,Ben Sims,TE,MIA,6.0,11.93536653,-128.35951763999998,170.0,10,160.0,QUESTIONABLE,
277,4682745,Jaylen Wright,RB,MIA,6.0,39.67146891,-128.91738693000002,170.73,10,160.73,,
278,4431268,Chimere Dike,WR,TEN,9.0,34.11283011,-129.42674345999998,169.87,10,159.87,,
279,5092508,Colbie Young,WR,CIN,6.0,32.56569638,-130.97387719,169.98,10,159.98,,
280,4429835,George Holani,RB,SEA,11.0,37.44532013,-131.14353571,170.34,10,160.34,,
281,4879276,Bryce Lance,WR,NO,8.0,31.96265182,-131.57692175,170.0,10,160.0,,
282,4833029,Max Klare,TE,LAR,11.0,7.93465426,-132.36022991,170.0,10,160.0,,
283,4602667,Jaylin Lane,WR,WAS,7.0,31.10587435,-132.43369922,170.0,10,160.0,,
284,4040612,Luke Farrell,TE,SF,8.0,7.85003567,-132.44484849999998,169.99,10,159.99,,
285,4430871,Sean Tucker,RB,TB,10.0,35.9240542,-132.66480164,170.35,10,160.35,,
286,4912052,Justin Joly,TE,DEN,10.0,7.57755137,-132.71733279999998,169.98,10,159.98,,
287,4360967,Brevyn Spann-Ford,TE,DAL,14.0,7.54258011,-132.75230406,169.98,10,159.98,,YES
288,3895856,Christian Kirk,WR,SF,8.0,30.7373801,-132.80219347,169.94,10,159.94,QUESTIONABLE,
289,4596545,CJ Dippre,TE,NE,11.0,7.2824919,-133.01239227,169.98,10,159.98,,
290,4911851,LeQuint Allen Jr.,RB,JAX,7.0,35.57585758,-133.01299826000002,170.37,10,160.37,QUESTIONABLE,
291,4917427,Tanner Koziol,TE,JAX,7.0,7.2685583,-133.02632587,169.99,10,159.99,,
292,4034779,Ko Kieft,TE,TB,10.0,7.26552674,-133.02935742999998,169.99,10,159.99,,
293,3915486,Tyler Conklin,TE,DET,6.0,7.10248135,-133.19240281999998,169.98,10,159.98,,
294,4722908,Drew Ogletree,TE,IND,13.0,7.02448916,-133.27039501,169.98,10,159.98,,
295,4360086,Josh Whyle,TE,GB,11.0,6.97744381,-133.31744035999998,169.98,10,159.98,,
296,4432260,Matthew Hibner,TE,BAL,13.0,6.97057003,-133.32431413999998,169.99,10,159.99,,
297,4876132,Josh Cuevas,TE,BAL,13.0,6.97057003,-133.32431413999998,169.98,10,159.98,,
298,4695705,Marlin Klein,TE,HOU,8.0,6.91773503,-133.37714914,169.98,10,159.98,,
299,2975863,Eric Saubert,TE,SEA,11.0,6.91264607,-133.3822381,169.99,10,159.99,,
300,4685504,Sam Roush,TE,CHI,10.0,6.87433477,-133.4205494,169.98,10,159.98,,
301,4869748,Zavion Thomas,WR,CHI,10.0,29.93825814,-133.60131543,169.86,10,159.86,,
302,3052096,Johnny Mundt,TE,PHI,10.0,6.50020864,-133.79467552999998,169.98,10,159.98,,
303,4696700,Tip Reiman,TE,ARI,14.0,6.49794816,-133.79693601,170.0,10,160.0,OUT,YES
304,16002,Kyle Juszczyk,RB,SF,8.0,34.70476547,-133.88409037000002,169.97,10,159.97,QUESTIONABLE,
305,4045305,Ian Thomas,TE,LV,13.0,6.38256105,-133.91232312,169.99,10,159.99,,
306,4035020,Charlie Woerner,TE,ATL,11.0,6.27221133,-134.02267283999998,169.99,10,159.99,,
307,4429501,Ray Davis,RB,BUF,7.0,34.24106453,-134.34779131,170.96,10,160.96,,
308,4034862,Jack Stoll,TE,CLE,11.0,5.77781924,-134.51706492999998,169.99,10,159.99,,
309,5088338,Elijah Sarratt,WR,BAL,13.0,28.04495828,-135.49461528999998,169.99,10,159.99,,
310,4711533,Ollie Gordon II,RB,MIA,6.0,32.9461744,-135.64268144000002,170.73,10,160.73,,
311,4241372,Hollywood Brown,WR,PHI,10.0,27.54119848,-135.99837509,169.98,10,159.98,,
312,4430968,Kimani Vidal,RB,LAC,7.0,32.42566314,-136.16319270000002,171.0,10,161.0,,
313,4874509,DJ Giddens,RB,IND,13.0,31.7913521,-136.79750374,170.12,10,160.12,QUESTIONABLE,
314,2531358,Chris Manhertz,TE,NYG,8.0,3.23587124,-137.05901293,169.98,10,159.98,,
315,4685307,Kevin Coleman Jr.,WR,MIA,6.0,26.12588094,-137.41369263,170.18,10,160.18,QUESTIONABLE,
316,4569382,Jordan Whittington,WR,LAR,11.0,26.02017131,-137.51940226,169.97,10,159.97,,
317,4808839,Isaiah Bond,WR,CLE,11.0,25.60374804,-137.93582553,170.0,10,160.0,,
318,3917914,Olamide Zaccheaus,WR,ATL,11.0,25.16101016,-138.37856341,170.0,10,160.0,,
319,3149687,Chris Brooks,RB,GB,11.0,30.11101143,-138.47784441000002,170.71,10,160.71,,
320,4061956,Ashton Dulin,WR,IND,13.0,24.87494881,-138.66462475999998,169.94,10,159.94,,
321,4710855,Konata Mumpfield,WR,LAR,11.0,24.29731794,-139.24225563,169.98,10,159.98,,
322,4683153,Skyler Bell,WR,BUF,7.0,23.43046833,-140.10910524,169.95,10,159.95,QUESTIONABLE,
323,4241410,Jelani Woods,TE,NYJ,13.0,0.0,-140.29488417,169.99,10,159.99,,
324,4244049,Quintin Morris,TE,JAX,7.0,0.0,-140.29488417,169.99,10,159.99,,
325,4361112,Devin Culp,TE,TB,10.0,0.0,-140.29488417,170.0,10,160.0,,
326,4362018,Blake Whiteheart,TE,CLE,11.0,0.0,-140.29488417,169.98,10,159.98,,
327,4239944,Hunter Long,TE,JAX,7.0,0.0,-140.29488417,169.99,10,159.99,,
328,4360231,Lucas Krull,TE,DEN,10.0,0.0,-140.29488417,169.99,10,159.99,,
329,4365395,Julian Hill,TE,NE,11.0,0.0,-140.29488417,170.0,10,160.0,INJURY_RESERVE,
330,4241374,Grant Calcaterra,TE,PHI,10.0,0.0,-140.29488417,169.99,10,159.99,QUESTIONABLE,
331,4361438,Cole Turner,TE,MIA,6.0,0.0,-140.29488417,170.0,10,160.0,,
332,4431492,Roman Wilson,WR,PIT,9.0,22.97170211,-140.56787146,169.97,10,159.97,,
333,4685553,Brenen Thompson,WR,LAC,7.0,22.75170164,-140.78787193,169.99,10,159.99,,
334,2991662,Mack Hollins,WR,NE,11.0,22.68087902,-140.85869455,170.1,10,160.1,,
335,4685397,Jordan James,RB,SF,8.0,27.17215652,-141.41669932000002,170.36,10,160.36,QUESTIONABLE,
336,3118892,Justin Watson,WR,HOU,8.0,21.15862657,-142.380947,169.99,10,159.99,,
337,4431562,Phil Mafah,RB,DAL,14.0,26.01807054,-142.5707853,170.15,10,160.15,QUESTIONABLE,YES
338,4883647,Elic Ayomanor,WR,TEN,9.0,19.51221397,-144.02735959999998,170.0,10,160.0,,
339,16733,Odell Beckham Jr.,WR,NYG,8.0,19.48967018,-144.04990339,169.4,10,159.4,,
340,4613202,Kyle Williams,WR,NE,11.0,19.35677401,-144.18279955999998,169.98,10,159.98,,
341,4608810,Tez Johnson,WR,TB,10.0,18.23103362,-145.30853994999998,169.98,10,159.98,QUESTIONABLE,
342,4685526,Adam Randall,RB,BAL,13.0,23.26989977,-145.31895607,170.09,10,160.09,,
343,4708486,Jimmy Horn Jr.,WR,CAR,5.0,17.89244905,-145.64712451999998,169.98,10,159.98,,
344,4431545,Will Shipley,RB,PHI,10.0,22.38682456,-146.20203128,170.19,10,160.19,,
345,4383396,Hunter Luepke,RB,DAL,14.0,20.75182588,-147.83702996,169.98,10,159.98,,YES
346,4426948,Luke McCaffrey,WR,WAS,7.0,15.11242407,-148.42714949999998,169.92,10,159.92,,
347,5082630,Jalen Royals,WR,KC,5.0,14.94727705,-148.59229652,169.98,10,159.98,,
348,4430870,KeAndre Lambert-Smith,WR,LAC,7.0,14.92976389,-148.60980967999998,169.97,10,159.97,,
349,3929785,Nick Westbrook-Ikhine,WR,IND,13.0,14.21405178,-149.32552178999998,170.0,10,160.0,,
350,4573697,Mason Tipton,WR,NO,8.0,14.01616847,-149.5234051,170.0,10,160.0,OUT,
351,4037235,Greg Dortch,WR,DET,6.0,13.9572162,-149.58235736999998,170.0,10,160.0,,
352,4429299,Tahj Brooks,RB,CIN,6.0,18.39218244,-150.1966734,170.15,10,160.15,,
353,4432775,Dont'e Thornton Jr.,WR,LV,13.0,13.03754185,-150.50203172,169.99,10,159.99,QUESTIONABLE,
354,4243389,Calvin Austin III,WR,NYG,8.0,12.97434325,-150.56523031999998,169.99,10,159.99,,
355,4685555,Nicholas Singleton,RB,TEN,9.0,17.6649694,-150.92388644000002,170.2,10,160.2,,
356,4698597,Barion Brown,WR,NO,8.0,10.90332184,-152.63625173,169.98,10,159.98,,
357,4259305,Bo Melton,WR,GB,11.0,10.23388203,-153.30569154,169.98,10,159.98,,
358,4599739,Kendre Miller,RB,NO,8.0,15.10329885,-153.48555699000002,170.19,10,160.19,,
359,4362477,Derius Davis,WR,LAC,7.0,9.93813669,-153.60143688,170.0,10,160.0,,
360,4386544,Xavier Smith,WR,LAR,11.0,9.77705649,-153.76251707999998,169.98,10,159.98,,
361,4685350,Trevor Etienne,RB,CAR,5.0,14.66987782,-153.91897802,169.93,10,159.93,,
362,4832846,Demond Claiborne,RB,MIN,6.0,14.51246058,-154.07639526,170.16,10,160.16,,
363,4241476,Tyrell Shavers,WR,BUF,7.0,8.95306067,-154.5865129,169.99,10,159.99,OUT,
364,4613104,Malachi Corley,WR,CLE,11.0,8.67924162,-154.86033195,169.99,10,159.99,,
365,4685246,Kaytron Allen,RB,WAS,7.0,13.71329005,-154.87556579,170.15,10,160.15,,
366,4686468,Seth McGowan,RB,IND,13.0,13.54804545,-155.04081039000002,170.29,10,160.29,,
367,4690070,Mitchell Tinsley,WR,CIN,6.0,8.13376355,-155.40581002,169.98,10,159.98,,
368,4605951,CJ Daniels,WR,LAR,11.0,7.92530296,-155.61427060999998,169.97,10,159.97,,
369,3043116,Demarcus Robinson,WR,SF,8.0,7.86061924,-155.67895432999998,169.97,10,159.97,,
370,3917668,Alec Ingold,RB,LAC,7.0,12.41267959,-156.17617625,169.99,10,159.99,,
371,4565185,Tai Felton,WR,MIN,6.0,7.15215122,-156.38742234999998,169.99,10,159.99,,
372,5160110,Jahdae Walker,WR,CHI,10.0,7.07711014,-156.46246343,169.97,10,159.97,,
373,4426485,Jonathan Mingo,WR,DAL,14.0,6.94176486,-156.59780870999998,169.97,10,159.97,,YES
374,4715355,Darius Cooper,WR,PHI,10.0,6.87583048,-156.66374309,169.98,10,159.98,,
375,4683159,Lewis Bond,WR,HOU,8.0,6.66672078,-156.87285279,169.99,10,159.99,,
376,4869132,Reggie Virgil,WR,ARI,14.0,6.40871386,-157.13085970999998,169.99,10,159.99,,YES
377,4360763,Brycen Tremayne,WR,CAR,5.0,6.33974691,-157.19982666,169.99,10,159.99,,
378,4369863,Cedric Tillman,WR,CLE,11.0,5.85110023,-157.68847333999997,169.97,10,159.97,QUESTIONABLE,
379,4887558,Emanuel Wilson,RB,SEA,11.0,9.23505278,-159.35380306000002,170.2,10,160.2,QUESTIONABLE,
380,5081338,Kaden Wetjen,WR,PIT,9.0,4.08213199,-159.45744158,169.95,10,159.95,,
381,5097554,Kameron Johnson,WR,TB,10.0,3.59967003,-159.93990354,169.99,10,159.99,,
382,4429105,Arian Smith,WR,NYJ,13.0,3.50974932,-160.02982425,169.99,10,159.99,,
383,3929914,Adam Prentice,RB,DEN,10.0,8.44028924,-160.1485666,169.99,10,159.99,,
384,4241961,Connor Heyward,RB,LV,13.0,8.27636862,-160.31248722,169.99,10,159.99,,
385,4035656,Ben Skowronek,WR,PIT,9.0,2.9937332,-160.54584036999998,169.98,10,159.98,,
386,2515270,Michael Burton,RB,CLE,11.0,7.96407451,-160.62478133000002,169.98,10,159.98,,
387,4241802,Jalen Reagor,WR,MIA,6.0,2.74084846,-160.79872511,169.98,10,159.98,,
388,3123075,Braxton Berrios,WR,NYG,8.0,2.4886875,-161.05088607,169.96,10,159.96,,
389,4257188,Charlie Jones,WR,CIN,6.0,2.46587398,-161.07369959,169.98,10,159.98,,
390,4878695,Max Bredeson,RB,MIN,6.0,7.36385679,-161.22499905,169.99,10,159.99,,
391,4430656,Myles Price,WR,MIN,6.0,1.95011068,-161.58946289,169.96,10,159.96,,
392,4690143,LaJohntay Wester,WR,BAL,13.0,1.86868652,-161.67088704999998,169.99,10,159.99,,
393,4429939,Jawhar Jordan,RB,HOU,8.0,6.89740062,-161.69145522,170.14,10,160.14,QUESTIONABLE,
394,3926231,Britain Covey,WR,PHI,10.0,1.65974176,-161.87983180999998,169.98,10,159.98,QUESTIONABLE,
395,4372716,Nikko Remigio,WR,KC,5.0,1.42888602,-162.11068755,169.98,10,159.98,,
396,4429684,Anthony Gould,WR,IND,13.0,1.42867998,-162.11089359,169.99,10,159.99,QUESTIONABLE,
397,3125107,Andrew Beck,RB,NYJ,13.0,6.32817775,-162.26067809,169.99,10,159.99,,
398,4575665,Jacob Cowing,WR,SF,8.0,1.06210751,-162.47746605999998,169.99,10,159.99,,
399,4570738,Ke'Shawn Williams,WR,CIN,6.0,0.98695097,-162.55262259999998,169.98,10,159.98,,
400,4693370,Riley Nowakowski,RB,PIT,9.0,5.97973549,-162.60912035,170.0,10,160.0,,
401,4039505,Reggie Gilliam,RB,NE,11.0,5.8967525,-162.69210334000002,169.98,10,159.98,,
402,4039050,Devin Duvernay,WR,ARI,14.0,0.8025052,-162.73706836999995,169.99,10,159.99,,YES
403,4877203,Gage Larvadain,WR,CLE,11.0,0.71052255,-162.82905101999998,169.99,10,159.99,,
404,4695193,Efton Chism III,WR,NE,11.0,0.53450261,-163.00507095999998,169.96,10,159.96,,
405,4430191,Skyy Moore,WR,GB,11.0,0.39730223,-163.14227133999998,169.98,10,159.98,,
406,2975417,Patrick Ricard,RB,NYG,8.0,5.4297093,-163.15914654,169.98,10,159.98,,
407,4401805,Dareke Young,WR,LV,13.0,0.35664735,-163.18292621999998,169.99,10,159.99,,
408,4879194,Josh Cameron,WR,JAX,7.0,0.33619265,-163.20338092,169.98,10,159.98,,
409,4692835,Jalen Brooks,WR,ARI,14.0,0.28747999,-163.25209357999998,169.98,10,159.98,,YES
410,4034704,Michael Bandy,WR,DEN,10.0,0.17957074,-163.36000282999998,169.99,10,159.99,,
411,4360637,Jeshaun Jones,WR,MIN,6.0,0.08130979,-163.45826377999998,169.99,10,159.99,,
412,4057082,Mason Kinsey,WR,TEN,9.0,0.06520126,-163.47437230999998,169.98,10,159.98,,
413,4374187,Deven Thompkins,WR,LV,13.0,0.0,-163.53957357,170.0,10,160.0,,
414,4428209,Ricky Pearsall,WR,SF,8.0,0.0,-163.53957357,169.93,10,159.93,INJURY_RESERVE,
415,4363551,Dylan Drummond,WR,ATL,11.0,0.0,-163.53957357,169.99,10,159.99,,
416,4426407,Trey Palmer,WR,NO,8.0,0.0,-163.53957357,169.99,10,159.99,,
417,4212909,David Moore,WR,CAR,5.0,0.0,-163.53957357,169.99,10,159.99,,
418,4244856,Austin Trammell,WR,JAX,7.0,0.0,-163.53957357,169.99,10,159.99,,
419,4567506,Tahj Washington,WR,MIA,6.0,0.0,-163.53957357,169.99,10,159.99,,
420,4362630,Terrace Marshall Jr.,WR,MIA,6.0,0.0,-163.53957357,169.99,10,159.99,,
421,4241424,Tylan Wallace,WR,CLE,11.0,0.0,-163.53957357,169.99,10,159.99,,
422,4424106,Gunner Olszewski,WR,NYG,8.0,0.0,-163.53957357,169.99,10,159.99,INJURY_RESERVE,
423,3930066,Van Jefferson,WR,WAS,7.0,0.0,-163.53957357,169.97,10,159.97,,
424,3051889,Laquon Treadwell,WR,IND,13.0,0.0,-163.53957357,169.99,10,159.99,,
425,4819231,Kaleb Johnson,RB,PIT,9.0,4.84666953,-163.74218631000002,170.07,10,160.07,,
426,4373273,British Brooks,RB,HOU,8.0,2.37581477,-166.21304107,169.99,10,159.99,QUESTIONABLE,
427,4035537,Kene Nwangwu,RB,NYJ,13.0,2.28552902,-166.30332682,170.11,10,160.11,,
428,4372561,Isaac Guerendo,RB,SF,8.0,1.04503816,-167.54381768000002,169.99,10,159.99,OUT,
429,4596602,Brashard Smith,RB,KC,5.0,0.9865721,-167.60228374000002,170.55,10,160.55,,
430,4427728,Bam Knight,RB,ARI,14.0,0.81811357,-167.77074227,170.1,10,160.1,,YES
431,4366963,Dylan Laube,RB,LV,13.0,0.66574172,-167.92311412,170.07,10,160.07,,
432,4690013,Rasheen Ali,RB,BAL,13.0,0.49543996,-168.09341588,170.13,10,160.13,QUESTIONABLE,
433,4362748,Tyler Badie,RB,DEN,10.0,0.35320936,-168.23564648,170.06,10,160.06,,
434,4383429,Jacob Saylors,RB,DET,6.0,0.33143282,-168.25742302,170.32,10,160.32,QUESTIONABLE,
435,4240631,DeeJay Dallas,RB,JAX,7.0,0.17887304,-168.4099828,170.0,10,160.0,,
436,4568024,Josh Williams,RB,TB,10.0,0.10920149,-168.47965435,169.94,10,159.94,,
437,4047365,Josh Jacobs,RB,GB,11.0,0.0,-168.58885584,100.4,10,90.4,QUESTIONABLE,
438,3045147,James Conner,RB,ARI,14.0,0.0,-168.58885584,170.01,10,160.01,QUESTIONABLE,YES
439,4040761,Devin Singletary,RB,NYG,8.0,0.0,-168.58885584,169.98,10,159.98,,
440,4429275,Trey Benson,RB,ARI,14.0,0.0,-168.58885584,169.98,10,159.98,QUESTIONABLE,YES
441,4372019,Jerome Ford,RB,WAS,7.0,0.0,-168.58885584,169.98,10,159.98,INJURY_RESERVE,
442,4240603,Malik Davis,RB,DAL,14.0,0.0,-168.58885584,170.52,10,160.52,,YES
443,3122840,Deshaun Watson,QB,CLE,11.0,140.35974795,-201.24311223,170.12,10,160.12,,
444,4241479,Tua Tagovailoa,QB,ATL,11.0,135.55842011,-206.04444007,170.1,10,160.1,,
445,4360423,Michael Penix Jr.,QB,ATL,11.0,132.26235666,-209.34050352,170.1,10,160.1,QUESTIONABLE,
446,4432762,Shedeur Sanders,QB,CLE,11.0,112.61814432,-228.98471586,169.9,10,159.9,,
447,14880,Kirk Cousins,QB,LV,13.0,53.88425587,-287.71860431,169.93,10,159.93,,
448,4433970,J.J. McCarthy,QB,MIN,6.0,46.34304236,-295.25981782,169.91,10,159.91,,
449,4430841,Carson Beck,QB,ARI,14.0,34.39257881,-307.21028137,170.02,10,160.02,QUESTIONABLE,YES
450,11252,Joe Flacco,QB,CIN,6.0,12.97005905,-328.63280113,169.97,10,159.97,,
451,3892775,Jarrett Stidham,QB,DEN,10.0,12.57714086,-329.02571932,169.99,10,159.99,,
452,4362887,Justin Fields,QB,KC,5.0,12.47884923,-329.12401095,169.97,10,159.97,,
453,3059989,Nick Mullens,QB,JAX,7.0,12.42225937,-329.18060081,169.99,10,159.99,,
454,4685522,Ty Simpson,QB,LAR,11.0,12.37097152,-329.23188866,169.98,10,159.98,,
455,3886812,Jake Browning,QB,TB,10.0,12.24076803,-329.36209215,169.98,10,159.98,,
456,4434153,Tyson Bagent,QB,CHI,10.0,12.1055573,-329.49730288,169.98,10,159.98,QUESTIONABLE,
457,2576980,Marcus Mariota,QB,WAS,7.0,12.08928345,-329.51357673,170.0,10,160.0,QUESTIONABLE,
458,4240391,Tommy DeVito,QB,NE,11.0,12.08047262,-329.52238756,169.96,10,159.96,,
459,4426875,Sam Howell,QB,DAL,14.0,11.45850918,-330.144351,169.97,10,159.97,,YES
460,4383351,Trey Lance,QB,LAC,7.0,11.28723056,-330.31562962,169.98,10,159.98,,
461,4685201,Tanner McKee,QB,PHI,10.0,11.26243544,-330.34042474,169.99,10,159.99,,
462,4714771,Drew Allar,QB,PIT,9.0,11.16761221,-330.43524797,169.95,10,159.95,,
463,4683423,Riley Leonard,QB,IND,13.0,10.91418595,-330.68867423,169.99,10,159.99,,
464,14163,Tyrod Taylor,QB,GB,11.0,10.901854,-330.70100618,169.98,10,159.98,,
465,4240703,Kenny Pickett,QB,CAR,5.0,10.61234414,-330.99051604,169.97,10,159.97,,
466,4241464,Mac Jones,QB,SF,8.0,10.47539927,-331.12746091,169.98,10,159.98,,
467,4426339,Spencer Rattler,QB,NO,8.0,10.43828222,-331.16457796,169.99,10,159.99,,
468,3044720,Joshua Dobbs,QB,DET,6.0,10.35278641,-331.25007377,169.97,10,159.97,,
469,2969939,Jameis Winston,QB,NYG,8.0,10.33428134,-331.26857884,169.97,10,159.97,,
470,4035671,Tyler Huntley,QB,BAL,13.0,10.22481655,-331.37804363,169.98,10,159.98,,
471,4242546,Davis Mills,QB,HOU,8.0,9.91855537,-331.68430481,169.99,10,159.99,,
472,3115293,Kyle Allen,QB,BUF,7.0,9.76137688,-331.8414833,169.96,10,159.96,,
473,4685413,Cade Klubnik,QB,NYJ,13.0,9.5942377,-332.00862248,169.99,10,159.99,,
474,3924327,Drew Lock,QB,SEA,11.0,9.41263034,-332.19022984,169.97,10,159.97,,
475,3039707,Mitchell Trubisky,QB,TEN,9.0,8.95649231,-332.64636787,169.99,10,159.99,,
476,4038524,Gardner Minshew II,QB,ARI,14.0,8.32865709,-333.27420309,169.97,10,159.97,,YES
477,4889929,Quinn Ewers,QB,MIA,6.0,8.30028382,-333.30257636,169.98,10,159.98,QUESTIONABLE,
478,4360698,Joe Milton III,QB,DAL,14.0,0.0,-341.60286018,169.93,10,159.93,,YES
479,4260394,Aidan O'Connell,QB,LV,13.0,0.0,-341.60286018,169.99,10,159.99,,
480,11394,Josh Johnson,QB,CIN,6.0,0.0,-341.60286018,169.98,10,159.98,,
481,3116407,Mason Rudolph,QB,PIT,9.0,0.0,-341.60286018,169.98,10,159.98,,
482,4259553,Stetson Bennett IV,QB,LAR,11.0,0.0,-341.60286018,169.97,10,159.97,,
