season,team,week,lead,lead_name,spell_weeks,spell_weeks_18,spell_first,pie_touch,pie_per_week,pre_pie_per_week,lead_share_pre,actual,actual_name,actual_share_first,same_man,chart_has_team,chart_man,chart_name,chart_share,chart_weeks,chart_rate,chart_share_first,chart_wk1_share,chart_td_share,chart_t5_w1,chart_t5_td,usage_man,usage_name,usage_share,usage_weeks,usage_rate,usage_share_first,usage_wk1_share,usage_td_share,usage_t5_w1,usage_t5_td
2021,ATL,11,00-0030578,Cordarrelle Patterson,1,1,11,20.0,20.0,30.333333333333332,0.462,00-0035273,Qadree Ollison,0.6,1,1,00-0032063,Mike Davis,0.35,1.0,3.6,0.35,0.7,0.4432234432234432,1.0,0.9029850746268657,00-0032063,Mike Davis,0.35,1.0,3.6,0.35,0.7,0.4432234432234432,1.0,0.9029850746268657
2021,BAL,4,00-0036457,Ty'Son Williams,1,1,4,24.0,24.0,22.333333333333332,0.507,00-0030513,Latavius Murray,0.75,0,1,,,,,,,,,,,00-0030513,Latavius Murray,0.75,1.0,11.9,0.75,0.4,0.3880597014925373,0.7,0.7052631578947368
2021,BAL,7,00-0030513,Latavius Murray,3,3,7,62.0,20.666666666666668,23.5,0.454,00-0030496,Le'Veon Bell,0.389,1,1,00-0036457,Ty'Son Williams,0.06451612903225806,1.0,4.4,0.2222222222222222,0.52,0.28368794326241137,0.7954545454545454,0.4956896551724138,00-0036457,Ty'Son Williams,0.06451612903225806,1.0,4.4,0.2222222222222222,0.52,0.28368794326241137,0.7954545454545454,0.4956896551724138
2021,CAR,4,00-0033280,Christian McCaffrey,5,5,4,146.0,29.2,34.0,0.676,00-0036555,Chuba Hubbard,0.652,1,1,00-0036555,Chuba Hubbard,0.7328767123287672,5.0,11.64,0.6521739130434783,0.0625,0.2647058823529412,0.3684210526315789,0.717391304347826,00-0036555,Chuba Hubbard,0.7328767123287672,5.0,11.64,0.6521739130434783,0.0625,0.2647058823529412,0.3684210526315789,0.717391304347826
2021,CAR,11,00-0036555,Chuba Hubbard,1,1,11,19.0,19.0,32.3,0.458,00-0033280,Christian McCaffrey,0.947,1,1,00-0033280,Christian McCaffrey,0.9473684210526315,1.0,21.4,0.9473684210526315,0.9375,0.34365325077399383,0.8260869565217391,0.49282296650717705,00-0033280,Christian McCaffrey,0.9473684210526315,1.0,21.4,0.9473684210526315,0.9375,0.34365325077399383,0.8260869565217391,0.49282296650717705
2021,CHI,5,00-0035685,David Montgomery,4,4,5,115.0,28.75,26.75,0.729,00-0030874,Damien Williams,0.514,0,0,,,,,,,,,,,00-0030874,Damien Williams,0.21739130434782608,3.0,5.466666666666666,0.5135135135135135,0.39285714285714285,0.24299065420560748,0.967741935483871,0.8765432098765432
2021,CLE,6,00-0034791,Nick Chubb,2,2,6,52.0,26.0,36.0,0.528,00-0033923,Kareem Hunt,0.81,1,1,00-0033923,Kareem Hunt,0.3269230769230769,1.0,9.3,0.8095238095238095,0.34615384615384615,0.4222222222222222,1.0,0.8351063829787234,00-0033923,Kareem Hunt,0.3269230769230769,1.0,9.3,0.8095238095238095,0.34615384615384615,0.4222222222222222,1.0,0.8351063829787234
2021,CLE,10,00-0034791,Nick Chubb,1,1,10,27.0,27.0,31.444444444444443,0.452,00-0035628,D'Ernest Johnson,1.0,1,1,00-0035628,D'Ernest Johnson,1.0,1.0,19.2,1.0,,0.1519434628975265,0.0,0.27393617021276595,00-0035628,D'Ernest Johnson,1.0,1.0,19.2,1.0,,0.1519434628975265,0.0,0.27393617021276595
2021,DEN,13,00-0032144,Melvin Gordon,1,1,13,37.0,37.0,29.0,0.517,00-0036997,Javonte Williams,0.865,1,1,00-0036997,Javonte Williams,0.8648648648648649,1.0,26.8,0.8648648648648649,0.5172413793103449,0.4702194357366771,1.0,0.967930029154519,00-0036997,Javonte Williams,0.8648648648648649,1.0,26.8,0.8648648648648649,0.5172413793103449,0.4702194357366771,1.0,0.967930029154519
2021,DET,13,00-0036275,D'Andre Swift,2,4,13,49.0,24.5,31.454545454545453,0.607,00-0033948,Jamaal Williams,0.643,1,1,00-0033948,Jamaal Williams,0.3673469387755102,1.0,8.5,0.6428571428571429,0.45,0.3352601156069364,1.0,0.844,00-0033948,Jamaal Williams,0.3673469387755102,1.0,8.5,0.6428571428571429,0.45,0.3352601156069364,1.0,0.844
2021,GB,11,00-0033293,Aaron Jones,1,1,11,21.0,21.0,29.9,0.569,00-0036265,AJ Dillon,0.81,1,1,00-0036265,AJ Dillon,0.8095238095238095,1.0,12.7,0.8095238095238095,0.3333333333333333,0.38461538461538464,0.5333333333333333,0.888030888030888,00-0036265,AJ Dillon,0.8095238095238095,1.0,12.7,0.8095238095238095,0.3333333333333333,0.38461538461538464,0.5333333333333333,0.888030888030888
2021,HOU,8,00-0027966,Mark Ingram,6,10,8,157.0,26.166666666666668,28.428571428571427,0.508,00-0036069,Scottie Phillips,0.364,0,1,00-0034109,Phillip Lindsay,0.07643312101910828,3.0,1.0999999999999999,0.13636363636363635,0.2,0.21105527638190955,0.38461538461538464,0.255663430420712,00-0032187,David Johnson,0.267515923566879,4.0,4.425,0.13636363636363635,0.15555555555555556,0.2562814070351759,0.4230769230769231,0.6116504854368932
2021,JAX,9,00-0035831,James Robinson,1,1,9,25.0,25.0,23.285714285714285,0.687,00-0031045,Carlos Hyde,0.92,1,1,00-0031045,Carlos Hyde,0.92,1.0,5.8,0.92,0.5,0.27607361963190186,1.0,0.8323353293413174,00-0031045,Carlos Hyde,0.92,1.0,5.8,0.92,0.5,0.27607361963190186,1.0,0.8323353293413174
2021,KC,6,00-0036360,Clyde Edwards-Helaire,5,5,6,138.0,27.6,23.0,0.652,00-0034301,Darrel Williams,0.781,1,1,00-0034301,Darrel Williams,0.6956521739130435,5.0,15.4,0.78125,0.05555555555555555,0.3130434782608696,0.7777777777777778,0.7160493827160493,00-0034301,Darrel Williams,0.6956521739130435,5.0,15.4,0.78125,0.05555555555555555,0.3130434782608696,0.7777777777777778,0.7160493827160493
2021,LA,3,00-0035664,Darrell Henderson,1,1,3,25.0,25.0,23.0,0.761,00-0034845,Sony Michel,0.96,1,1,00-0034845,Sony Michel,0.96,1.0,9.4,0.96,0.05555555555555555,0.2391304347826087,1.0,0.8636363636363636,00-0034845,Sony Michel,0.96,1.0,9.4,0.96,0.05555555555555555,0.2391304347826087,1.0,0.8636363636363636
2021,LA,13,00-0035664,Darrell Henderson,2,2,13,51.0,25.5,25.272727272727273,0.647,00-0034845,Sony Michel,0.933,1,1,00-0034845,Sony Michel,0.9607843137254902,2.0,14.149999999999999,0.9333333333333333,0.05555555555555555,0.33093525179856115,1.0,0.8940092165898618,00-0034845,Sony Michel,0.9607843137254902,2.0,14.149999999999999,0.9333333333333333,0.05555555555555555,0.33093525179856115,1.0,0.8940092165898618
2021,LV,2,00-0035700,Josh Jacobs,2,2,2,68.0,34.0,23.0,0.522,00-0032741,Peyton Barber,0.5,1,1,00-0033118,Kenyan Drake,0.39705882352941174,2.0,7.6,0.5,0.4782608695652174,0.4782608695652174,1.0,1.0,00-0033118,Kenyan Drake,0.39705882352941174,2.0,7.6,0.5,0.4782608695652174,0.4782608695652174,1.0,1.0
2021,LV,5,00-0032741,Peyton Barber,5,5,5,135.0,27.0,27.75,0.378,00-0035700,Josh Jacobs,0.833,0,1,00-0035700,Josh Jacobs,0.5555555555555556,5.0,12.260000000000002,0.8333333333333334,0.5217391304347826,0.2702702702702703,0.5232558139534884,0.36,00-0033118,Kenyan Drake,0.3333333333333333,5.0,10.780000000000001,0.125,0.4782608695652174,0.35135135135135137,0.47674418604651164,0.64
2021,MIN,3,00-0033893,Dalvin Cook,1,1,3,39.0,39.0,31.0,0.839,00-0034972,Alexander Mattison,0.872,1,1,00-0034972,Alexander Mattison,0.8717948717948718,1.0,20.1,0.8717948717948718,0.0625,0.0967741935483871,0.5,0.6875,00-0034972,Alexander Mattison,0.8717948717948718,1.0,20.1,0.8717948717948718,0.0625,0.0967741935483871,0.5,0.6875
2021,MIN,5,00-0033893,Dalvin Cook,1,1,5,33.0,33.0,31.75,0.528,00-0034972,Alexander Mattison,0.97,1,1,00-0034972,Alexander Mattison,0.9696969696969697,1.0,22.8,0.9696969696969697,0.0625,0.3937007874015748,0.5,0.7218045112781954,00-0034972,Alexander Mattison,0.9696969696969697,1.0,22.8,0.9696969696969697,0.0625,0.3937007874015748,0.5,0.7218045112781954
2021,MIN,13,00-0033893,Dalvin Cook,1,1,13,30.0,30.0,30.545454545454547,0.625,00-0034972,Alexander Mattison,0.833,1,1,00-0034972,Alexander Mattison,0.8333333333333334,1.0,19.9,0.8333333333333334,0.0625,0.33630952380952384,0.5,0.8082706766917294,00-0034972,Alexander Mattison,0.8333333333333334,1.0,19.9,0.8333333333333334,0.0625,0.33630952380952384,0.5,0.8082706766917294
2021,NE,10,00-0035657,Damien Harris,1,1,10,37.0,37.0,30.666666666666668,0.529,00-0036875,Rhamondre Stevenson,0.676,0,1,00-0036096,J.J. Taylor,0.16216216216216217,1.0,1.1,0.16216216216216217,,0.06159420289855073,,0.11470588235294117,00-0029239,Brandon Bolden,0.16216216216216217,1.0,8.5,0.16216216216216217,0.025,0.16666666666666666,0.05714285714285714,0.4823529411764706
2021,NO,10,00-0033906,Alvin Kamara,4,4,10,80.0,20.0,30.875,0.769,00-0027966,Mark Ingram,0.913,0,1,,,,,,,,,,,00-0027966,Mark Ingram,0.7125,3.0,11.4,0.9130434782608695,,0.08906882591093117,,0.24615384615384617
2021,NYG,6,00-0034844,Saquon Barkley,4,4,6,100.0,25.0,22.4,0.661,00-0032972,Devontae Booker,0.762,1,1,00-0032972,Devontae Booker,0.78,4.0,12.8,0.7619047619047619,0.25,0.26785714285714285,0.75,0.7651515151515151,00-0032972,Devontae Booker,0.78,4.0,12.8,0.7619047619047619,0.25,0.26785714285714285,0.75,0.7651515151515151
2021,NYJ,12,00-0036924,Michael Carter,3,3,12,79.0,26.333333333333332,27.5,0.571,00-0032058,Tevin Coleman,0.528,0,1,00-0032058,Tevin Coleman,0.43037974683544306,2.0,8.6,0.5277777777777778,0.4090909090909091,0.13454545454545455,0.3269230769230769,0.21568627450980393,00-0035537,Ty Johnson,0.31645569620253167,3.0,4.8,0.19444444444444445,0.3181818181818182,0.2909090909090909,0.6730769230769231,0.7366946778711485
2021,PHI,8,00-0035243,Miles Sanders,3,3,8,95.0,31.666666666666668,22.142857142857142,0.561,00-0036919,Kenny Gainwell,0.342,0,1,00-0034414,Boston Scott,0.37894736842105264,3.0,11.166666666666666,0.34210526315789475,0.0,0.07096774193548387,0.0,0.14917127071823205,00-0036919,Kenny Gainwell,0.18947368421052632,3.0,3.6333333333333333,0.34210526315789475,0.375,0.36774193548387096,1.0,0.850828729281768
2021,SEA,5,00-0033594,Chris Carson,9,13,5,214.0,23.77777777777778,21.25,0.706,00-0032426,Alex Collins,0.692,0,1,00-0035594,Travis Homer,0.11682242990654206,7.0,5.528571428571429,0.07692307692307693,0.0,0.07058823529411765,0.16666666666666666,0.43617021276595747,00-0032426,Alex Collins,0.48130841121495327,8.0,5.7749999999999995,0.6923076923076923,,0.17647058823529413,,0.44680851063829785
2021,SEA,13,00-0032426,Alex Collins,1,1,13,30.0,30.0,22.0,0.455,00-0025394,Adrian Peterson,0.367,0,1,00-0035594,Travis Homer,0.26666666666666666,1.0,17.0,0.26666666666666666,0.0,0.09504132231404959,0.037037037037037035,0.3148148148148148,00-0036425,DeeJay Dallas,0.0,1.0,0.0,0.0,0.08695652173913043,0.1322314049586777,0.05555555555555555,0.23544973544973544
2021,SF,3,00-0036567,Elijah Mitchell,2,2,3,34.0,17.0,27.0,0.704,00-0036984,Trey Sermon,1.0,0,1,00-0036984,Trey Sermon,0.9411764705882353,2.0,9.65,1.0,,0.018518518518518517,,0.02127659574468085,00-0034164,Trenton Cannon,0.0,2.0,0.0,0.0,,0.018518518518518517,,0.02127659574468085
2021,SF,11,00-0036567,Elijah Mitchell,1,1,11,32.0,32.0,22.77777777777778,0.61,00-0034115,Jeff Wilson,0.656,1,1,00-0036984,Trey Sermon,0.34375,1.0,6.0,0.34375,,0.16585365853658537,,0.38425925925925924,00-0036984,Trey Sermon,0.34375,1.0,6.0,0.34375,,0.16585365853658537,,0.38425925925925924
2021,SF,14,00-0036567,Elijah Mitchell,1,3,14,16.0,16.0,24.833333333333332,0.614,00-0034115,Jeff Wilson,0.812,0,1,00-0035806,JaMycal Hasty,0.1875,1.0,2.5,0.1875,0.08695652173913043,0.1040268456375839,0.8,0.3412969283276451,00-0034115,Jeff Wilson,0.8125,1.0,5.6,0.8125,,0.11409395973154363,,0.2525597269624573
2021,TEN,9,00-0032764,Derrick Henry,5,9,9,157.0,31.4,34.875,0.857,00-0025394,Adrian Peterson,0.423,1,1,00-0033955,Jeremy McNichols,0.16560509554140126,3.0,2.6333333333333333,0.38461538461538464,0.21428571428571427,0.12186379928315412,0.9583333333333334,0.9477124183006536,00-0033955,Jeremy McNichols,0.16560509554140126,3.0,2.6333333333333333,0.38461538461538464,0.21428571428571427,0.12186379928315412,0.9583333333333334,0.9477124183006536
2022,ARI,6,00-0033553,James Conner,3,3,6,73.0,24.333333333333332,28.2,0.518,00-0036383,Eno Benjamin,0.857,1,1,00-0036383,Eno Benjamin,0.6986301369863014,3.0,11.933333333333332,0.8571428571428571,0.3333333333333333,0.3333333333333333,1.0,0.6231884057971014,00-0036383,Eno Benjamin,0.6986301369863014,3.0,11.933333333333332,0.8571428571428571,0.3333333333333333,0.3333333333333333,1.0,0.6231884057971014
2022,ATL,5,00-0030578,Cordarrelle Patterson,4,4,5,119.0,29.75,28.0,0.58,00-0037263,Tyler Allgeier,0.5,0,1,,,,,,,,,,,00-0037263,Tyler Allgeier,0.5126050420168067,4.0,9.15,0.5,,0.25,,0.463768115942029
2022,BAL,3,00-0033118,Kenyan Drake,2,2,3,42.0,21.0,16.0,0.562,00-0036158,J.K. Dobbins,0.6,1,1,00-0034975,Justice Hill,0.38095238095238093,2.0,6.35,0.4,0.2222222222222222,0.21875,0.6111111111111112,0.5614035087719298,00-0034975,Justice Hill,0.38095238095238093,2.0,6.35,0.4,0.2222222222222222,0.21875,0.6111111111111112,0.5614035087719298
2022,BAL,7,00-0036158,J.K. Dobbins,6,6,7,157.0,26.166666666666668,17.833333333333332,0.383,00-0034184,Gus Edwards,0.5,0,1,00-0034975,Justice Hill,0.17834394904458598,6.0,2.1666666666666665,0.14705882352941177,0.2222222222222222,0.21495327102803738,0.21568627450980393,0.3648068669527897,00-0033118,Kenyan Drake,0.4840764331210191,6.0,8.533333333333333,0.35294117647058826,0.6666666666666666,0.32710280373831774,0.6470588235294118,0.4721030042918455
2022,CAR,7,00-0033280,Christian McCaffrey,7,11,7,244.0,34.857142857142854,24.5,0.871,00-0033925,D'Onta Foreman,0.548,1,1,00-0033925,D'Onta Foreman,0.5901639344262295,7.0,13.014285714285716,0.5483870967741935,0.1111111111111111,0.08163265306122448,0.7,0.5081967213114754,00-0033925,D'Onta Foreman,0.5901639344262295,7.0,13.014285714285716,0.5483870967741935,0.1111111111111111,0.08163265306122448,0.7,0.5081967213114754
2022,CHI,4,00-0035685,David Montgomery,1,1,4,29.0,29.0,28.666666666666668,0.477,00-0036906,Khalil Herbert,0.69,1,1,00-0036906,Khalil Herbert,0.6896551724137931,1.0,10.6,0.6896551724137931,0.3225806451612903,0.43023255813953487,0.8095238095238095,0.7682926829268293,00-0036906,Khalil Herbert,0.6896551724137931,1.0,10.6,0.6896551724137931,0.3225806451612903,0.43023255813953487,0.8095238095238095,0.7682926829268293
2022,CIN,12,00-0033897,Joe Mixon,2,2,12,57.0,28.5,27.9,0.756,00-0033526,Samaje Perine,0.889,0,0,,,,,,,,,,,00-0033526,Samaje Perine,0.9122807017543859,2.0,17.9,0.8888888888888888,0.14285714285714285,0.2222222222222222,1.0,0.9145299145299145
2022,DAL,8,00-0033045,Ezekiel Elliott,2,2,8,58.0,29.0,28.857142857142858,0.579,00-0035261,Tony Pollard,0.6,1,1,00-0035261,Tony Pollard,0.7413793103448276,2.0,26.75,0.6,0.4,0.4207920792079208,1.0,0.9715639810426541,00-0035261,Tony Pollard,0.7413793103448276,2.0,26.75,0.6,0.4,0.4207920792079208,1.0,0.9715639810426541
2022,DEN,5,00-0036997,Javonte Williams,9,13,5,250.0,27.77777777777778,31.0,0.556,00-0032144,Melvin Gordon,0.621,1,1,00-0032144,Melvin Gordon,0.3,6.0,8.299999999999999,0.6206896551724138,0.4117647058823529,0.3790322580645161,0.9,0.6717557251908397,00-0032144,Melvin Gordon,0.3,6.0,8.299999999999999,0.6206896551724138,0.4117647058823529,0.3790322580645161,0.9,0.6717557251908397
2022,DEN,12,00-0032144,Melvin Gordon,3,7,12,73.0,24.333333333333332,30.1,0.405,00-0030513,Latavius Murray,0.778,0,1,,,,,,,,,,,00-0030513,Latavius Murray,0.6575342465753424,3.0,7.666666666666667,0.7777777777777778,,0.25249169435215946,,0.3488943488943489
2022,IND,5,00-0036223,Jonathan Taylor,2,2,5,63.0,31.5,31.5,0.77,00-0036493,Deon Jackson,0.486,1,1,00-0034367,Nyheim Hines,0.047619047619047616,1.0,1.3,0.08571428571428572,0.19148936170212766,0.21428571428571427,1.0,0.9791666666666666,00-0034367,Nyheim Hines,0.047619047619047616,1.0,1.3,0.08571428571428572,0.19148936170212766,0.21428571428571427,1.0,0.9791666666666666
2022,IND,9,00-0036223,Jonathan Taylor,1,1,9,24.0,24.0,30.375,0.543,00-0036493,Deon Jackson,0.583,1,1,00-0036493,Deon Jackson,0.5833333333333334,1.0,4.6,0.5833333333333334,,0.18106995884773663,0.0,0.3538961038961039,00-0036493,Deon Jackson,0.5833333333333334,1.0,4.6,0.5833333333333334,,0.18106995884773663,0.0,0.3538961038961039
2022,JAX,8,00-0035831,James Robinson,6,10,8,146.0,24.333333333333332,27.285714285714285,0.482,00-0036973,Travis Etienne,0.771,1,1,00-0036973,Travis Etienne,0.726027397260274,6.0,11.283333333333331,0.7714285714285715,0.38095238095238093,0.47643979057591623,0.9230769230769231,0.9040590405904059,00-0036973,Travis Etienne,0.726027397260274,6.0,11.283333333333331,0.7714285714285715,0.38095238095238093,0.47643979057591623,0.9230769230769231,0.9040590405904059
2022,KC,12,00-0036360,Clyde Edwards-Helaire,3,7,12,91.0,30.333333333333332,24.5,0.384,00-0037197,Isiah Pacheco,0.676,0,1,00-0031376,Jerick McKinnon,0.34065934065934067,3.0,15.333333333333334,0.17647058823529413,0.26666666666666666,0.2979591836734694,0.627906976744186,0.6708595387840671,00-0037197,Isiah Pacheco,0.6043956043956044,3.0,13.699999999999998,0.6764705882352942,0.4,0.3183673469387755,0.37209302325581395,0.32914046121593293
2022,LA,6,00-0036414,Cam Akers,2,2,6,48.0,24.0,21.0,0.533,00-0035664,Darrell Henderson,0.6,1,1,00-0035664,Darrell Henderson,0.4375,2.0,8.1,0.6,0.8571428571428571,0.4666666666666667,1.0,0.9466019417475728,00-0035664,Darrell Henderson,0.4375,2.0,8.1,0.6,0.8571428571428571,0.4666666666666667,1.0,0.9466019417475728
2022,LA,12,00-0035664,Darrell Henderson,3,7,12,65.0,21.666666666666668,21.7,0.424,00-0037840,Kyren Williams,0.636,1,1,00-0036414,Cam Akers,0.6,3.0,10.333333333333334,0.36363636363636365,0.14285714285714285,0.3778801843317972,1.0,0.5451388888888888,00-0036414,Cam Akers,0.6,3.0,10.333333333333334,0.36363636363636365,0.14285714285714285,0.3778801843317972,1.0,0.5451388888888888
2022,MIA,12,00-0031687,Raheem Mostert,1,1,12,23.0,23.0,25.0,0.576,00-0034115,Jeff Wilson,0.696,0,1,00-0035311,Myles Gaskin,0.30434782608695654,1.0,2.6,0.30434782608695654,,0.036,0.0,0.04659498207885305,00-0034115,Jeff Wilson,0.6956521739130435,1.0,11.7,0.6956521739130435,,0.136,,0.25089605734767023
2022,NO,2,00-0033906,Alvin Kamara,1,1,2,20.0,20.0,18.0,0.722,00-0027966,Mark Ingram,0.6,1,1,00-0027966,Mark Ingram,0.6,1.0,5.1,0.6,0.2777777777777778,0.2777777777777778,0.9523809523809523,0.9523809523809523,00-0027966,Mark Ingram,0.6,1.0,5.1,0.6,0.2777777777777778,0.2777777777777778,0.9523809523809523,0.9523809523809523
2022,NO,4,00-0033906,Alvin Kamara,1,1,4,25.0,25.0,21.666666666666668,0.538,00-0027966,Mark Ingram,0.52,1,1,00-0027966,Mark Ingram,0.52,1.0,5.8,0.52,0.2777777777777778,0.3384615384615385,0.9523809523809523,0.6355140186915887,00-0027966,Mark Ingram,0.52,1.0,5.8,0.52,0.2777777777777778,0.3384615384615385,0.9523809523809523,0.6355140186915887
2022,NYJ,8,00-0038120,Breece Hall,6,10,8,170.0,28.333333333333332,29.428571428571427,0.539,00-0036924,Michael Carter,0.583,1,1,00-0036924,Michael Carter,0.32941176470588235,5.0,6.3,0.5833333333333334,0.5588235294117647,0.4368932038834951,1.0,0.9145907473309609,00-0036924,Michael Carter,0.32941176470588235,5.0,6.3,0.5833333333333334,0.5588235294117647,0.4368932038834951,1.0,0.9145907473309609
2022,NYJ,13,00-0036924,Michael Carter,1,1,13,32.0,32.0,28.545454545454547,0.43,00-0037157,Bam Knight,0.625,0,1,00-0035537,Ty Johnson,0.25,1.0,7.1,0.25,,0.0732484076433121,0.0,0.20256410256410257,00-0035831,James Robinson,0.125,1.0,1.0,0.125,,0.08917197452229299,,0.12307692307692308
2022,SEA,6,00-0034750,Rashaad Penny,8,12,6,197.0,24.625,21.4,0.579,00-0038134,Kenneth Walker III,0.923,1,1,00-0038134,Kenneth Walker III,0.6802030456852792,7.0,16.428571428571427,0.9230769230769231,,0.2803738317757009,,0.5,00-0038134,Kenneth Walker III,0.6802030456852792,7.0,16.428571428571427,0.9230769230769231,,0.2803738317757009,,0.5
2022,SEA,14,00-0038134,Kenneth Walker III,1,1,14,15.0,15.0,24.083333333333332,0.567,00-0035594,Travis Homer,0.8,1,1,00-0035594,Travis Homer,0.8,1.0,4.4,0.8,0.0625,0.06920415224913495,0.31666666666666665,0.2385542168674699,00-0035594,Travis Homer,0.8,1.0,4.4,0.8,0.0625,0.06920415224913495,0.31666666666666665,0.2385542168674699
2022,SF,10,00-0034115,Jeff Wilson,5,9,10,161.0,32.2,22.75,0.577,00-0036567,Elijah Mitchell,0.5,0,1,00-0036567,Elijah Mitchell,0.2360248447204969,3.0,6.833333333333333,0.5,0.35294117647058826,0.03296703296703297,1.0,0.10303030303030303,00-0033280,Christian McCaffrey,0.5900621118012422,5.0,17.919999999999998,0.5,,0.2032967032967033,,0.4
2022,TB,12,00-0033856,Leonard Fournette,1,1,12,27.0,27.0,27.6,0.67,00-0037256,Rachaad White,0.852,1,1,00-0037256,Rachaad White,0.8518518518518519,1.0,15.4,0.8518518518518519,0.25806451612903225,0.3079710144927536,1.0,0.9659574468085106,00-0037256,Rachaad White,0.8518518518518519,1.0,15.4,0.8518518518518519,0.25806451612903225,0.3079710144927536,1.0,0.9659574468085106
2023,ARI,6,00-0033553,James Conner,4,4,6,85.0,21.25,22.8,0.684,00-0037299,Keaontay Ingram,0.5,0,1,00-0037299,Keaontay Ingram,0.2823529411764706,3.0,3.0,0.5,0.20833333333333334,0.11403508771929824,0.7,0.2222222222222222,00-0038705,Emari Demercado,0.49411764705882355,3.0,6.7,0.125,,0.20175438596491227,0.3,0.7777777777777778
2023,BAL,2,00-0036158,J.K. Dobbins,12,16,2,295.0,24.583333333333332,27.0,0.407,00-0034975,Justice Hill,0.583,1,1,00-0034184,Gus Edwards,0.5084745762711864,12.0,11.274999999999999,0.4166666666666667,0.2962962962962963,0.2962962962962963,0.4411764705882353,0.4411764705882353,00-0034184,Gus Edwards,0.5084745762711864,12.0,11.274999999999999,0.4166666666666667,0.2962962962962963,0.2962962962962963,0.4411764705882353,0.4411764705882353
2023,BAL,3,00-0034975,Justice Hill,1,1,3,27.0,27.0,25.5,0.431,00-0032144,Melvin Gordon,0.444,1,1,00-0034184,Gus Edwards,0.4074074074074074,1.0,5.1,0.4074074074074074,0.2962962962962963,0.35294117647058826,0.3333333333333333,0.6103896103896104,00-0034184,Gus Edwards,0.4074074074074074,1.0,5.1,0.4074074074074074,0.2962962962962963,0.35294117647058826,0.3333333333333333,0.6103896103896104
2023,CAR,6,00-0035243,Miles Sanders,1,1,6,26.0,26.0,26.8,0.634,00-0036555,Chuba Hubbard,0.769,1,1,00-0036555,Chuba Hubbard,0.7692307692307693,1.0,15.5,0.7692307692307693,0.3142857142857143,0.3656716417910448,1.0,1.0,00-0036555,Chuba Hubbard,0.7692307692307693,1.0,15.5,0.7692307692307693,0.3142857142857143,0.3656716417910448,1.0,1.0
2023,CHI,6,00-0036906,Khalil Herbert,5,5,6,165.0,33.0,23.2,0.595,00-0033925,D'Onta Foreman,0.552,1,1,00-0033925,D'Onta Foreman,0.5515151515151515,5.0,13.460000000000003,0.5517241379310345,0.23529411764705882,0.06896551724137931,0.42,0.17647058823529413,00-0033925,D'Onta Foreman,0.5515151515151515,5.0,13.460000000000003,0.5517241379310345,0.23529411764705882,0.06896551724137931,0.42,0.17647058823529413
2023,CHI,12,00-0033925,D'Onta Foreman,1,1,12,23.0,23.0,28.363636363636363,0.337,00-0039021,Roschon Johnson,0.652,1,1,00-0036906,Khalil Herbert,0.34782608695652173,1.0,4.8,0.34782608695652173,0.4117647058823529,0.28205128205128205,0.48214285714285715,0.4288537549407115,00-0036906,Khalil Herbert,0.34782608695652173,1.0,4.8,0.34782608695652173,0.4117647058823529,0.28205128205128205,0.48214285714285715,0.4288537549407115
2023,DEN,5,00-0036997,Javonte Williams,1,1,5,24.0,24.0,25.25,0.525,00-0038794,Jaleel McLaughlin,0.542,1,1,00-0033526,Samaje Perine,0.4583333333333333,1.0,9.5,0.4583333333333333,0.375,0.3069306930693069,0.8529411764705882,0.7357142857142858,00-0033526,Samaje Perine,0.4583333333333333,1.0,9.5,0.4583333333333333,0.375,0.3069306930693069,0.8529411764705882,0.7357142857142858
2023,DET,3,00-0035685,David Montgomery,1,1,3,26.0,26.0,33.5,0.567,00-0039139,Jahmyr Gibbs,0.731,1,1,00-0039139,Jahmyr Gibbs,0.7307692307692307,1.0,8.7,0.7307692307692307,0.3,0.373134328358209,1.0,0.8360655737704918,00-0039139,Jahmyr Gibbs,0.7307692307692307,1.0,8.7,0.7307692307692307,0.3,0.373134328358209,1.0,0.8360655737704918
2023,DET,7,00-0035685,David Montgomery,2,2,7,71.0,35.5,32.666666666666664,0.531,00-0039139,Jahmyr Gibbs,0.84,1,1,00-0039139,Jahmyr Gibbs,0.7323943661971831,2.0,25.25,0.84,0.3,0.29081632653061223,1.0,0.5426008968609866,00-0039139,Jahmyr Gibbs,0.7323943661971831,2.0,25.25,0.84,0.3,0.29081632653061223,1.0,0.5426008968609866
2023,HOU,9,00-0037258,Dameon Pierce,3,3,9,77.0,25.666666666666668,27.0,0.64,00-0035250,Devin Singletary,0.938,1,1,00-0035250,Devin Singletary,0.922077922077922,3.0,15.0,0.9375,0.28,0.30687830687830686,0.3902439024390244,0.6872427983539094,00-0035250,Devin Singletary,0.922077922077922,3.0,15.0,0.9375,0.28,0.30687830687830686,0.3902439024390244,0.6872427983539094
2023,IND,2,00-0036493,Deon Jackson,12,16,2,344.0,28.666666666666668,24.0,0.792,00-0036251,Zack Moss,1.0,0,1,00-0036251,Zack Moss,0.6017441860465116,12.0,11.858333333333333,1.0,,,,,,,,,,,,,,
2023,KC,14,00-0037197,Isiah Pacheco,1,2,14,22.0,22.0,25.333333333333332,0.704,00-0036360,Clyde Edwards-Helaire,0.682,0,1,00-0031376,Jerick McKinnon,0.3181818181818182,1.0,11.2,0.3181818181818182,0.09523809523809523,0.12828947368421054,0.5882352941176471,0.6404833836858006,00-0036360,Clyde Edwards-Helaire,0.6818181818181818,1.0,7.8,0.6818181818181818,0.3333333333333333,0.1611842105263158,0.4117647058823529,0.34441087613293053
2023,LA,2,00-0036414,Cam Akers,12,16,2,334.0,27.833333333333332,39.0,0.564,00-0037840,Kyren Williams,0.96,1,1,00-0037840,Kyren Williams,0.5419161676646707,8.0,19.262500000000003,0.96,0.4358974358974359,0.4358974358974359,1.0,1.0,00-0037840,Kyren Williams,0.5419161676646707,8.0,19.262500000000003,0.96,0.4358974358974359,0.4358974358974359,1.0,1.0
2023,LA,7,00-0037840,Kyren Williams,4,4,7,112.0,28.0,27.333333333333332,0.738,00-0035664,Darrell Henderson,0.625,1,1,,,,,,,,,,,,,,,,,,,,
2023,LAC,2,00-0033699,Austin Ekeler,3,3,2,59.0,19.666666666666668,38.0,0.553,00-0036370,Joshua Kelley,0.667,1,1,00-0036370,Joshua Kelley,0.7288135593220338,3.0,4.2,0.6666666666666666,0.4473684210526316,0.4473684210526316,0.975,0.975,00-0036370,Joshua Kelley,0.7288135593220338,3.0,4.2,0.6666666666666666,0.4473684210526316,0.4473684210526316,0.975,0.975
2023,NE,14,00-0036875,Rhamondre Stevenson,1,5,14,30.0,30.0,29.166666666666668,0.591,00-0033045,Ezekiel Elliott,1.0,1,1,00-0033045,Ezekiel Elliott,1.0,1.0,23.5,1.0,0.4375,0.4085714285714286,1.0,1.0,00-0033045,Ezekiel Elliott,1.0,1.0,23.5,1.0,0.4375,0.4085714285714286,1.0,1.0
2023,NO,3,00-0033948,Jamaal Williams,4,4,3,121.0,30.25,22.0,0.659,00-0035860,Tony Jones,0.545,0,1,00-0038551,Kendre Miller,0.2644628099173554,4.0,4.475,0.45454545454545453,,,,,00-0035860,Tony Jones,0.09917355371900827,1.0,7.2,0.5454545454545454,0.047619047619047616,0.3409090909090909,1.0,1.0
2023,NYG,3,00-0034844,Saquon Barkley,3,3,3,62.0,20.666666666666668,23.5,0.851,00-0033308,Matt Breida,0.5,1,1,00-0033308,Matt Breida,0.5806451612903226,3.0,7.5,0.5,0.13636363636363635,0.0851063829787234,0.5925925925925926,0.5806451612903226,00-0033308,Matt Breida,0.5806451612903226,3.0,7.5,0.5,0.13636363636363635,0.0851063829787234,0.5925925925925926,0.5806451612903226
2023,PHI,2,00-0036919,Kenny Gainwell,1,1,2,40.0,40.0,23.0,0.783,00-0036275,D'Andre Swift,0.775,0,1,00-0034750,Rashaad Penny,0.1,1.0,1.9,0.1,,,,,00-0036275,D'Andre Swift,0.775,1.0,25.6,0.775,0.13043478260869565,0.13043478260869565,0.7037037037037037,0.7037037037037037
2023,SEA,12,00-0038134,Kenneth Walker III,2,2,12,45.0,22.5,26.0,0.662,00-0039165,Zach Charbonnet,0.857,0,1,00-0036425,DeeJay Dallas,0.13333333333333333,2.0,1.3,0.14285714285714285,0.13043478260869565,0.046153846153846156,0.4782608695652174,0.18849840255591055,00-0039165,Zach Charbonnet,0.8666666666666667,2.0,12.1,0.8571428571428571,0.13043478260869565,0.2923076923076923,0.5217391304347826,0.805111821086262
2024,BUF,6,00-0037248,James Cook,1,1,6,27.0,27.0,26.0,0.638,00-0039875,Ray Davis,0.852,0,1,00-0035537,Ty Johnson,0.14814814814814814,1.0,3.4,0.14814814814814814,0.10344827586206896,0.12307692307692308,0.7,0.6173913043478261,00-0039875,Ray Davis,0.8518518518518519,1.0,16.7,0.8518518518518519,0.13793103448275862,0.23846153846153847,0.3,0.3826086956521739
2024,CIN,9,00-0036251,Zack Moss,5,9,9,126.0,25.2,25.0,0.505,00-0038597,Chase Brown,1.0,0,0,,,,,,,,,,,00-0038597,Chase Brown,0.9682539682539683,5.0,19.54,1.0,0.3157894736842105,0.495,1.0,1.0
2024,CLE,7,00-0037267,Jerome Ford,2,2,7,46.0,23.0,23.0,0.529,00-0034791,Nick Chubb,0.636,0,1,00-0038098,Pierre Strong,0.15217391304347827,2.0,1.4,0.2727272727272727,0.20833333333333334,0.15217391304347827,0.9473684210526315,0.40384615384615385,00-0033925,D'Onta Foreman,0.15217391304347827,2.0,1.55,0.09090909090909091,,0.3188405797101449,0.05263157894736842,0.5961538461538461
2024,DAL,8,00-0036139,Rico Dowdle,1,1,8,18.0,18.0,22.666666666666668,0.581,00-0033045,Ezekiel Elliott,0.611,1,1,00-0033045,Ezekiel Elliott,0.6111111111111112,1.0,10.3,0.6111111111111112,0.5454545454545454,0.34558823529411764,0.5925925925925926,0.7272727272727273,00-0033045,Ezekiel Elliott,0.6111111111111112,1.0,10.3,0.6111111111111112,0.5454545454545454,0.34558823529411764,0.5925925925925926,0.7272727272727273
2024,HOU,3,00-0033897,Joe Mixon,3,3,3,78.0,26.0,31.5,0.746,00-0036414,Cam Akers,0.667,1,1,00-0036414,Cam Akers,0.47435897435897434,3.0,8.799999999999999,0.6666666666666666,,0.12698412698412698,,0.23636363636363636,00-0036414,Cam Akers,0.47435897435897434,3.0,8.799999999999999,0.6666666666666666,,0.12698412698412698,,0.23636363636363636
2024,IND,5,00-0036223,Jonathan Taylor,3,3,5,78.0,26.0,23.25,0.882,00-0036984,Trey Sermon,0.667,1,1,00-0036984,Trey Sermon,0.5512820512820513,3.0,7.866666666666667,0.6666666666666666,,0.10752688172043011,1.0,0.7777777777777778,00-0036984,Trey Sermon,0.5512820512820513,3.0,7.866666666666667,0.6666666666666666,,0.10752688172043011,1.0,0.7777777777777778
2024,JAX,7,00-0036973,Travis Etienne,2,2,7,64.0,32.0,23.833333333333332,0.552,00-0038555,Tank Bigsby,0.675,1,1,00-0038555,Tank Bigsby,0.75,2.0,16.7,0.675,0.4444444444444444,0.2937062937062937,1.0,0.48255813953488375,00-0038555,Tank Bigsby,0.75,2.0,16.7,0.675,0.4444444444444444,0.2937062937062937,1.0,0.48255813953488375
2024,JAX,11,00-0038555,Tank Bigsby,1,1,11,17.0,17.0,23.8,0.42,00-0036973,Travis Etienne,0.882,1,1,00-0036973,Travis Etienne,0.8823529411764706,1.0,4.8,0.8823529411764706,0.5555555555555556,0.40756302521008403,1.0,0.6207792207792208,00-0036973,Travis Etienne,0.8823529411764706,1.0,4.8,0.8823529411764706,0.5555555555555556,0.40756302521008403,1.0,0.6207792207792208
2024,KC,3,00-0037197,Isiah Pacheco,9,9,3,262.0,29.11111111111111,27.0,0.778,00-0039325,Carson Steele,0.655,0,1,00-0033526,Samaje Perine,0.14122137404580154,9.0,4.944444444444445,0.3448275862068966,0.09090909090909091,0.05555555555555555,0.6153846153846154,0.4722222222222222,00-0039325,Carson Steele,0.183206106870229,9.0,1.7777777777777777,0.6551724137931034,0.09090909090909091,0.16666666666666666,0.38461538461538464,0.5277777777777778
2024,LAC,13,00-0036158,J.K. Dobbins,2,4,13,31.0,15.5,26.454545454545453,0.66,00-0034184,Gus Edwards,0.583,1,1,00-0034184,Gus Edwards,0.5483870967741935,2.0,6.699999999999999,0.5833333333333334,0.48,0.22336769759450173,1.0,0.5286885245901639,00-0034184,Gus Edwards,0.5483870967741935,2.0,6.699999999999999,0.5833333333333334,0.48,0.22336769759450173,1.0,0.5286885245901639
2024,LV,5,00-0038040,Zamir White,2,2,5,55.0,27.5,22.75,0.615,00-0034972,Alexander Mattison,0.692,1,1,00-0034972,Alexander Mattison,0.6727272727272727,2.0,12.05,0.6923076923076923,0.4230769230769231,0.2967032967032967,1.0,0.7443609022556391,00-0034972,Alexander Mattison,0.6727272727272727,2.0,12.05,0.6923076923076923,0.4230769230769231,0.2967032967032967,1.0,0.7443609022556391
2024,LV,12,00-0034972,Alexander Mattison,3,3,12,66.0,22.0,23.9,0.527,00-0032104,Ameer Abdullah,0.737,1,1,00-0032104,Ameer Abdullah,0.4393939393939394,3.0,7.2,0.7368421052631579,0.0,0.15481171548117154,0.0,0.5046728971962616,00-0032104,Ameer Abdullah,0.4393939393939394,3.0,7.2,0.7368421052631579,0.0,0.15481171548117154,0.0,0.5046728971962616
2024,NE,6,00-0036875,Rhamondre Stevenson,1,1,6,27.0,27.0,28.8,0.653,00-0036328,Antonio Gibson,0.63,1,1,00-0036328,Antonio Gibson,0.6296296296296297,1.0,5.8,0.6296296296296297,0.2,0.3055555555555556,1.0,0.7983870967741935,00-0036328,Antonio Gibson,0.6296296296296297,1.0,5.8,0.6296296296296297,0.2,0.3055555555555556,1.0,0.7983870967741935
2024,NYG,5,00-0035250,Devin Singletary,2,2,5,54.0,27.0,22.5,0.744,00-0039384,Tyrone Tracy Jr.,0.714,0,1,00-0038396,Eric Gray,0.2037037037037037,2.0,3.1,0.2857142857142857,0.13043478260869565,0.05555555555555555,0.3181818181818182,0.18518518518518517,00-0039384,Tyrone Tracy Jr.,0.7962962962962963,2.0,16.6,0.7142857142857143,0.21739130434782608,0.2,0.6818181818181818,0.8148148148148148
2024,NYJ,14,00-0038120,Breece Hall,1,1,14,32.0,32.0,26.666666666666668,0.706,00-0039794,Braelon Allen,0.5,1,1,00-0039794,Braelon Allen,0.5,1.0,10.1,0.5,0.08333333333333333,0.265625,1.0,0.9146919431279621,00-0039794,Braelon Allen,0.5,1.0,10.1,0.5,0.08333333333333333,0.265625,1.0,0.9146919431279621
2024,SEA,2,00-0038134,Kenneth Walker III,2,2,2,44.0,22.0,34.0,0.676,00-0039165,Zach Charbonnet,1.0,1,1,00-0039165,Zach Charbonnet,0.9318181818181818,2.0,19.8,1.0,0.3235294117647059,0.3235294117647059,1.0,1.0,00-0039165,Zach Charbonnet,0.9318181818181818,2.0,19.8,1.0,0.3235294117647059,0.3235294117647059,1.0,1.0
2024,SEA,14,00-0038134,Kenneth Walker III,1,2,14,39.0,39.0,25.416666666666668,0.623,00-0039165,Zach Charbonnet,0.744,1,1,00-0039165,Zach Charbonnet,0.7435897435897436,1.0,34.8,0.7435897435897436,0.3235294117647059,0.3639344262295082,1.0,0.9664948453608248,00-0039165,Zach Charbonnet,0.7435897435897436,1.0,34.8,0.7435897435897436,0.3235294117647059,0.3639344262295082,1.0,0.9664948453608248
2024,SF,14,00-0037525,Jordan Mason,1,5,14,27.0,27.0,24.333333333333332,0.572,00-0039363,Isaac Guerendo,0.63,0,1,00-0035973,Patrick Taylor,0.2962962962962963,1.0,8.5,0.2962962962962963,,0.0273972602739726,0.0,0.0707070707070707,00-0039363,Isaac Guerendo,0.6296296296296297,1.0,25.8,0.6296296296296297,0.0,0.1643835616438356,1.0,0.367003367003367
2024,TB,6,00-0037256,Rachaad White,1,1,6,33.0,33.0,25.4,0.551,00-0038951,Sean Tucker,0.515,1,1,00-0039361,Bucky Irving,0.48484848484848486,1.0,17.5,0.48484848484848486,0.36363636363636365,0.4251968503937008,0.9090909090909091,0.9243697478991597,00-0039361,Bucky Irving,0.48484848484848486,1.0,17.5,0.48484848484848486,0.36363636363636365,0.4251968503937008,0.9090909090909091,0.9243697478991597
2024,WAS,6,00-0037746,Brian Robinson,1,1,6,16.0,16.0,26.2,0.641,00-0033699,Austin Ekeler,0.875,1,1,00-0033699,Austin Ekeler,0.875,1.0,8.8,0.875,0.2727272727272727,0.22900763358778625,1.0,0.675,00-0033699,Austin Ekeler,0.875,1.0,8.8,0.875,0.2727272727272727,0.22900763358778625,1.0,0.675
2024,WAS,9,00-0037746,Brian Robinson,2,2,9,56.0,28.0,25.0,0.565,00-0033699,Austin Ekeler,0.429,1,1,00-0033699,Austin Ekeler,0.5357142857142857,2.0,16.700000000000003,0.42857142857142855,0.2727272727272727,0.3,1.0,0.6873065015479877,00-0033699,Austin Ekeler,0.5357142857142857,2.0,16.700000000000003,0.42857142857142855,0.2727272727272727,0.3,1.0,0.6873065015479877
2025,ARI,4,00-0033553,James Conner,10,14,4,251.0,25.1,25.333333333333332,0.539,00-0039921,Trey Benson,0.722,1,1,00-0039921,Trey Benson,0.05179282868525897,1.0,7.9,0.7222222222222222,0.36,0.42105263157894735,1.0,0.9148936170212766,00-0039921,Trey Benson,0.05179282868525897,1.0,7.9,0.7222222222222222,0.36,0.42105263157894735,1.0,0.9148936170212766
2025,ARI,5,00-0039921,Trey Benson,9,13,5,233.0,25.88888888888889,23.5,0.479,00-0036924,Michael Carter,0.742,1,1,00-0038705,Emari Demercado,0.15450643776824036,5.0,5.88,0.0967741935483871,0.0,0.07446808510638298,0.0,0.2595419847328244,00-0038705,Emari Demercado,0.15450643776824036,5.0,5.88,0.0967741935483871,0.0,0.07446808510638298,0.0,0.2595419847328244
2025,ARI,9,00-0036924,Michael Carter,1,1,9,26.0,26.0,26.0,0.258,00-0038705,Emari Demercado,0.577,0,1,00-0038705,Emari Demercado,0.5769230769230769,1.0,8.3,0.5769230769230769,0.0,0.06593406593406594,0.0,0.15217391304347827,00-0037157,Bam Knight,0.4230769230769231,1.0,5.7,0.4230769230769231,,0.1978021978021978,,0.22282608695652173
2025,CAR,5,00-0036555,Chuba Hubbard,2,2,5,71.0,35.5,28.25,0.619,00-0036139,Rico Dowdle,0.844,1,1,00-0036139,Rico Dowdle,0.8732394366197183,2.0,31.4,0.84375,0.21428571428571427,0.3008849557522124,0.9166666666666666,0.8508771929824561,00-0036139,Rico Dowdle,0.8732394366197183,2.0,31.4,0.84375,0.21428571428571427,0.3008849557522124,0.9166666666666666,0.8508771929824561
2025,CHI,9,00-0036275,D'Andre Swift,1,1,9,37.0,37.0,25.285714285714285,0.701,00-0040236,Kyle Monangai,0.838,1,1,00-0040236,Kyle Monangai,0.8378378378378378,1.0,21.3,0.8378378378378378,0.043478260869565216,0.288135593220339,1.0,0.9748427672955975,00-0040236,Kyle Monangai,0.8378378378378378,1.0,21.3,0.8378378378378378,0.043478260869565216,0.288135593220339,1.0,0.9748427672955975
2025,DEN,11,00-0036158,J.K. Dobbins,3,7,11,84.0,28.0,26.8,0.623,00-0040730,RJ Harvey,0.636,1,1,00-0040730,RJ Harvey,0.6428571428571429,3.0,15.066666666666668,0.6363636363636364,0.22580645161290322,0.2947761194029851,0.6111111111111112,0.6170886075949367,00-0040730,RJ Harvey,0.6428571428571429,3.0,15.066666666666668,0.6363636363636364,0.22580645161290322,0.2947761194029851,0.6111111111111112,0.6170886075949367
2025,GB,12,00-0035700,Josh Jacobs,1,1,12,39.0,39.0,28.2,0.723,00-0038797,Emanuel Wilson,0.769,1,1,00-0038797,Emanuel Wilson,0.7692307692307693,1.0,25.5,0.7692307692307693,0.043478260869565216,0.23404255319148937,0.18181818181818182,0.712,00-0038797,Emanuel Wilson,0.7692307692307693,1.0,25.5,0.7692307692307693,0.043478260869565216,0.23404255319148937,0.18181818181818182,0.712
2025,KC,9,00-0037197,Isiah Pacheco,3,3,9,83.0,27.666666666666668,26.125,0.455,00-0033923,Kareem Hunt,0.684,1,1,00-0033923,Kareem Hunt,0.7349397590361446,3.0,14.4,0.6842105263157895,0.5,0.3397129186602871,0.7419354838709677,0.6787003610108303,00-0033923,Kareem Hunt,0.7349397590361446,3.0,14.4,0.6842105263157895,0.5,0.3397129186602871,0.7419354838709677,0.6787003610108303
2025,LAC,6,00-0040666,Omarion Hampton,7,7,6,184.0,26.285714285714285,23.4,0.752,00-0039391,Kimani Vidal,0.759,1,1,00-0037617,Hassan Haskins,0.05434782608695652,2.0,2.15,0.2413793103448276,0.0,0.05128205128205128,0.07692307692307693,0.3218390804597701,00-0037617,Hassan Haskins,0.05434782608695652,2.0,2.15,0.2413793103448276,0.0,0.05128205128205128,0.07692307692307693,0.3218390804597701
2025,NE,9,00-0036875,Rhamondre Stevenson,3,3,9,79.0,26.333333333333332,26.0,0.49,00-0040734,TreVeyon Henderson,0.625,1,1,00-0040734,TreVeyon Henderson,0.7468354430379747,3.0,22.666666666666668,0.625,0.4782608695652174,0.34134615384615385,0.8333333333333334,0.7142857142857143,00-0040734,TreVeyon Henderson,0.7468354430379747,3.0,22.666666666666668,0.625,0.4782608695652174,0.34134615384615385,0.8333333333333334,0.7142857142857143
2025,NO,13,00-0033906,Alvin Kamara,2,6,13,47.0,23.5,23.0,0.672,00-0040202,Devin Neal,0.773,1,1,00-0040202,Devin Neal,0.7872340425531915,2.0,11.65,0.7727272727272727,0.1,0.1225296442687747,0.3888888888888889,0.553030303030303,00-0040202,Devin Neal,0.7872340425531915,2.0,11.65,0.7727272727272727,0.1,0.1225296442687747,0.3888888888888889,0.553030303030303
2025,NYG,9,00-0040715,Cam Skattebo,5,9,9,150.0,30.0,28.25,0.588,00-0035250,Devin Singletary,0.526,1,1,00-0039384,Tyrone Tracy Jr.,0.5533333333333333,5.0,9.4,0.47368421052631576,0.6818181818181818,0.26991150442477874,0.8333333333333334,0.6627906976744186,00-0039384,Tyrone Tracy Jr.,0.5533333333333333,5.0,9.4,0.47368421052631576,0.6818181818181818,0.26991150442477874,0.8333333333333334,0.6627906976744186
2025,PIT,4,00-0037228,Jaylen Warren,1,1,4,32.0,32.0,27.666666666666668,0.663,00-0036919,Kenny Gainwell,0.781,0,1,00-0040142,Kaleb Johnson,0.21875,1.0,2.2,0.21875,0.04,0.024096385542168676,0.0625,0.05405405405405406,00-0036919,Kenny Gainwell,0.78125,1.0,28.4,0.78125,0.44,0.3132530120481928,0.9375,0.9459459459459459
2025,SEA,3,00-0039165,Zach Charbonnet,1,1,3,34.0,34.0,27.0,0.5,00-0038134,Kenneth Walker III,0.5,1,1,00-0038134,Kenneth Walker III,0.5,1.0,17.5,0.5,0.52,0.5,1.0,1.0,00-0038134,Kenneth Walker III,0.5,1.0,17.5,0.5,0.52,0.5,1.0,1.0
2025,TB,5,00-0039361,Bucky Irving,7,7,5,184.0,26.285714285714285,30.75,0.732,00-0037256,Rachaad White,0.75,1,1,00-0037256,Rachaad White,0.5706521739130435,7.0,10.071428571428571,0.75,0.13636363636363635,0.2601626016260163,0.875,0.967391304347826,00-0037256,Rachaad White,0.5706521739130435,7.0,10.071428571428571,0.75,0.13636363636363635,0.2601626016260163,0.875,0.967391304347826
2025,WAS,3,00-0033699,Austin Ekeler,11,15,3,256.0,23.272727272727273,20.5,0.512,00-0038611,Chris Rodriguez Jr.,0.458,1,1,00-0040242,Jacory Croskey-Merritt,0.4765625,11.0,6.4,0.375,0.4583333333333333,0.3902439024390244,0.6388888888888888,0.5671641791044776,00-0040242,Jacory Croskey-Merritt,0.4765625,11.0,6.4,0.375,0.4583333333333333,0.3902439024390244,0.6388888888888888,0.5671641791044776
