season,team,week,lead,lead_name,spell_weeks,lead_pre_games,lead_pre_work_pg,pre_weeks,pre_team_work,usage_man,usage_name,usage_pre_carries,usage_pre_targets,usage_pre_work,usage_pre_games,usage_share_pre,usage_target_ratio,usage_breadth,usage_spell_work,usage_captured_raw,usage_captured,usage_capped,actual_man,actual_name,actual_pre_carries,actual_pre_targets,actual_pre_work,actual_pre_games,actual_share_pre,actual_target_ratio,actual_breadth,actual_spell_work,actual_captured_raw,actual_captured,actual_capped
2021,ATL,11,00-0030578,Cordarrelle Patterson,1,9,14.0,9,273.0,00-0032063,Mike Davis,88.0,33.0,121.0,9,0.4432234432234432,0.2727272727272727,0.5454545454545454,7.0,0.5,0.5,0,00-0035273,Qadree Ollison,0.0,0.0,0.0,0,0.0,,,12.0,0.8571428571428571,0.8571428571428571,0
2021,BAL,4,00-0036457,Ty'Son Williams,1,3,11.33,3,67.0,00-0030513,Latavius Murray,26.0,0.0,26.0,3,0.3880597014925373,0.0,0.0,18.0,1.588235294117647,1.0,1,00-0030513,Latavius Murray,26.0,0.0,26.0,3,0.3880597014925373,0.0,0.0,18.0,1.588235294117647,1.0,1
2021,BAL,7,00-0030513,Latavius Murray,3,6,10.67,6,141.0,00-0036457,Ty'Son Williams,31.0,9.0,40.0,4,0.28368794326241137,0.225,0.44999999999999996,4.0,0.125,0.125,0,00-0030496,Le'Veon Bell,12.0,1.0,13.0,2,0.09219858156028368,0.07692307692307693,0.15384615384615385,21.0,0.65625,0.65625,0
2021,CAR,4,00-0033280,Christian McCaffrey,5,3,23.0,3,102.0,00-0036555,Chuba Hubbard,19.0,8.0,27.0,3,0.2647058823529412,0.2962962962962963,0.5925925925925926,107.0,0.9304347826086956,0.9304347826086956,0,00-0036555,Chuba Hubbard,19.0,8.0,27.0,3,0.2647058823529412,0.2962962962962963,0.5925925925925926,107.0,0.9304347826086956,0.9304347826086956,0
2021,CAR,11,00-0036555,Chuba Hubbard,1,10,14.8,10,323.0,00-0033280,Christian McCaffrey,79.0,32.0,111.0,5,0.34365325077399383,0.2882882882882883,0.5765765765765766,18.0,1.2162162162162162,1.0,1,00-0033280,Christian McCaffrey,79.0,32.0,111.0,5,0.34365325077399383,0.2882882882882883,0.5765765765765766,18.0,1.2162162162162162,1.0,1
2021,CHI,5,00-0035685,David Montgomery,4,4,19.5,4,107.0,00-0030874,Damien Williams,16.0,10.0,26.0,4,0.24299065420560748,0.38461538461538464,0.7692307692307693,25.0,0.32051282051282054,0.32051282051282054,0,00-0030874,Damien Williams,16.0,10.0,26.0,4,0.24299065420560748,0.38461538461538464,0.7692307692307693,25.0,0.32051282051282054,0.32051282051282054,0
2021,CLE,6,00-0034791,Nick Chubb,2,5,19.0,5,180.0,00-0033923,Kareem Hunt,55.0,21.0,76.0,5,0.4222222222222222,0.27631578947368424,0.5526315789473685,17.0,0.4473684210526316,0.4473684210526316,0,00-0033923,Kareem Hunt,55.0,21.0,76.0,5,0.4222222222222222,0.27631578947368424,0.5526315789473685,17.0,0.4473684210526316,0.4473684210526316,0
2021,CLE,10,00-0034791,Nick Chubb,1,7,18.29,9,283.0,00-0035628,D'Ernest Johnson,37.0,6.0,43.0,6,0.1519434628975265,0.13953488372093023,0.2790697674418605,27.0,1.4765625,1.0,1,00-0035628,D'Ernest Johnson,37.0,6.0,43.0,6,0.1519434628975265,0.13953488372093023,0.2790697674418605,27.0,1.4765625,1.0,1
2021,DEN,13,00-0032144,Melvin Gordon,1,11,15.0,11,319.0,00-0036997,Javonte Williams,117.0,33.0,150.0,11,0.4702194357366771,0.22,0.43999999999999995,32.0,2.1333333333333333,1.0,1,00-0036997,Javonte Williams,117.0,33.0,150.0,11,0.4702194357366771,0.22,0.43999999999999995,32.0,2.1333333333333333,1.0,1
2021,DET,13,00-0036275,D'Andre Swift,2,11,19.09,11,346.0,00-0033948,Jamaal Williams,93.0,23.0,116.0,9,0.3352601156069364,0.19827586206896552,0.39655172413793105,18.0,0.4714285714285715,0.4714285714285715,0,00-0033948,Jamaal Williams,93.0,23.0,116.0,9,0.3352601156069364,0.19827586206896552,0.39655172413793105,18.0,0.4714285714285715,0.4714285714285715,0
2021,GB,11,00-0033293,Aaron Jones,1,10,17.0,10,299.0,00-0036265,AJ Dillon,97.0,18.0,115.0,10,0.38461538461538464,0.1565217391304348,0.31304347826086953,17.0,1.0,1.0,0,00-0036265,AJ Dillon,97.0,18.0,115.0,10,0.38461538461538464,0.1565217391304348,0.31304347826086953,17.0,1.0,1.0,0
2021,HOU,8,00-0027966,Mark Ingram,6,7,14.43,7,199.0,00-0032187,David Johnson,27.0,24.0,51.0,7,0.2562814070351759,0.47058823529411764,0.9411764705882353,42.0,0.48514851485148514,0.48514851485148514,0,00-0036069,Scottie Phillips,0.0,0.0,0.0,0,0.0,,,9.0,0.10396039603960397,0.10396039603960397,0
2021,JAX,9,00-0035831,James Robinson,1,7,16.0,7,163.0,00-0031045,Carlos Hyde,33.0,12.0,45.0,5,0.27607361963190186,0.26666666666666666,0.5333333333333333,23.0,1.4375,1.0,1,00-0031045,Carlos Hyde,33.0,12.0,45.0,5,0.27607361963190186,0.26666666666666666,0.5333333333333333,23.0,1.4375,1.0,1
2021,KC,6,00-0036360,Clyde Edwards-Helaire,5,5,15.0,5,115.0,00-0034301,Darrel Williams,26.0,10.0,36.0,5,0.3130434782608696,0.2777777777777778,0.5555555555555556,96.0,1.28,1.0,1,00-0034301,Darrel Williams,26.0,10.0,36.0,5,0.3130434782608696,0.2777777777777778,0.5555555555555556,96.0,1.28,1.0,1
2021,LA,3,00-0035664,Darrell Henderson,1,2,17.5,2,46.0,00-0034845,Sony Michel,11.0,0.0,11.0,2,0.2391304347826087,0.0,0.0,24.0,1.3714285714285714,1.0,1,00-0034845,Sony Michel,11.0,0.0,11.0,2,0.2391304347826087,0.0,0.0,24.0,1.3714285714285714,1.0,1
2021,LA,13,00-0035664,Darrell Henderson,2,10,18.0,11,278.0,00-0034845,Sony Michel,79.0,13.0,92.0,11,0.33093525179856115,0.14130434782608695,0.28260869565217384,49.0,1.3611111111111112,1.0,1,00-0034845,Sony Michel,79.0,13.0,92.0,11,0.33093525179856115,0.14130434782608695,0.28260869565217384,49.0,1.3611111111111112,1.0,1
2021,LV,2,00-0035700,Josh Jacobs,2,1,12.0,1,23.0,00-0033118,Kenyan Drake,6.0,5.0,11.0,1,0.4782608695652174,0.45454545454545453,0.9090909090909091,27.0,1.125,1.0,1,00-0032741,Peyton Barber,0.0,0.0,0.0,0,0.0,,,41.0,1.7083333333333333,1.0,1
2021,LV,5,00-0032741,Peyton Barber,5,3,14.0,4,111.0,00-0033118,Kenyan Drake,22.0,17.0,39.0,4,0.35135135135135137,0.4358974358974359,0.8717948717948718,45.0,0.6428571428571429,0.6428571428571429,0,00-0035700,Josh Jacobs,23.0,7.0,30.0,2,0.2702702702702703,0.23333333333333334,0.4666666666666667,75.0,1.0714285714285714,1.0,1
2021,MIN,3,00-0033893,Dalvin Cook,1,2,26.0,2,62.0,00-0034972,Alexander Mattison,4.0,2.0,6.0,2,0.0967741935483871,0.3333333333333333,0.6666666666666666,34.0,1.3076923076923077,1.0,1,00-0034972,Alexander Mattison,4.0,2.0,6.0,2,0.0967741935483871,0.3333333333333333,0.6666666666666666,34.0,1.3076923076923077,1.0,1
2021,MIN,5,00-0033893,Dalvin Cook,1,3,22.33,4,127.0,00-0034972,Alexander Mattison,40.0,10.0,50.0,4,0.3937007874015748,0.2,0.4,32.0,1.4328358208955225,1.0,1,00-0034972,Alexander Mattison,40.0,10.0,50.0,4,0.3937007874015748,0.2,0.4,32.0,1.4328358208955225,1.0,1
2021,MIN,13,00-0033893,Dalvin Cook,1,9,23.33,11,336.0,00-0034972,Alexander Mattison,88.0,25.0,113.0,11,0.33630952380952384,0.22123893805309736,0.4424778761061947,25.0,1.0714285714285714,1.0,1,00-0034972,Alexander Mattison,88.0,25.0,113.0,11,0.33630952380952384,0.22123893805309736,0.4424778761061947,25.0,1.0714285714285714,1.0,1
2021,NE,10,00-0035657,Damien Harris,1,9,16.22,9,276.0,00-0029239,Brandon Bolden,22.0,24.0,46.0,8,0.16666666666666666,0.5217391304347826,0.9565217391304348,6.0,0.36986301369863017,0.36986301369863017,0,00-0036875,Rhamondre Stevenson,35.0,8.0,43.0,5,0.15579710144927536,0.18604651162790697,0.37209302325581395,25.0,1.541095890410959,1.0,1
2021,NO,10,00-0033906,Alvin Kamara,4,8,23.75,8,247.0,00-0027966,Mark Ingram,15.0,7.0,22.0,2,0.08906882591093117,0.3181818181818182,0.6363636363636364,57.0,0.6,0.6,0,00-0027966,Mark Ingram,15.0,7.0,22.0,2,0.08906882591093117,0.3181818181818182,0.6363636363636364,57.0,0.6,0.6,0
2021,NYG,6,00-0034844,Saquon Barkley,4,5,14.8,5,112.0,00-0032972,Devontae Booker,23.0,7.0,30.0,4,0.26785714285714285,0.23333333333333334,0.4666666666666667,78.0,1.3175675675675675,1.0,1,00-0032972,Devontae Booker,23.0,7.0,30.0,4,0.26785714285714285,0.23333333333333334,0.4666666666666667,78.0,1.3175675675675675,1.0,1
2021,NYJ,12,00-0036924,Michael Carter,3,10,15.7,10,275.0,00-0035537,Ty Johnson,42.0,38.0,80.0,10,0.2909090909090909,0.475,0.95,25.0,0.5307855626326965,0.5307855626326965,0,00-0032058,Tevin Coleman,30.0,7.0,37.0,6,0.13454545454545455,0.1891891891891892,0.3783783783783784,34.0,0.7218683651804672,0.7218683651804672,0
2021,PHI,8,00-0035243,Miles Sanders,3,7,12.43,7,155.0,00-0036919,Kenny Gainwell,26.0,31.0,57.0,7,0.36774193548387096,0.543859649122807,0.9122807017543859,18.0,0.4827586206896552,0.4827586206896552,0,00-0036919,Kenny Gainwell,26.0,31.0,57.0,7,0.36774193548387096,0.543859649122807,0.9122807017543859,18.0,0.4827586206896552,0.4827586206896552,0
2021,SEA,5,00-0033594,Chris Carson,9,4,15.0,4,85.0,00-0032426,Alex Collins,13.0,2.0,15.0,3,0.17647058823529413,0.13333333333333333,0.2666666666666666,103.0,0.762962962962963,0.762962962962963,0,00-0032426,Alex Collins,13.0,2.0,15.0,3,0.17647058823529413,0.13333333333333333,0.2666666666666666,103.0,0.762962962962963,0.762962962962963,0
2021,SEA,13,00-0032426,Alex Collins,1,10,11.0,11,242.0,00-0036425,DeeJay Dallas,17.0,15.0,32.0,11,0.1322314049586777,0.46875,0.9375,0.0,0.0,0.0,0,00-0025394,Adrian Peterson,0.0,0.0,0.0,0,0.0,,,11.0,1.0,1.0,0
2021,SF,3,00-0036567,Elijah Mitchell,2,2,19.0,2,54.0,00-0034164,Trenton Cannon,1.0,0.0,1.0,1,0.018518518518518517,0.0,0.0,0.0,0.0,0.0,0,00-0036984,Trey Sermon,1.0,0.0,1.0,1,0.018518518518518517,0.0,0.0,32.0,0.8421052631578947,0.8421052631578947,0
2021,SF,11,00-0036567,Elijah Mitchell,1,7,17.86,9,205.0,00-0036984,Trey Sermon,31.0,3.0,34.0,5,0.16585365853658537,0.08823529411764706,0.17647058823529416,11.0,0.616,0.616,0,00-0034115,Jeff Wilson,10.0,0.0,10.0,1,0.04878048780487805,0.0,0.0,21.0,1.176,1.0,1
2021,SF,14,00-0036567,Elijah Mitchell,1,9,20.33,12,298.0,00-0034115,Jeff Wilson,31.0,3.0,34.0,3,0.11409395973154363,0.08823529411764706,0.17647058823529416,13.0,0.639344262295082,0.639344262295082,0,00-0034115,Jeff Wilson,31.0,3.0,34.0,3,0.11409395973154363,0.08823529411764706,0.17647058823529416,13.0,0.639344262295082,0.639344262295082,0
2021,TEN,9,00-0032764,Derrick Henry,5,8,29.88,8,279.0,00-0033955,Jeremy McNichols,7.0,27.0,34.0,7,0.12186379928315412,0.7941176470588235,0.41176470588235303,26.0,0.17405857740585773,0.17405857740585773,0,00-0025394,Adrian Peterson,0.0,0.0,0.0,0,0.0,,,31.0,0.20753138075313807,0.20753138075313807,0
2022,ARI,6,00-0033553,James Conner,3,5,14.6,5,141.0,00-0036383,Eno Benjamin,30.0,17.0,47.0,5,0.3333333333333333,0.3617021276595745,0.723404255319149,51.0,1.1643835616438356,1.0,1,00-0036383,Eno Benjamin,30.0,17.0,47.0,5,0.3333333333333333,0.3617021276595745,0.723404255319149,51.0,1.1643835616438356,1.0,1
2022,ATL,5,00-0030578,Cordarrelle Patterson,4,4,16.25,4,112.0,00-0037263,Tyler Allgeier,26.0,2.0,28.0,3,0.25,0.07142857142857142,0.1428571428571428,61.0,0.9384615384615385,0.9384615384615385,0,00-0037263,Tyler Allgeier,26.0,2.0,28.0,3,0.25,0.07142857142857142,0.1428571428571428,61.0,0.9384615384615385,0.9384615384615385,0
2022,BAL,3,00-0033118,Kenyan Drake,2,2,9.0,2,32.0,00-0034975,Justice Hill,5.0,2.0,7.0,2,0.21875,0.2857142857142857,0.5714285714285714,16.0,0.8888888888888888,0.8888888888888888,0,00-0036158,J.K. Dobbins,0.0,0.0,0.0,0,0.0,,,26.0,1.4444444444444444,1.0,1
2022,BAL,7,00-0036158,J.K. Dobbins,6,4,10.25,6,107.0,00-0033118,Kenyan Drake,31.0,4.0,35.0,4,0.32710280373831774,0.11428571428571428,0.22857142857142854,76.0,1.2357723577235773,1.0,1,00-0034184,Gus Edwards,0.0,0.0,0.0,0,0.0,,,51.0,0.8292682926829268,0.8292682926829268,0
2022,CAR,7,00-0033280,Christian McCaffrey,7,6,21.33,6,147.0,00-0033925,D'Onta Foreman,12.0,0.0,12.0,5,0.08163265306122448,0.0,0.0,144.0,0.9642857142857144,0.9642857142857144,0,00-0033925,D'Onta Foreman,12.0,0.0,12.0,5,0.08163265306122448,0.0,0.0,144.0,0.9642857142857144,0.9642857142857144,0
2022,CHI,4,00-0035685,David Montgomery,1,3,13.67,3,86.0,00-0036906,Khalil Herbert,33.0,4.0,37.0,3,0.43023255813953487,0.10810810810810811,0.21621621621621623,20.0,1.4634146341463414,1.0,1,00-0036906,Khalil Herbert,33.0,4.0,37.0,3,0.43023255813953487,0.10810810810810811,0.21621621621621623,20.0,1.4634146341463414,1.0,1
2022,CIN,12,00-0033897,Joe Mixon,2,10,21.1,10,279.0,00-0033526,Samaje Perine,36.0,26.0,62.0,10,0.2222222222222222,0.41935483870967744,0.8387096774193549,52.0,1.2322274881516586,1.0,1,00-0033526,Samaje Perine,36.0,26.0,62.0,10,0.2222222222222222,0.41935483870967744,0.8387096774193549,52.0,1.2322274881516586,1.0,1
2022,DAL,8,00-0033045,Ezekiel Elliott,2,7,16.71,7,202.0,00-0035261,Tony Pollard,67.0,18.0,85.0,7,0.4207920792079208,0.21176470588235294,0.42352941176470593,43.0,1.2863247863247862,1.0,1,00-0035261,Tony Pollard,67.0,18.0,85.0,7,0.4207920792079208,0.21176470588235294,0.42352941176470593,43.0,1.2863247863247862,1.0,1
2022,DEN,5,00-0036997,Javonte Williams,9,4,17.25,4,124.0,00-0032144,Melvin Gordon,37.0,10.0,47.0,4,0.3790322580645161,0.2127659574468085,0.42553191489361697,75.0,0.4830917874396135,0.4830917874396135,0,00-0032144,Melvin Gordon,37.0,10.0,47.0,4,0.3790322580645161,0.2127659574468085,0.42553191489361697,75.0,0.4830917874396135,0.4830917874396135,0
2022,DEN,12,00-0032144,Melvin Gordon,3,10,12.2,10,301.0,00-0030513,Latavius Murray,63.0,13.0,76.0,5,0.25249169435215946,0.17105263157894737,0.3421052631578947,48.0,1.3114754098360657,1.0,1,00-0030513,Latavius Murray,63.0,13.0,76.0,5,0.25249169435215946,0.17105263157894737,0.3421052631578947,48.0,1.3114754098360657,1.0,1
2022,IND,5,00-0036223,Jonathan Taylor,2,4,24.25,4,126.0,00-0034367,Nyheim Hines,8.0,19.0,27.0,4,0.21428571428571427,0.7037037037037037,0.5925925925925926,3.0,0.061855670103092786,0.061855670103092786,0,00-0036493,Deon Jackson,2.0,0.0,2.0,1,0.015873015873015872,0.0,0.0,39.0,0.8041237113402062,0.8041237113402062,0
2022,IND,9,00-0036223,Jonathan Taylor,1,6,22.0,8,243.0,00-0036493,Deon Jackson,30.0,14.0,44.0,5,0.18106995884773663,0.3181818181818182,0.6363636363636364,14.0,0.6363636363636364,0.6363636363636364,0,00-0036493,Deon Jackson,30.0,14.0,44.0,5,0.18106995884773663,0.3181818181818182,0.6363636363636364,14.0,0.6363636363636364,0.6363636363636364,0
2022,JAX,8,00-0035831,James Robinson,6,7,13.14,7,191.0,00-0036973,Travis Etienne,68.0,23.0,91.0,7,0.47643979057591623,0.25274725274725274,0.5054945054945055,106.0,1.3442028985507246,1.0,1,00-0036973,Travis Etienne,68.0,23.0,91.0,7,0.47643979057591623,0.25274725274725274,0.5054945054945055,106.0,1.3442028985507246,1.0,1
2022,KC,12,00-0036360,Clyde Edwards-Helaire,3,10,9.4,10,245.0,00-0037197,Isiah Pacheco,75.0,3.0,78.0,10,0.3183673469387755,0.038461538461538464,0.07692307692307687,55.0,1.9503546099290778,1.0,1,00-0037197,Isiah Pacheco,75.0,3.0,78.0,10,0.3183673469387755,0.038461538461538464,0.07692307692307687,55.0,1.9503546099290778,1.0,1
2022,LA,6,00-0036414,Cam Akers,2,5,11.2,5,105.0,00-0035664,Darrell Henderson,34.0,15.0,49.0,5,0.4666666666666667,0.30612244897959184,0.6122448979591837,21.0,0.9375000000000001,0.9375000000000001,0,00-0035664,Darrell Henderson,34.0,15.0,49.0,5,0.4666666666666667,0.30612244897959184,0.6122448979591837,21.0,0.9375000000000001,0.9375000000000001,0
2022,LA,12,00-0035664,Darrell Henderson,3,10,9.2,10,217.0,00-0036414,Cam Akers,76.0,6.0,82.0,8,0.3778801843317972,0.07317073170731707,0.14634146341463417,39.0,1.4130434782608696,1.0,1,00-0037840,Kyren Williams,8.0,5.0,13.0,2,0.059907834101382486,0.38461538461538464,0.7692307692307693,23.0,0.8333333333333334,0.8333333333333334,0
2022,MIA,12,00-0031687,Raheem Mostert,1,10,14.4,10,250.0,00-0034115,Jeff Wilson,26.0,8.0,34.0,2,0.136,0.23529411764705882,0.47058823529411764,16.0,1.1111111111111112,1.0,1,00-0034115,Jeff Wilson,26.0,8.0,34.0,2,0.136,0.23529411764705882,0.47058823529411764,16.0,1.1111111111111112,1.0,1
2022,NO,2,00-0033906,Alvin Kamara,1,1,13.0,1,18.0,00-0027966,Mark Ingram,4.0,1.0,5.0,1,0.2777777777777778,0.2,0.4,12.0,0.9230769230769231,0.9230769230769231,0,00-0027966,Mark Ingram,4.0,1.0,5.0,1,0.2777777777777778,0.2,0.4,12.0,0.9230769230769231,0.9230769230769231,0
2022,NO,4,00-0033906,Alvin Kamara,1,2,17.5,3,65.0,00-0027966,Mark Ingram,19.0,3.0,22.0,3,0.3384615384615385,0.13636363636363635,0.2727272727272727,13.0,0.7428571428571429,0.7428571428571429,0,00-0027966,Mark Ingram,19.0,3.0,22.0,3,0.3384615384615385,0.13636363636363635,0.2727272727272727,13.0,0.7428571428571429,0.7428571428571429,0
2022,NYJ,8,00-0038120,Breece Hall,6,7,15.86,7,206.0,00-0036924,Michael Carter,66.0,24.0,90.0,7,0.4368932038834951,0.26666666666666666,0.5333333333333333,56.0,0.5885885885885886,0.5885885885885886,0,00-0036924,Michael Carter,66.0,24.0,90.0,7,0.4368932038834951,0.26666666666666666,0.5333333333333333,56.0,0.5885885885885886,0.5885885885885886,0
2022,NYJ,13,00-0036924,Michael Carter,1,11,12.27,11,314.0,00-0035831,James Robinson,25.0,3.0,28.0,3,0.08917197452229299,0.10714285714285714,0.2142857142857143,4.0,0.3259259259259259,0.3259259259259259,0,00-0037157,Bam Knight,14.0,3.0,17.0,1,0.054140127388535034,0.17647058823529413,0.3529411764705883,20.0,1.6296296296296295,1.0,1
2022,SEA,6,00-0034750,Rashaad Penny,8,5,12.4,5,107.0,00-0038134,Kenneth Walker III,23.0,7.0,30.0,4,0.2803738317757009,0.23333333333333334,0.4666666666666667,134.0,1.3508064516129032,1.0,1,00-0038134,Kenneth Walker III,23.0,7.0,30.0,4,0.2803738317757009,0.23333333333333334,0.4666666666666667,134.0,1.3508064516129032,1.0,1
2022,SEA,14,00-0038134,Kenneth Walker III,1,11,14.91,12,289.0,00-0035594,Travis Homer,9.0,11.0,20.0,7,0.06920415224913495,0.55,0.8999999999999999,12.0,0.8048780487804879,0.8048780487804879,0,00-0035594,Travis Homer,9.0,11.0,20.0,7,0.06920415224913495,0.55,0.8999999999999999,12.0,0.8048780487804879,0.8048780487804879,0
2022,SF,10,00-0034115,Jeff Wilson,5,8,13.12,8,182.0,00-0033280,Christian McCaffrey,26.0,11.0,37.0,2,0.2032967032967033,0.2972972972972973,0.5945945945945946,95.0,1.4476190476190476,1.0,1,00-0036567,Elijah Mitchell,6.0,0.0,6.0,1,0.03296703296703297,0.0,0.0,38.0,0.579047619047619,0.579047619047619,0
2022,TB,12,00-0033856,Leonard Fournette,1,10,18.5,10,276.0,00-0037256,Rachaad White,60.0,25.0,85.0,10,0.3079710144927536,0.29411764705882354,0.5882352941176471,23.0,1.2432432432432432,1.0,1,00-0037256,Rachaad White,60.0,25.0,85.0,10,0.3079710144927536,0.29411764705882354,0.5882352941176471,23.0,1.2432432432432432,1.0,1
2023,ARI,6,00-0033553,James Conner,4,5,15.6,5,114.0,00-0038705,Emari Demercado,14.0,9.0,23.0,4,0.20175438596491227,0.391304347826087,0.782608695652174,42.0,0.6730769230769231,0.6730769230769231,0,00-0037299,Keaontay Ingram,12.0,1.0,13.0,3,0.11403508771929824,0.07692307692307693,0.15384615384615385,24.0,0.38461538461538464,0.38461538461538464,0
2023,BAL,2,00-0036158,J.K. Dobbins,12,1,11.0,1,27.0,00-0034184,Gus Edwards,8.0,0.0,8.0,1,0.2962962962962963,0.0,0.0,150.0,1.1363636363636365,1.0,1,00-0034975,Justice Hill,8.0,0.0,8.0,1,0.2962962962962963,0.0,0.0,78.0,0.5909090909090909,0.5909090909090909,0
2023,BAL,3,00-0034975,Justice Hill,1,2,11.0,2,51.0,00-0034184,Gus Edwards,18.0,0.0,18.0,2,0.35294117647058826,0.0,0.0,11.0,1.0,1.0,0,00-0032144,Melvin Gordon,0.0,0.0,0.0,0,0.0,,,12.0,1.0909090909090908,1.0,1
2023,CAR,6,00-0035243,Miles Sanders,1,5,17.0,5,134.0,00-0036555,Chuba Hubbard,35.0,14.0,49.0,5,0.3656716417910448,0.2857142857142857,0.5714285714285714,20.0,1.1764705882352942,1.0,1,00-0036555,Chuba Hubbard,35.0,14.0,49.0,5,0.3656716417910448,0.2857142857142857,0.5714285714285714,20.0,1.1764705882352942,1.0,1
2023,CHI,6,00-0036906,Khalil Herbert,5,5,13.8,5,116.0,00-0033925,D'Onta Foreman,5.0,3.0,8.0,1,0.06896551724137931,0.375,0.75,91.0,1.318840579710145,1.0,1,00-0033925,D'Onta Foreman,5.0,3.0,8.0,1,0.06896551724137931,0.375,0.75,91.0,1.318840579710145,1.0,1
2023,CHI,12,00-0033925,D'Onta Foreman,1,7,15.0,11,312.0,00-0036906,Khalil Herbert,67.0,21.0,88.0,6,0.28205128205128205,0.23863636363636365,0.4772727272727273,8.0,0.5333333333333333,0.5333333333333333,0,00-0039021,Roschon Johnson,44.0,23.0,67.0,9,0.21474358974358973,0.34328358208955223,0.6865671641791045,15.0,1.0,1.0,0
2023,DEN,5,00-0036997,Javonte Williams,1,4,13.25,4,101.0,00-0033526,Samaje Perine,18.0,13.0,31.0,4,0.3069306930693069,0.41935483870967744,0.8387096774193549,11.0,0.8301886792452831,0.8301886792452831,0,00-0038794,Jaleel McLaughlin,13.0,4.0,17.0,4,0.16831683168316833,0.23529411764705882,0.47058823529411764,13.0,0.9811320754716981,0.9811320754716981,0
2023,DET,3,00-0035685,David Montgomery,1,2,19.0,2,67.0,00-0039139,Jahmyr Gibbs,14.0,11.0,25.0,2,0.373134328358209,0.44,0.88,19.0,1.0,1.0,0,00-0039139,Jahmyr Gibbs,14.0,11.0,25.0,2,0.373134328358209,0.44,0.88,19.0,1.0,1.0,0
2023,DET,7,00-0035685,David Montgomery,2,5,20.8,6,196.0,00-0039139,Jahmyr Gibbs,39.0,18.0,57.0,4,0.29081632653061223,0.3157894736842105,0.631578947368421,52.0,1.25,1.0,1,00-0039139,Jahmyr Gibbs,39.0,18.0,57.0,4,0.29081632653061223,0.3157894736842105,0.631578947368421,52.0,1.25,1.0,1
2023,HOU,9,00-0037258,Dameon Pierce,3,7,17.29,7,189.0,00-0035250,Devin Singletary,49.0,9.0,58.0,7,0.30687830687830686,0.15517241379310345,0.31034482758620685,71.0,1.369146005509642,1.0,1,00-0035250,Devin Singletary,49.0,9.0,58.0,7,0.30687830687830686,0.15517241379310345,0.31034482758620685,71.0,1.369146005509642,1.0,1
2023,IND,2,00-0036493,Deon Jackson,12,1,19.0,1,24.0,,,0.0,0.0,0.0,0,0.0,,,0.0,0.0,0.0,0,00-0036251,Zack Moss,0.0,0.0,0.0,0,0.0,,,207.0,0.9078947368421053,0.9078947368421053,0
2023,KC,14,00-0037197,Isiah Pacheco,1,12,17.83,12,304.0,00-0036360,Clyde Edwards-Helaire,40.0,9.0,49.0,11,0.1611842105263158,0.1836734693877551,0.36734693877551017,15.0,0.8411214953271029,0.8411214953271029,0,00-0036360,Clyde Edwards-Helaire,40.0,9.0,49.0,11,0.1611842105263158,0.1836734693877551,0.36734693877551017,15.0,0.8411214953271029,0.8411214953271029,0
2023,LA,2,00-0036414,Cam Akers,12,1,22.0,1,39.0,00-0037840,Kyren Williams,15.0,2.0,17.0,1,0.4358974358974359,0.11764705882352941,0.23529411764705888,181.0,0.6856060606060606,0.6856060606060606,0,00-0037840,Kyren Williams,15.0,2.0,17.0,1,0.4358974358974359,0.11764705882352941,0.23529411764705888,181.0,0.6856060606060606,0.6856060606060606,0
2023,LA,7,00-0037840,Kyren Williams,4,6,20.17,6,164.0,,,0.0,0.0,0.0,0,0.0,,,0.0,0.0,0.0,0,00-0035664,Darrell Henderson,0.0,0.0,0.0,0,0.0,,,60.0,0.743801652892562,0.743801652892562,0
2023,LAC,2,00-0033699,Austin Ekeler,3,1,21.0,1,38.0,00-0036370,Joshua Kelley,16.0,1.0,17.0,1,0.4473684210526316,0.058823529411764705,0.11764705882352944,43.0,0.6825396825396826,0.6825396825396826,0,00-0036370,Joshua Kelley,16.0,1.0,17.0,1,0.4473684210526316,0.058823529411764705,0.11764705882352944,43.0,0.6825396825396826,0.6825396825396826,0
2023,NE,14,00-0036875,Rhamondre Stevenson,1,12,17.25,12,350.0,00-0033045,Ezekiel Elliott,112.0,31.0,143.0,12,0.4085714285714286,0.21678321678321677,0.43356643356643354,30.0,1.7391304347826086,1.0,1,00-0033045,Ezekiel Elliott,112.0,31.0,143.0,12,0.4085714285714286,0.21678321678321677,0.43356643356643354,30.0,1.7391304347826086,1.0,1
2023,NO,3,00-0033948,Jamaal Williams,4,2,14.5,2,44.0,00-0035860,Tony Jones,13.0,2.0,15.0,2,0.3409090909090909,0.13333333333333333,0.2666666666666666,12.0,0.20689655172413793,0.20689655172413793,0,00-0035860,Tony Jones,13.0,2.0,15.0,2,0.3409090909090909,0.13333333333333333,0.2666666666666666,12.0,0.20689655172413793,0.20689655172413793,0
2023,NYG,3,00-0034844,Saquon Barkley,3,2,20.0,2,47.0,00-0033308,Matt Breida,3.0,1.0,4.0,2,0.0851063829787234,0.25,0.5,36.0,0.6,0.6,0,00-0033308,Matt Breida,3.0,1.0,4.0,2,0.0851063829787234,0.25,0.5,36.0,0.6,0.6,0
2023,PHI,2,00-0036919,Kenny Gainwell,1,1,18.0,1,23.0,00-0036275,D'Andre Swift,1.0,2.0,3.0,1,0.13043478260869565,0.6666666666666666,0.6666666666666667,31.0,1.7222222222222223,1.0,1,00-0036275,D'Andre Swift,1.0,2.0,3.0,1,0.13043478260869565,0.6666666666666666,0.6666666666666667,31.0,1.7222222222222223,1.0,1
2023,SEA,12,00-0038134,Kenneth Walker III,2,10,17.2,10,260.0,00-0039165,Zach Charbonnet,53.0,23.0,76.0,9,0.2923076923076923,0.3026315789473684,0.6052631578947368,39.0,1.1337209302325582,1.0,1,00-0039165,Zach Charbonnet,53.0,23.0,76.0,9,0.2923076923076923,0.3026315789473684,0.6052631578947368,39.0,1.1337209302325582,1.0,1
2024,BUF,6,00-0037248,James Cook,1,5,16.6,5,130.0,00-0039875,Ray Davis,26.0,5.0,31.0,5,0.23846153846153847,0.16129032258064516,0.32258064516129026,23.0,1.3855421686746987,1.0,1,00-0039875,Ray Davis,26.0,5.0,31.0,5,0.23846153846153847,0.16129032258064516,0.32258064516129026,23.0,1.3855421686746987,1.0,1
2024,CIN,9,00-0036251,Zack Moss,5,8,12.62,8,200.0,00-0038597,Chase Brown,78.0,21.0,99.0,8,0.495,0.21212121212121213,0.4242424242424243,122.0,1.9326732673267326,1.0,1,00-0038597,Chase Brown,78.0,21.0,99.0,8,0.495,0.21212121212121213,0.4242424242424243,122.0,1.9326732673267326,1.0,1
2024,CLE,7,00-0037267,Jerome Ford,2,6,12.17,6,138.0,00-0033925,D'Onta Foreman,39.0,5.0,44.0,5,0.3188405797101449,0.11363636363636363,0.2272727272727273,7.0,0.28767123287671237,0.28767123287671237,0,00-0034791,Nick Chubb,0.0,0.0,0.0,0,0.0,,,32.0,1.315068493150685,1.0,1
2024,DAL,8,00-0036139,Rico Dowdle,1,6,13.17,6,136.0,00-0033045,Ezekiel Elliott,38.0,9.0,47.0,6,0.34558823529411764,0.19148936170212766,0.3829787234042553,11.0,0.8354430379746836,0.8354430379746836,0,00-0033045,Ezekiel Elliott,38.0,9.0,47.0,6,0.34558823529411764,0.19148936170212766,0.3829787234042553,11.0,0.8354430379746836,0.8354430379746836,0
2024,HOU,3,00-0033897,Joe Mixon,3,2,23.5,2,63.0,00-0036414,Cam Akers,7.0,1.0,8.0,1,0.12698412698412698,0.125,0.25,37.0,0.524822695035461,0.524822695035461,0,00-0036414,Cam Akers,7.0,1.0,8.0,1,0.12698412698412698,0.125,0.25,37.0,0.524822695035461,0.524822695035461,0
2024,IND,5,00-0036223,Jonathan Taylor,3,4,20.5,4,93.0,00-0036984,Trey Sermon,9.0,1.0,10.0,3,0.10752688172043011,0.1,0.19999999999999996,43.0,0.6991869918699187,0.6991869918699187,0,00-0036984,Trey Sermon,9.0,1.0,10.0,3,0.10752688172043011,0.1,0.19999999999999996,43.0,0.6991869918699187,0.6991869918699187,0
2024,JAX,7,00-0036973,Travis Etienne,2,6,13.17,6,143.0,00-0038555,Tank Bigsby,41.0,1.0,42.0,6,0.2937062937062937,0.023809523809523808,0.04761904761904767,48.0,1.8227848101265824,1.0,1,00-0038555,Tank Bigsby,41.0,1.0,42.0,6,0.2937062937062937,0.023809523809523808,0.04761904761904767,48.0,1.8227848101265824,1.0,1
2024,JAX,11,00-0038555,Tank Bigsby,1,10,10.0,10,238.0,00-0036973,Travis Etienne,70.0,27.0,97.0,8,0.40756302521008403,0.27835051546391754,0.5567010309278351,15.0,1.5,1.0,1,00-0036973,Travis Etienne,70.0,27.0,97.0,8,0.40756302521008403,0.27835051546391754,0.5567010309278351,15.0,1.5,1.0,1
2024,KC,3,00-0037197,Isiah Pacheco,9,2,21.0,2,54.0,00-0039325,Carson Steele,9.0,0.0,9.0,2,0.16666666666666666,0.0,0.0,48.0,0.25396825396825395,0.25396825396825395,0,00-0039325,Carson Steele,9.0,0.0,9.0,2,0.16666666666666666,0.0,0.0,48.0,0.25396825396825395,0.25396825396825395,0
2024,LAC,13,00-0036158,J.K. Dobbins,2,11,17.45,11,291.0,00-0034184,Gus Edwards,63.0,2.0,65.0,7,0.22336769759450173,0.03076923076923077,0.06153846153846154,17.0,0.4869791666666667,0.4869791666666667,0,00-0034184,Gus Edwards,63.0,2.0,65.0,7,0.22336769759450173,0.03076923076923077,0.06153846153846154,17.0,0.4869791666666667,0.4869791666666667,0
2024,LV,5,00-0038040,Zamir White,2,4,14.0,4,91.0,00-0034972,Alexander Mattison,17.0,10.0,27.0,4,0.2967032967032967,0.37037037037037035,0.7407407407407407,37.0,1.3214285714285714,1.0,1,00-0034972,Alexander Mattison,17.0,10.0,27.0,4,0.2967032967032967,0.37037037037037035,0.7407407407407407,37.0,1.3214285714285714,1.0,1
2024,LV,12,00-0034972,Alexander Mattison,3,10,12.6,10,239.0,00-0032104,Ameer Abdullah,17.0,20.0,37.0,9,0.15481171548117154,0.5405405405405406,0.9189189189189189,29.0,0.7671957671957672,0.7671957671957672,0,00-0032104,Ameer Abdullah,17.0,20.0,37.0,9,0.15481171548117154,0.5405405405405406,0.9189189189189189,29.0,0.7671957671957672,0.7671957671957672,0
2024,NE,6,00-0036875,Rhamondre Stevenson,1,5,18.8,5,144.0,00-0036328,Antonio Gibson,35.0,9.0,44.0,5,0.3055555555555556,0.20454545454545456,0.40909090909090917,17.0,0.9042553191489361,0.9042553191489361,0,00-0036328,Antonio Gibson,35.0,9.0,44.0,5,0.3055555555555556,0.20454545454545456,0.40909090909090917,17.0,0.9042553191489361,0.9042553191489361,0
2024,NYG,5,00-0035250,Devin Singletary,2,4,16.75,4,90.0,00-0039384,Tyrone Tracy Jr.,12.0,6.0,18.0,4,0.2,0.3333333333333333,0.6666666666666666,43.0,1.2835820895522387,1.0,1,00-0039384,Tyrone Tracy Jr.,12.0,6.0,18.0,4,0.2,0.3333333333333333,0.6666666666666666,43.0,1.2835820895522387,1.0,1
2024,NYJ,14,00-0038120,Breece Hall,1,12,18.83,12,320.0,00-0039794,Braelon Allen,67.0,18.0,85.0,12,0.265625,0.21176470588235294,0.42352941176470593,16.0,0.8495575221238939,0.8495575221238939,0,00-0039794,Braelon Allen,67.0,18.0,85.0,12,0.265625,0.21176470588235294,0.42352941176470593,16.0,0.8495575221238939,0.8495575221238939,0
2024,SEA,2,00-0038134,Kenneth Walker III,2,1,23.0,1,34.0,00-0039165,Zach Charbonnet,8.0,3.0,11.0,1,0.3235294117647059,0.2727272727272727,0.5454545454545454,41.0,0.8913043478260869,0.8913043478260869,0,00-0039165,Zach Charbonnet,8.0,3.0,11.0,1,0.3235294117647059,0.2727272727272727,0.5454545454545454,41.0,0.8913043478260869,0.8913043478260869,0
2024,SEA,14,00-0038134,Kenneth Walker III,1,10,19.0,12,305.0,00-0039165,Zach Charbonnet,75.0,36.0,111.0,12,0.3639344262295082,0.32432432432432434,0.6486486486486487,29.0,1.5263157894736843,1.0,1,00-0039165,Zach Charbonnet,75.0,36.0,111.0,12,0.3639344262295082,0.32432432432432434,0.6486486486486487,29.0,1.5263157894736843,1.0,1
2024,SF,14,00-0037525,Jordan Mason,1,12,13.92,12,292.0,00-0039363,Isaac Guerendo,42.0,6.0,48.0,12,0.1643835616438356,0.125,0.25,17.0,1.221556886227545,1.0,1,00-0039363,Isaac Guerendo,42.0,6.0,48.0,12,0.1643835616438356,0.125,0.25,17.0,1.221556886227545,1.0,1
2024,TB,6,00-0037256,Rachaad White,1,5,14.0,5,127.0,00-0039361,Bucky Irving,44.0,10.0,54.0,5,0.4251968503937008,0.18518518518518517,0.37037037037037035,16.0,1.1428571428571428,1.0,1,00-0038951,Sean Tucker,2.0,1.0,3.0,5,0.023622047244094488,0.3333333333333333,0.6666666666666666,17.0,1.2142857142857142,1.0,1
2024,WAS,6,00-0037746,Brian Robinson,1,5,16.8,5,131.0,00-0033699,Austin Ekeler,19.0,11.0,30.0,4,0.22900763358778625,0.36666666666666664,0.7333333333333333,14.0,0.8333333333333333,0.8333333333333333,0,00-0033699,Austin Ekeler,19.0,11.0,30.0,4,0.22900763358778625,0.36666666666666664,0.7333333333333333,14.0,0.8333333333333333,0.8333333333333333,0
2024,WAS,9,00-0037746,Brian Robinson,2,7,16.14,8,200.0,00-0033699,Austin Ekeler,39.0,21.0,60.0,7,0.3,0.35,0.7,30.0,0.9292035398230089,0.9292035398230089,0,00-0033699,Austin Ekeler,39.0,21.0,60.0,7,0.3,0.35,0.7,30.0,0.9292035398230089,0.9292035398230089,0
2025,ARI,4,00-0033553,James Conner,10,3,13.67,3,76.0,00-0039921,Trey Benson,21.0,11.0,32.0,3,0.42105263157894735,0.34375,0.6875,13.0,0.0951219512195122,0.0951219512195122,0,00-0039921,Trey Benson,21.0,11.0,32.0,3,0.42105263157894735,0.34375,0.6875,13.0,0.0951219512195122,0.0951219512195122,0
2025,ARI,5,00-0039921,Trey Benson,9,4,11.25,4,94.0,00-0038705,Emari Demercado,4.0,3.0,7.0,3,0.07446808510638298,0.42857142857142855,0.8571428571428571,36.0,0.35555555555555557,0.35555555555555557,0,00-0036924,Michael Carter,1.0,0.0,1.0,1,0.010638297872340425,0.0,0.0,84.0,0.8296296296296296,0.8296296296296296,0
2025,ARI,9,00-0036924,Michael Carter,1,4,11.75,7,182.0,00-0037157,Bam Knight,29.0,7.0,36.0,5,0.1978021978021978,0.19444444444444445,0.38888888888888884,11.0,0.9361702127659575,0.9361702127659575,0,00-0038705,Emari Demercado,8.0,4.0,12.0,5,0.06593406593406594,0.3333333333333333,0.6666666666666666,15.0,1.2765957446808511,1.0,1
2025,CAR,5,00-0036555,Chuba Hubbard,2,4,17.5,4,113.0,00-0036139,Rico Dowdle,28.0,6.0,34.0,4,0.3008849557522124,0.17647058823529413,0.3529411764705883,62.0,1.7714285714285714,1.0,1,00-0036139,Rico Dowdle,28.0,6.0,34.0,4,0.3008849557522124,0.17647058823529413,0.3529411764705883,62.0,1.7714285714285714,1.0,1
2025,CHI,9,00-0036275,D'Andre Swift,1,7,17.71,7,177.0,00-0040236,Kyle Monangai,42.0,9.0,51.0,7,0.288135593220339,0.17647058823529413,0.3529411764705883,31.0,1.75,1.0,1,00-0040236,Kyle Monangai,42.0,9.0,51.0,7,0.288135593220339,0.17647058823529413,0.3529411764705883,31.0,1.75,1.0,1
2025,DEN,11,00-0036158,J.K. Dobbins,3,10,16.7,10,268.0,00-0040730,RJ Harvey,50.0,29.0,79.0,10,0.2947761194029851,0.3670886075949367,0.7341772151898734,54.0,1.0778443113772456,1.0,1,00-0040730,RJ Harvey,50.0,29.0,79.0,10,0.2947761194029851,0.3670886075949367,0.7341772151898734,54.0,1.0778443113772456,1.0,1
2025,GB,12,00-0035700,Josh Jacobs,1,10,20.4,10,282.0,00-0038797,Emanuel Wilson,53.0,13.0,66.0,10,0.23404255319148937,0.19696969696969696,0.3939393939393939,30.0,1.4705882352941178,1.0,1,00-0038797,Emanuel Wilson,53.0,13.0,66.0,10,0.23404255319148937,0.19696969696969696,0.3939393939393939,30.0,1.4705882352941178,1.0,1
2025,KC,9,00-0037197,Isiah Pacheco,3,8,11.88,8,209.0,00-0033923,Kareem Hunt,62.0,9.0,71.0,8,0.3397129186602871,0.1267605633802817,0.2535211267605634,61.0,1.712280701754386,1.0,1,00-0033923,Kareem Hunt,62.0,9.0,71.0,8,0.3397129186602871,0.1267605633802817,0.2535211267605634,61.0,1.712280701754386,1.0,1
2025,LAC,6,00-0040666,Omarion Hampton,7,5,17.6,5,117.0,00-0037617,Hassan Haskins,5.0,1.0,6.0,5,0.05128205128205128,0.16666666666666666,0.33333333333333326,10.0,0.08116883116883115,0.08116883116883115,0,00-0039391,Kimani Vidal,4.0,1.0,5.0,2,0.042735042735042736,0.2,0.4,133.0,1.0795454545454544,1.0,1
2025,NE,9,00-0036875,Rhamondre Stevenson,3,8,12.75,8,208.0,00-0040734,TreVeyon Henderson,53.0,18.0,71.0,8,0.34134615384615385,0.2535211267605634,0.5070422535211268,59.0,1.542483660130719,1.0,1,00-0040734,TreVeyon Henderson,53.0,18.0,71.0,8,0.34134615384615385,0.2535211267605634,0.5070422535211268,59.0,1.542483660130719,1.0,1
2025,NO,13,00-0033906,Alvin Kamara,2,11,15.45,11,253.0,00-0040202,Devin Neal,17.0,14.0,31.0,6,0.1225296442687747,0.45161290322580644,0.9032258064516129,37.0,1.1970588235294117,1.0,1,00-0040202,Devin Neal,17.0,14.0,31.0,6,0.1225296442687747,0.45161290322580644,0.9032258064516129,37.0,1.1970588235294117,1.0,1
2025,NYG,9,00-0040715,Cam Skattebo,5,8,16.62,8,226.0,00-0039384,Tyrone Tracy Jr.,45.0,16.0,61.0,6,0.26991150442477874,0.26229508196721313,0.5245901639344263,83.0,0.9984962406015038,0.9984962406015038,0,00-0035250,Devin Singletary,28.0,4.0,32.0,8,0.1415929203539823,0.125,0.25,67.0,0.806015037593985,0.806015037593985,0
2025,PIT,4,00-0037228,Jaylen Warren,1,3,18.33,3,83.0,00-0036919,Kenny Gainwell,16.0,10.0,26.0,3,0.3132530120481928,0.38461538461538464,0.7692307692307693,25.0,1.3636363636363638,1.0,1,00-0036919,Kenny Gainwell,16.0,10.0,26.0,3,0.3132530120481928,0.38461538461538464,0.7692307692307693,25.0,1.3636363636363638,1.0,1
2025,SEA,3,00-0039165,Zach Charbonnet,1,2,13.5,2,54.0,00-0038134,Kenneth Walker III,23.0,4.0,27.0,2,0.5,0.14814814814814814,0.2962962962962963,17.0,1.2592592592592593,1.0,1,00-0038134,Kenneth Walker III,23.0,4.0,27.0,2,0.5,0.14814814814814814,0.2962962962962963,17.0,1.2592592592592593,1.0,1
2025,TB,5,00-0039361,Bucky Irving,7,4,22.5,4,123.0,00-0037256,Rachaad White,23.0,9.0,32.0,4,0.2601626016260163,0.28125,0.5625,105.0,0.6666666666666666,0.6666666666666666,0,00-0037256,Rachaad White,23.0,9.0,32.0,4,0.2601626016260163,0.28125,0.5625,105.0,0.6666666666666666,0.6666666666666666,0
2025,WAS,3,00-0033699,Austin Ekeler,11,2,10.5,2,41.0,00-0040242,Jacory Croskey-Merritt,14.0,2.0,16.0,2,0.3902439024390244,0.125,0.25,122.0,1.0562770562770563,1.0,1,00-0038611,Chris Rodriguez Jr.,0.0,0.0,0.0,0,0.0,,,83.0,0.7186147186147186,0.7186147186147186,0
