player,adp,k
Ja'Marr Chase,1.0,jamarr chase
Bijan Robinson,2.0,bijan robinson
Saquon Barkley,3.3,saquon barkley
Jahmyr Gibbs,3.7,jahmyr gibbs
Justin Jefferson,5.3,justin jefferson
CeeDee Lamb,5.7,ceedee lamb
Christian McCaffrey,7.3,christian mccaffrey
Derrick Henry,9.0,derrick henry
Amon-Ra St. Brown,9.7,amon ra st brown
Ashton Jeanty,10.0,ashton jeanty
Malik Nabers,10.3,malik nabers
Nico Collins,11.3,nico collins
Josh Jacobs,13.7,josh jacobs
Puka Nacua,14.0,puka nacua
Brian Thomas Jr.,16.0,brian thomas
De'Von Achane,17.0,devon achane
Drake London,17.3,drake london
Jonathan Taylor,17.7,jonathan taylor
Bucky Irving,19.7,bucky irving
A.J. Brown,21.0,aj brown
Chase Brown,21.3,chase brown
Brock Bowers,21.3,brock bowers
Lamar Jackson,21.7,lamar jackson
Josh Allen,22.0,josh allen
Kyren Williams,24.0,kyren williams
Ladd McConkey,27.0,ladd mcconkey
Trey McBride,27.7,trey mcbride
James Cook III,28.7,james cook
Omarion Hampton,30.3,omarion hampton
Jayden Daniels,30.7,jayden daniels
Tyreek Hill,31.7,tyreek hill
Tee Higgins,32.7,tee higgins
Jaxon Smith-Njigba,33.0,jaxon smith njigba
George Kittle,35.3,george kittle
Jalen Hurts,35.3,jalen hurts
Joe Burrow,38.0,joe burrow
Alvin Kamara,38.0,alvin kamara
Breece Hall,38.0,breece hall
Marvin Harrison Jr.,39.3,marvin harrison
Mike Evans,39.7,mike evans
Kenneth Walker III,39.7,kenneth walker
Terry McLaurin,40.0,terry mclaurin
Garrett Wilson,41.7,garrett wilson
Chuba Hubbard,42.3,chuba hubbard
Davante Adams,44.0,davante adams
TreVeyon Henderson,45.7,treveyon henderson
James Conner,47.0,james conner
DK Metcalf,49.3,dk metcalf
Patrick Mahomes II,52.3,patrick mahomes
RJ Harvey,53.0,rj harvey
Sam LaPorta,53.7,sam laporta
Courtland Sutton,54.0,courtland sutton
DJ Moore,54.3,dj moore
David Montgomery,55.0,david montgomery
DeVonta Smith,55.3,devonta smith
Xavier Worthy,57.3,xavier worthy
Tony Pollard,57.7,tony pollard
Tetairoa McMillan,58.3,tetairoa mcmillan
Isiah Pacheco,58.3,isiah pacheco
George Pickens,58.7,george pickens
D'Andre Swift,59.0,dandre swift
Travis Kelce,62.0,travis kelce
Jameson Williams,62.0,jameson williams
Zay Flowers,62.7,zay flowers
T.J. Hockenson,66.3,tj hockenson
Calvin Ridley,66.3,calvin ridley
Aaron Jones Sr.,66.7,aaron jones
Baker Mayfield,68.3,baker mayfield
Jaylen Waddle,69.3,jaylen waddle
Bo Nix,70.3,bo nix
Travis Hunter,71.7,travis hunter
Rashee Rice,72.7,rashee rice
Mark Andrews,75.0,mark andrews
Tyrone Tracy Jr.,75.0,tyrone tracy
Kaleb Johnson,75.3,kaleb johnson
Chris Olave,76.0,chris olave
Jerry Jeudy,76.3,jerry jeudy
Rome Odunze,78.3,rome odunze
Ricky Pearsall,79.3,ricky pearsall
Emeka Egbuka,80.7,emeka egbuka
Jaylen Warren,82.0,jaylen warren
Evan Engram,83.0,evan engram
Deebo Samuel Sr.,86.7,deebo samuel
Jordan Mason,86.7,jordan mason
Stefon Diggs,90.0,stefon diggs
Matthew Golden,90.3,matthew golden
David Njoku,90.7,david njoku
Dak Prescott,91.7,dak prescott
Travis Etienne Jr.,92.3,travis etienne
Jakobi Meyers,93.0,jakobi meyers
Kyler Murray,93.3,kyler murray
Tyler Warren,93.7,tyler warren
Zach Charbonnet,94.7,zach charbonnet
Joe Mixon,95.3,joe mixon
Tucker Kraft,96.0,tucker kraft
Jordan Addison,96.3,jordan addison
Brock Purdy,97.0,brock purdy
J.K. Dobbins,97.3,jk dobbins
Jacory Croskey-Merritt,97.7,jacory croskey merritt
Cooper Kupp,100.0,cooper kupp
Brian Robinson Jr.,100.0,brian robinson
Jared Goff,104.0,jared goff
Jauan Jennings,104.0,jauan jennings
Quinshon Judkins,107.3,quinshon judkins
Cam Skattebo,110.0,cam skattebo
Khalil Shakir,110.0,khalil shakir
Chris Godwin Jr.,110.0,chris godwin
Tank Bigsby,111.3,tank bigsby
Justin Herbert,112.3,justin herbert
Javonte Williams,112.7,javonte williams
Braelon Allen,112.7,braelon allen
Caleb Williams,115.0,caleb williams
Colston Loveland,115.3,colston loveland
Justin Fields,115.7,justin fields
Rhamondre Stevenson,118.0,rhamondre stevenson
Jayden Reed,118.7,jayden reed
Nick Chubb,119.3,nick chubb
Drake Maye,119.7,drake maye
Michael Pittman Jr.,122.7,michael pittman
Brandon Aubrey,123.7,brandon aubrey
Najee Harris,124.3,najee harris
Jake Ferguson,125.3,jake ferguson
Josh Downs,126.0,josh downs
Dalton Kincaid,126.7,dalton kincaid
Denver Broncos,127.7,denver broncos
C.J. Stroud,129.3,cj stroud
Keon Coleman,130.7,keon coleman
Philadelphia Eagles,131.7,philadelphia eagles
Jordan Love,132.0,jordan love
Kyle Pitts Sr.,135.3,kyle pitts
Jaydon Blue,137.0,jaydon blue
Cameron Dicker,139.3,cameron dicker
J.J. McCarthy,140.7,jj mccarthy
Dallas Goedert,141.0,dallas goedert
Ollie Gordon II,141.0,ollie gordon
Rashid Shaheed,144.0,rashid shaheed
Keenan Allen,144.7,keenan allen
Jerome Ford,145.3,jerome ford
Jonnu Smith,145.3,jonnu smith
Pittsburgh Steelers,146.3,pittsburgh steelers
Trey Benson,147.0,trey benson
Jayden Higgins,147.3,jayden higgins
Bhayshul Tuten,148.7,bhayshul tuten
Jake Bates,150.3,jake bates
Brandon Aiyuk,150.7,brandon aiyuk
Darnell Mooney,153.7,darnell mooney
Marvin Mims Jr.,153.7,marvin mims
Rachaad White,154.7,rachaad white
Ray Davis,156.7,ray davis
Dylan Sampson,157.3,dylan sampson
Luther Burden III,158.3,luther burden
Baltimore Ravens,158.7,baltimore ravens
Christian Kirk,158.7,christian kirk
Hunter Henry,159.7,hunter henry
Trevor Lawrence,160.7,trevor lawrence
Zach Ertz,161.3,zach ertz
Kareem Hunt,161.3,kareem hunt
Minnesota Vikings,162.7,minnesota vikings
Tua Tagovailoa,164.7,tua tagovailoa
Cam Ward,165.3,cam ward
Chig Okonkwo,166.3,chig okonkwo
Tyjae Spears,167.0,tyjae spears
Tyler Allgeier,167.3,tyler allgeier
Michael Penix Jr.,168.3,michael penix
Adam Thielen,169.0,adam thielen
Rico Dowdle,169.7,rico dowdle
Hollywood Brown,170.0,hollywood brown
Aaron Rodgers,174.7,aaron rodgers
DeAndre Hopkins,175.0,deandre hopkins
Matthew Stafford,175.3,matthew stafford
Joshua Palmer,176.0,joshua palmer
Bryce Young,176.7,bryce young
Rashod Bateman,180.0,rashod bateman
Sam Darnold,180.3,sam darnold
Geno Smith,182.7,geno smith
Houston Texans,184.3,houston texans
Kansas City Chiefs,184.7,kansas city chiefs
Chris Boswell,186.0,chris boswell
Brenton Strange,186.7,brenton strange
Harrison Butker,187.3,harrison butker
Ka'imi Fairbairn,187.7,kaimi fairbairn
Chase McLaughlin,188.7,chase mclaughlin
Isaac Guerendo,189.7,isaac guerendo
Cam Little,190.7,cam little
Isaiah Likely,191.7,isaiah likely
San Francisco 49ers,193.7,san francisco 49ers
Detroit Lions,196.3,detroit lions
Buffalo Bills,197.3,buffalo bills
Wil Lutz,197.3,wil lutz
Cade Otton,198.0,cade otton
Mason Taylor,202.0,mason taylor
Jaylen Wright,203.0,jaylen wright
Tyler Bass,205.3,tyler bass
Elijah Arroyo,206.0,elijah arroyo
Pat Freiermuth,206.7,pat freiermuth
Tyler Loop,208.7,tyler loop
Jake Elliott,208.7,jake elliott
Green Bay Packers,209.0,green bay packers
Washington Commanders,210.7,washington commanders
Evan McPherson,212.0,evan mcpherson
Dalton Schultz,212.3,dalton schultz
Mike Gesicki,213.0,mike gesicki
Shedeur Sanders,214.3,shedeur sanders
Darren Waller,214.7,darren waller
Woody Marks,170.5,woody marks
Xavier Legette,171.5,xavier legette
Tampa Bay Buccaneers,219.7,tampa bay buccaneers
Tre' Harris,173.0,tre harris
Cedric Tillman,173.5,cedric tillman
Isaac TeSlaa,175.5,isaac teslaa
Younghoe Koo,225.0,younghoe koo
Will Shipley,181.5,will shipley
Kyle Monangai,182.0,kyle monangai
Seattle Seahawks,226.3,seattle seahawks
Dont'e Thornton Jr.,182.5,donte thornton
Matt Gay,228.3,matt gay
Daniel Carlson,229.0,daniel carlson
Los Angeles Rams,231.3,los angeles rams
DeMario Douglas,190.5,demario douglas
New York Giants,232.7,new york giants
New York Jets,235.7,new york jets
Wan'Dale Robinson,196.5,wandale robinson
Will Reichard,237.0,will reichard
Romeo Doubs,200.0,romeo doubs
Kyle Williams,200.5,kyle williams
Brandon McManus,202.0,brandon mcmanus
Keaton Mitchell,202.0,keaton mitchell
New England Patriots,240.7,new england patriots
Justice Hill,207.0,justice hill
Blake Corum,207.0,blake corum
DJ Giddens,209.0,dj giddens
Jaxson Dart,215.5,jaxson dart
Jack Bech,216.0,jack bech
Kendre Miller,218.5,kendre miller
Chicago Bears,220.5,chicago bears
Tahj Brooks,220.5,tahj brooks
Tory Horton,221.5,tory horton
Arizona Cardinals,225.0,arizona cardinals
Dallas Cowboys,262.0,dallas cowboys
Roschon Johnson,226.5,roschon johnson
Anthony Richardson Sr.,231.5,anthony richardson
Elic Ayomanor,233.5,elic ayomanor
Alec Pierce,235.0,alec pierce
Jake Moody,236.5,jake moody
Brashard Smith,236.5,brashard smith
Miles Sanders,237.0,miles sanders
Pat Bryant,239.0,pat bryant
Raheem Mostert,239.5,raheem mostert
Russell Wilson,240.5,russell wilson
Joshua Karty,246.5,joshua karty
Jarquez Hunter,247.5,jarquez hunter
Troy Franklin,249.0,troy franklin
Chris Rodriguez Jr.,184.0,chris rodriguez
Cincinnati Bengals,252.5,cincinnati bengals
Daniel Jones,253.0,daniel jones
Los Angeles Chargers,253.0,los angeles chargers
Jalen Coker,257.5,jalen coker
Joe Flacco,268.0,joe flacco
Quentin Johnston,259.0,quentin johnston
Spencer Rattler,204.0,spencer rattler
Tyler Lockett,260.0,tyler lockett
Miami Dolphins,261.0,miami dolphins
Ja'Tavion Sanders,261.5,jatavion sanders
Cleveland Browns,264.0,cleveland browns
Dameon Pierce,218.0,dameon pierce
Michael Wilson,268.0,michael wilson
Jaylin Noel,268.0,jaylin noel
Jason Sanders,225.0,jason sanders
Tennessee Titans,230.0,tennessee titans
Jalen McMillan,273.5,jalen mcmillan
Roman Wilson,273.5,roman wilson
Kirk Cousins,233.0,kirk cousins
Olamide Zaccheaus,236.0,olamide zaccheaus
Jalen Royals,276.0,jalen royals
Darius Slayton,276.5,darius slayton
Harold Fannin Jr.,277.0,harold fannin
Ray-Ray McCloud III,240.0,ray ray mccloud
Dyami Brown,278.0,dyami brown
Andrei Iosivas,278.0,andrei iosivas
Juwan Johnson,279.5,juwan johnson
Theo Johnson,282.5,theo johnson
Spencer Brown,251.0,spencer brown
Sean Tucker,253.0,sean tucker
Elijah Collins,254.0,elijah collins
Kenny Gainwell,254.0,kenny gainwell
Brian Herrien,255.0,brian herrien
Adonai Mitchell,285.5,adonai mitchell
Elijah Mitchell,297.5,elijah mitchell
Jaylin Lane,258.0,jaylin lane
Antonio Gibson,259.0,antonio gibson
Devin Singletary,260.0,devin singletary
Joseph Ngata,260.0,joseph ngata
Efton Chism III,261.0,efton chism
MarShawn Lloyd,289.0,marshawn lloyd
Tyler Shough,292.0,tyler shough
Ahmad Wagner,265.0,ahmad wagner
LeVante Bellamy,266.0,levante bellamy
Ramel Keyton,267.0,ramel keyton
Andre Baccellia,268.0,andre baccellia
Emanuel Wilson,268.0,emanuel wilson
Devin Neal,292.5,devin neal
Trevor Etienne,293.5,trevor etienne
Erick All Jr.,272.0,erick all
Deshaun Fenwick,273.0,deshaun fenwick
Kayshon Boutte,313.5,kayshon boutte
Devwah Whaley,276.0,devwah whaley
Dontayvion Wicks,301.5,dontayvion wicks
Scotty Washington,278.0,scotty washington
Taysir Mack,279.0,taysir mack
Calvin Austin III,297.0,calvin austin
Terrance Ferguson,280.0,terrance ferguson
Avery Davis,281.0,avery davis
AJ Dillon,283.0,aj dillon
Isaiah Spiller,283.0,isaiah spiller
Travis Toivonen,286.0,travis toivonen
Tyler Higbee,300.5,tyler higbee
Jaleel McLaughlin,309.0,jaleel mclaughlin
Damien Caffrey,288.0,damien caffrey
Tyler Conklin,326.0,tyler conklin
Cole Kmet,290.0,cole kmet
Samaje Perine,292.0,samaje perine
OJ Hiliare,292.0,oj hiliare
Jordan James,293.0,jordan james
Milton Wright,294.0,milton wright
Malik Washington,295.0,malik washington
Ja'Marcus Bradley,296.0,jamarcus bradley
Courtney Jackson,297.0,courtney jackson
Jimmy Garoppolo,298.0,jimmy garoppolo
Dillon Gabriel,299.0,dillon gabriel
Hayden Hatten,299.0,hayden hatten
Nate Wieting,300.0,nate wieting
Jalen Tolbert,336.0,jalen tolbert
Isaiah Bond,301.0,isaiah bond
Ty Johnson,302.0,ty johnson
Leon Johnson III,303.0,leon johnson
Nick Ralston,304.0,nick ralston
Lorenzo Lingard,305.0,lorenzo lingard
Tre Tucker,308.0,tre tucker
Brandin Cooks,336.0,brandin cooks
KeAndre Lambert-Smith,310.0,keandre lambert smith
Noah Gray,315.0,noah gray
Phillip Lindsay,312.0,phillip lindsay
Las Vegas Raiders,328.5,las vegas raiders
Ryan Izzo,313.0,ryan izzo
Chad Ryland,313.0,chad ryland
Eric Ebron,314.0,eric ebron
John Stephens Jr.,315.0,john stephens
Hayden Rucci,317.0,hayden rucci
Sam Wiglusz,318.0,sam wiglusz
Ty Montgomery II,320.0,ty montgomery
Jaxon Janke,323.0,jaxon janke
Diontae Johnson,324.0,diontae johnson
Bryan Thompson,325.0,bryan thompson
Jalen Milroe,327.0,jalen milroe
Logan Woodside,329.0,logan woodside
Taysom Hill,330.0,taysom hill
Zach Heins,332.0,zach heins
Kyle Sheets,333.0,kyle sheets
Nick Williams,335.0,nick williams
Chase Cota,337.0,chase cota
Jaheim Bell,339.0,jaheim bell
Gabe Brkic,340.0,gabe brkic
Indianapolis Colts,341.0,indianapolis colts
Xavier Restrepo,342.0,xavier restrepo
Steven Montez,343.0,steven montez
Branden Mack,344.0,branden mack
Bo Scarbrough,346.0,bo scarbrough
Oronde Gadsden II,347.0,oronde gadsden
Jacksonville Jaguars,348.0,jacksonville jaguars
Elijah Young,349.0,elijah young
La'Michael Pettway,350.0,lamichael pettway
New Orleans Saints,351.0,new orleans saints
Brian Cobbs,353.0,brian cobbs
Scottie Phillips,354.0,scottie phillips
Christian Watson,355.0,christian watson
Riley Lees,356.0,riley lees
Jordan Whittington,357.0,jordan whittington
Dallin Holker,358.0,dallin holker
Ben Sinnott,359.0,ben sinnott
Keytaon Thompson,360.0,keytaon thompson
Corey Coleman,361.0,corey coleman
Xavier Johnson,362.0,xavier johnson
Noah Fant,366.0,noah fant
Jalen Moreno-Cropper,368.0,jalen moreno cropper
Audric Estime,369.0,audric estime
Moliki Matavao,370.0,moliki matavao
John Ursua,371.0,john ursua
Zach Horton,373.0,zach horton
Ty James,374.0,ty james
