expert,years,rb_mean_pct,rb_worst_pct,ovr_mean_pct,multiyr_RB,multiyr_ovr
Jody Smith - Draft Sharks,4,0.134,0.381,0.114,1.0,1.0
Chris Raybon - The Action Network,4,0.139,0.274,0.133,3.0,10.0
Kevin Hanson - EDSFootball,4,0.141,0.288,0.186,8.0,29.0
Anthony Cervino - FF Faceoff,3,0.15,0.324,0.31,,
Ben Wasley - Hashtag Football,4,0.155,0.36,0.23,6.0,15.0
Kev Wheeler - Wheel Route FF,4,0.155,0.239,0.137,4.0,9.0
Nick Zylak - Fantasy Football Advice,4,0.164,0.247,0.386,5.0,85.0
Joe Bond - Fantasy Six Pack,4,0.169,0.434,0.132,25.0,16.0
Jared Smola - Draft Sharks,4,0.179,0.401,0.093,14.0,7.0
Sean Koerner - The Action Network,4,0.187,0.476,0.083,12.0,2.0
Alex Godshall - Hooyah Sports,4,0.194,0.292,0.218,20.0,37.0
Tyler Orginski - FTN,4,0.201,0.462,0.287,29.0,56.0
Bradley Stalder - Player Profiler,4,0.203,0.292,0.225,21.0,31.0
Ryan Weisse - Club Fantasy FFL,4,0.204,0.44,0.28,2.0,12.0
Mick Ciallela - Fantrax,4,0.205,0.267,0.168,23.0,14.0
Clayton Cadieux - Fantasy Football From Up North,4,0.209,0.347,0.245,24.0,43.0
Schuyler Malak - JWB Fantasy Football,3,0.209,0.267,0.335,,
Wyatt Bertolone - Player Profiler,4,0.211,0.352,0.37,19.0,63.0
Jeff Ratcliffe - FTN,4,0.216,0.594,0.124,18.0,4.0
David Biggs - Drink Five,4,0.225,0.372,0.236,10.0,32.0
Nick Mariano - RotoBaller,4,0.23,0.348,0.139,11.0,6.0
Kevin English - Draft Sharks,4,0.234,0.585,0.188,37.0,13.0
Pat Fitzmaurice - FantasyPros,4,0.234,0.458,0.231,40.0,36.0
Justin Weigal - Fantasy Sharks,4,0.237,0.471,0.261,38.0,48.0
Mike Maher - BettingPros,4,0.237,0.385,0.213,9.0,11.0
Matthew Freedman - Fantasy Life,4,0.246,0.415,0.223,22.0,34.0
Billy Muzio - PlayerProfiler.com,3,0.257,0.559,0.342,,
Fantasy BR - Staff Rankings,4,0.259,0.458,0.265,46.0,41.0
Rob Waziak - Fantasy Life,4,0.26,0.476,0.276,44.0,50.0
Elisha Twerski - USA Today,3,0.264,0.441,0.43,32.0,60.0
Jonathan Stone - Stone Cold Fantasy,3,0.27,0.724,0.416,,
Robert Norton - Last Word On Sports,3,0.272,0.32,0.495,,
Alfredo Brown - The Pretend GM,4,0.278,0.646,0.152,54.0,23.0
Wolf of Roto Street - Roto Street Journal,4,0.285,0.774,0.191,55.0,20.0
Zach Brunner - FlurrySports,4,0.289,0.593,0.224,50.0,35.0
Chris Kennedy - Dr. Roto,3,0.29,0.369,0.23,,
Lenny Pappano - Draft Sharks,4,0.295,0.492,0.396,33.0,53.0
Aaron St Denis - Fantasy Sports Advice Network,4,0.298,0.486,0.534,15.0,86.0
Dan Larocca - Rotoballer,4,0.299,0.443,0.207,39.0,21.0
Chris Meaney - FTN,3,0.299,0.404,0.4,,
Kyle Krajewski - First Seed Sports,4,0.299,0.607,0.366,16.0,25.0
Joey Wright - Footballguys,4,0.305,0.662,0.147,17.0,3.0
Dave Kluge - Footballguys,4,0.307,0.518,0.303,26.0,5.0
Nathan Jahnke - Pro Football Focus,4,0.316,0.611,0.376,13.0,62.0
Dalton Del Don - The Deep Shot,4,0.321,0.51,0.194,7.0,17.0
Kyle August - Fantasy Football Smackdown,4,0.326,0.484,0.478,31.0,51.0
Neema Hodjat - Real GM,3,0.331,0.487,0.367,,
Scott Pianowski - Yahoo,4,0.331,0.675,0.251,53.0,42.0
Chris Welsh - FantasyPros,4,0.332,0.767,0.376,42.0,58.0
Frank Stampfl - CBS Sports,3,0.338,0.483,0.363,,
Chalk - The Undroppables,3,0.342,0.504,0.254,,
Nathan Groot Nibbelink - JWB Fantasy Football,3,0.345,0.466,0.676,,
Dennis Sosic - Fantasy Six Pack,4,0.348,0.502,0.341,61.0,52.0
Scott Smith - RotoViz,4,0.36,0.514,0.431,49.0,57.0
Justin Sablich - 5th Down Fantasy,4,0.363,0.48,0.256,65.0,44.0
Nick Spencer - Fantasy Six Pack,4,0.365,0.684,0.396,62.0,49.0
Ryan Noonan - 4for4,4,0.365,0.722,0.296,52.0,59.0
Jeff Bell - Footballguys,4,0.368,0.615,0.18,27.0,8.0
Matt De Lima - Dr. Roto,4,0.369,0.688,0.23,30.0,18.0
Steven Pintado - QB List,3,0.371,0.53,0.323,,
Seth Miller - Crossroads Fantasy Football,4,0.38,0.711,0.454,56.0,28.0
Greg Smith - gregsauce,3,0.386,0.764,0.297,,
Guilherme Gianni - Fantasy Futebolista,4,0.386,0.886,0.443,69.0,89.0
Chris Dell - The Fantasy Edge,4,0.388,0.717,0.458,35.0,40.0
Matthew Hill - DataForce Fantasy Football,4,0.388,0.778,0.253,66.0,38.0
Richard Savill - Fantasy Six Pack,4,0.39,0.746,0.457,67.0,72.0
Doug Orth - FFToday,3,0.391,0.396,0.314,,
Tal Malachovsky - The Fantasy Scout,4,0.395,0.5,0.181,57.0,22.0
Des Bieler - The Washington Post,4,0.396,0.712,0.403,77.0,96.0
Michael Tomlin - Fantasy Six Pack,4,0.398,0.644,0.334,48.0,47.0
Zach Greubel - Gridiron Experts,3,0.398,0.421,0.321,,
Matt Schauf - Draft Sharks,4,0.401,0.86,0.355,98.0,77.0
Tommy Garrett - SharpLinkHQ,4,0.403,0.555,0.417,47.0,45.0
Mauricio Gutierrez - Estadio Fantasy,4,0.405,0.759,0.419,83.0,88.0
Andrew Seifter - FantasyPros,3,0.409,0.664,0.339,,
Benjamin Klotz - Touchdown Squad,4,0.411,0.816,0.51,81.0,87.0
Todd D Clark - The Fantasy Fix,4,0.411,0.603,0.371,43.0,39.0
Francisco (Chato) Romero - Estadio Fantasy,4,0.413,0.818,0.316,79.0,61.0
Matt Olson - 32 Beat Writers,3,0.416,0.614,0.297,,
KJ - Fantasy Team Advice,3,0.416,0.713,0.455,,
Marc Shannep - Fantasy Knockout,4,0.416,0.749,0.369,36.0,19.0
Justin Jaksa - ProFootballIntel,4,0.428,0.596,0.421,84.0,65.0
Lee Wehry - FantasyPros,4,0.43,0.534,0.309,60.0,30.0
Bart Wheeler - Hail to Fantasy Football,4,0.434,0.599,0.327,68.0,33.0
Bill Enright - Sports Illustrated,4,0.434,0.56,0.295,63.0,46.0
Andrew Erickson - FantasyPros,4,0.439,0.731,0.545,80.0,108.0
David Zach - FantasyPros,4,0.444,0.721,0.514,45.0,83.0
Dan Clasgens - Get Sports Info,3,0.452,0.764,0.314,,
Adam Stark - Everyday Fantasy Football,4,0.453,0.716,0.302,93.0,27.0
Kev Mahserejian - Razzball,4,0.46,0.769,0.418,71.0,64.0
Brad Evans - Bally Sports,3,0.462,0.674,0.564,,
Justin Dodds - SleeperWire,3,0.47,0.676,0.448,,
Tom Strachan - NFL Best Ball,4,0.471,0.609,0.478,95.0,97.0
Brandon Funston - The Athletic,4,0.471,0.805,0.44,110.0,104.0
Taylor Bicht - Sports Injury Central,4,0.473,0.809,0.604,59.0,121.0
Kevin Steele - The Fantasy Authority,4,0.475,0.996,0.438,103.0,75.0
Heath Capps - Fake Teams,3,0.477,0.889,0.519,,
Jason Willan - Gridiron Experts,4,0.481,0.754,0.437,28.0,68.0
Derek Dennington - The Good Old Boys,4,0.482,0.75,0.294,70.0,24.0
Alex Korff - Draft Sharks,3,0.487,0.849,0.478,89.0,76.0
Nic Bodiford - NerdBall Fantasy Football,3,0.493,0.693,0.497,86.0,94.0
Aaron Larson - FantasyPros,4,0.494,0.686,0.553,92.0,109.0
Kevin Roberts - The DFS Build,4,0.495,0.733,0.551,78.0,91.0
David Heilman - Dynasty Trade Calculator,4,0.499,0.899,0.492,51.0,55.0
Dave McKay - The Fantasy Sports Brain,3,0.499,0.684,0.472,,
Mike MacGregor - Draft Buddy,3,0.5,0.784,0.543,,
Ricky Lemon - The Fantasy Champions,4,0.501,0.725,0.531,64.0,67.0
Jacob Gibbs - SportsLine,4,0.501,0.92,0.683,109.0,132.0
Michael Bobal - The 33rd Team,3,0.502,0.827,0.537,73.0,81.0
Morgan Colby - The Fantasy Champions,3,0.505,0.676,0.542,,
Joe Serpico - Pressbox,4,0.511,0.867,0.686,102.0,137.0
Scott Engel - RotoBaller,4,0.511,0.792,0.508,91.0,93.0
Brandon Murchison - RotoBaller,4,0.52,0.769,0.456,76.0,71.0
MasterIDP - RPO Football,3,0.523,0.703,0.486,97.0,79.0
Adam Murfet - 5 Yard Rush,4,0.536,0.753,0.628,74.0,100.0
Tera Roberts - FantasyPros,3,0.543,0.698,0.486,96.0,78.0
Tyler Loechner - FTN,3,0.546,0.973,0.515,,
Jeff Boggis - Fantasy Football Empire,4,0.546,0.788,0.59,87.0,73.0
Michael Hauff - FF Faceoff,4,0.558,0.788,0.384,104.0,66.0
Brad Beatson - Bandit Football,3,0.56,0.679,0.599,99.0,115.0
Kyle Richardson - The Fantasy Headliners,4,0.561,0.763,0.555,125.0,99.0
Meng Song - Footballguys,3,0.561,0.672,0.687,,
Frank Ammirante - OTC Fantasy,4,0.564,0.887,0.54,131.0,110.0
Matt Harmon - Yahoo,4,0.568,0.83,0.569,128.0,117.0
Husein Shabazz - SleeperWire,4,0.57,0.709,0.584,90.0,92.0
Richard King - King Fantasy Sports,4,0.57,0.929,0.546,134.0,112.0
Michael DelCorso - First Seed Sports,3,0.573,0.898,0.668,,
Drew DeLuca - QB List,4,0.575,0.877,0.632,115.0,119.0
Kyle Soppe - Pro Football Network,3,0.586,0.831,0.69,108.0,123.0
Luke Sawhook - Dynasty Nerds,4,0.586,0.91,0.648,133.0,134.0
Scott Whitfield - Roto Rankings,3,0.587,0.712,0.643,,
Riley Cadieux - Fantasy Football From Up North,4,0.59,0.751,0.734,100.0,125.0
C.H. Herms - FTN,4,0.592,0.923,0.62,82.0,102.0
Nate Marcum - Fantasy In Frames,4,0.595,0.741,0.498,94.0,74.0
Donald Gibson - FantasyPros,4,0.597,0.689,0.437,112.0,54.0
Raju Byfield - WinMyFantasyLeague,4,0.598,0.866,0.764,85.0,129.0
Jacob Dunne - Fantrax,4,0.599,0.698,0.541,106.0,105.0
Scott Bogman - FantasyPros,4,0.604,0.775,0.413,118.0,95.0
Jaime Eisner - The Draft Network,4,0.605,0.951,0.778,126.0,140.0
Andy Behrens - The Deep Shot,4,0.607,0.936,0.459,142.0,103.0
Jeff Paur - RTSports,4,0.614,0.894,0.556,120.0,131.0
Jeremy Popielarz  - FTN,4,0.619,0.943,0.675,88.0,118.0
David Mendelson - Triple Play Fantasy,4,0.623,0.742,0.5,107.0,82.0
Garret Price - Dynasty Nerds,4,0.624,0.826,0.493,101.0,69.0
Mason Riney - Fantasy in Frames,4,0.627,0.996,0.427,75.0,26.0
Daniel Mader - Fantasy Football Advice Network,4,0.629,0.911,0.66,105.0,116.0
Chet Gresham - SB Nation,4,0.633,0.797,0.678,127.0,133.0
Steve DeAngelo - FF Faceoff,4,0.635,0.962,0.858,147.0,150.0
Site Rankings - The Fantasy Dude,3,0.636,0.695,0.662,114.0,111.0
Matt Donnelly - Dynasty Vipers,4,0.66,0.869,0.459,111.0,80.0
Andrew Scott - Fantasy In Frames,3,0.663,0.933,0.644,130.0,122.0
Andersen Pickard - Prime Time Sports Talk,4,0.676,0.858,0.627,119.0,107.0
Rudy Gamble - Razzball,4,0.678,0.846,0.612,113.0,98.0
Jacob Piccolo - TrueRGM,3,0.682,0.792,0.672,117.0,120.0
Mike Harmon - Swollen Dome,4,0.683,0.83,0.519,121.0,90.0
Adam Pelletier - Sports Gambling Podcast Network,4,0.692,0.96,0.776,122.0,128.0
Justin Lampkin - Clock Management FF,4,0.695,0.976,0.69,116.0,113.0
Muntradamus - Beast Dome,4,0.698,0.939,0.768,129.0,130.0
Tim Jablonski - The Hateful 8,3,0.7,1.013,0.629,,
Josh Hall - IDP Army,4,0.704,0.915,0.665,123.0,126.0
Jamie Calandro - RotoBaller,4,0.712,0.852,0.652,132.0,124.0
Jorge B. Edwards - Fantasy In Frames,4,0.718,0.89,0.558,137.0,70.0
John Hesterman - Dynasty League Football,3,0.72,0.964,0.641,,
Kate Magdziuk - Behind the Steel Curtain,3,0.722,0.835,0.591,,
Kelly Kirby - FantasyPros,4,0.723,0.941,0.654,143.0,114.0
Jordan Rains - The IDP Army,3,0.73,0.929,0.726,,
Jon Jeune - Fantasy Football Diagnostics,3,0.74,0.847,0.809,,
Kyle Senra - Going For 2,4,0.743,0.868,0.772,141.0,138.0
Kyle Yates - Yates Fantasy Football,4,0.745,0.953,0.67,138.0,142.0
Craig Phillips - FF Prophet,4,0.746,0.928,0.883,149.0,154.0
Joe Orrico - No Expert Fantasy Football,3,0.749,0.907,0.629,135.0,127.0
Blake Fincher - Fantasy Football Cafe,4,0.749,0.972,0.654,124.0,106.0
Ed Birdsall - Talking Points Sports,4,0.758,0.903,0.84,144.0,145.0
Ellis Johnson - FantasyPros,4,0.763,0.895,0.859,136.0,147.0
Ryan Larrison - Fantasy Football For The People,3,0.763,0.987,0.629,,
Mike Randle - FTN,3,0.781,0.873,0.833,,
Huseyin Aksu - Fantasy Couch,4,0.784,1.004,0.8,152.0,148.0
Joe Pisapia - FantasyPros,4,0.786,0.822,0.595,139.0,84.0
Pierre Camus - Fantasy Endgame,4,0.79,0.967,0.598,154.0,144.0
Austin Amandolia - Club Fantasy FFL,4,0.792,0.986,0.822,150.0,143.0
Joe Wiggans - IDP Army,4,0.799,0.975,0.694,156.0,136.0
Aaron Schill - FF Faceoff,3,0.811,0.92,0.881,,
Adrian Alpanseque - Estadio Fantasy,4,0.812,0.958,0.781,151.0,135.0
Dylan Licciardo - FF Gamers,4,0.813,0.935,0.644,140.0,101.0
Connor Rigg - Dynasty Nerds,3,0.817,0.932,0.792,,
Site Rankings - Gridiron Experts,4,0.817,0.958,0.748,148.0,139.0
Marco Enriquez - FantasyPros,3,0.822,1.0,0.696,,
Stephen L Tomasin - IDP+,3,0.827,1.008,0.836,,
Adam Dove - The Fantasy Couriers,4,0.828,0.916,0.811,145.0,151.0
Jacob Hubman - The Fantasy Headliners,4,0.832,0.969,0.824,146.0,149.0
Rich Piazza - Fantasy Shed,4,0.84,0.981,0.812,155.0,146.0
Michelle Magdziuk - BallBlast Podcast,3,0.845,0.962,0.777,,
Derek Brown - FantasyPros,4,0.858,0.987,0.764,153.0,141.0
Geoff Lambert - Going For 2,4,0.858,1.008,0.808,159.0,152.0
Justin Herrera - TSS Fantasy,4,0.912,1.004,0.864,158.0,153.0
Andrew Leduc - That Sports Podcast Network,3,0.945,0.976,0.962,160.0,155.0
Mark Ringo - Sleepers and Busts,4,0.972,0.991,0.961,161.0,156.0
Smitty - TheFantasyFootballShow,4,0.999,1.013,0.996,162.0,157.0
