rank,player,team,pos,team_c,adp_pick,adp_rank,vbd,bye,injury_status,proj_leaguepts,E_SHARP,E_FIELD,SPLIT
1,Jahmyr Gibbs,DET,RB,DET,1.52,1.0,162.30757959,6.0,ACTIVE,330.89643543,0.0,0.0,0.0
2,Bijan Robinson,ATL,RB,ATL,2.58,2.0,146.21288138,11.0,ACTIVE,314.80173722,0.0,-0.0,1.0
3,Ja'Marr Chase,CIN,WR,CIN,4.19,3.0,114.08508768,6.0,ACTIVE,277.62466125,0.0,0.0,1.0
4,Puka Nacua,LAR,WR,LAR,4.58,4.0,131.2764089,11.0,QUESTIONABLE,294.81598247,0.0,-0.0,1.0
5,Jaxon Smith-Njigba,SEA,WR,SEA,5.87,5.0,104.78283496000005,11.0,ACTIVE,268.32240853,0.0,-2.0,4.0
6,Christian McCaffrey,SF,RB,SF,6.71,6.0,134.94260851,8.0,QUESTIONABLE,303.53146435,0.0,0.0,2.0
7,Amon-Ra St. Brown,DET,WR,DET,8.38,8.0,101.32534868000002,6.0,ACTIVE,264.86492225,1.0,2.0,3.0
8,Jonathan Taylor,IND,RB,IND,8.02,7.0,122.50800037,13.0,ACTIVE,291.09685621,-1.0,0.0,5.0
9,CeeDee Lamb,DAL,WR,DAL,10.69,9.0,78.28598096000002,14.0,ACTIVE,241.82555453,0.0,-2.0,5.0
10,Justin Jefferson,MIN,WR,MIN,12.19,11.0,74.77154851,6.0,ACTIVE,238.31112208,1.0,-3.0,8.0
11,James Cook III,BUF,RB,BUF,12.85,12.0,92.9752042,7.0,ACTIVE,261.56406004,1.0,2.0,4.0
12,Ashton Jeanty,LV,RB,LV,17.11,14.0,79.57902615999998,13.0,ACTIVE,248.167882,2.0,0.0,8.0
13,Chase Brown,CIN,RB,CIN,23.96,22.0,71.29416302999999,6.0,ACTIVE,239.88301887,9.0,8.0,6.0
14,Drake London,ATL,WR,ATL,18.85,15.0,55.12948398,11.0,ACTIVE,218.66905755,1.0,-4.0,4.0
15,Brock Bowers,LV,TE,LV,23.96,23.0,51.20428572,13.0,ACTIVE,191.49916989,8.0,3.0,6.0
16,De'Von Achane,MIA,RB,MIA,12.08,10.0,92.46527355,6.0,ACTIVE,261.05412939,-6.0,-6.0,9.0
17,A.J. Brown,NE,WR,NE,27.16,24.0,41.97456070000001,11.0,ACTIVE,205.51413427,7.0,0.0,16.0
18,Kenneth Walker III,KC,RB,KC,23.39,21.0,81.19778106999999,5.0,ACTIVE,249.78663691,3.0,,
19,Saquon Barkley,PHI,RB,PHI,16.27,13.0,83.36184460999999,10.0,ACTIVE,251.95070045,-6.0,2.0,9.0
20,Nico Collins,HOU,WR,HOU,27.66,25.0,42.08313478000002,8.0,ACTIVE,205.62270835,5.0,4.0,7.0
21,Omarion Hampton,LAC,RB,LAC,27.79,26.0,67.25464344,7.0,ACTIVE,235.84349928,5.0,9.0,12.0
22,Derrick Henry,BAL,RB,BAL,19.83,17.0,95.38301093,13.0,ACTIVE,263.97186677,-5.0,-0.0,12.0
23,Chris Olave,NO,WR,NO,34.68,30.0,41.226365560000005,8.0,ACTIVE,204.76593913,7.0,,
24,Trey McBride,ARI,TE,ARI,19.98,18.0,47.64708514,14.0,ACTIVE,187.94196931,-6.0,-13.0,15.0
25,George Pickens,DAL,WR,DAL,29.58,27.0,35.13596934,14.0,ACTIVE,198.67554291,2.0,,
26,Malik Nabers,NYG,WR,NYG,36.04,31.0,39.32978545,8.0,QUESTIONABLE,202.86935902,5.0,6.0,18.0
27,Josh Allen,BUF,QB,BUF,22.14,19.0,80.30993954000002,7.0,ACTIVE,421.91279972,-8.0,-10.0,6.0
28,Javonte Williams,DAL,RB,DAL,37.94,33.0,72.19539419,14.0,ACTIVE,240.78425003,5.0,,
29,Rashee Rice,KC,WR,KC,22.33,20.0,59.24084690000001,5.0,ACTIVE,222.78042047,-9.0,,
30,DeVonta Smith,PHI,WR,PHI,39.5,35.0,30.413207290000003,10.0,QUESTIONABLE,193.95278086,5.0,10.0,8.0
31,Zay Flowers,BAL,WR,BAL,42.06,36.0,34.348769480000016,13.0,ACTIVE,197.88834305,5.0,,
32,Breece Hall,NYJ,RB,NYJ,31.82,28.0,79.51203493,13.0,QUESTIONABLE,248.10089077,-4.0,-4.0,5.0
33,Kyren Williams,LAR,RB,LAR,43.17,38.0,46.76548735,11.0,ACTIVE,215.35434319,5.0,7.0,13.0
34,Jeremiyah Love,ARI,RB,ARI,19.06,16.0,77.23534386999998,14.0,QUESTIONABLE,245.82419971,-18.0,-18.0,26.0
35,Josh Jacobs,GB,RB,GB,34.09,29.0,72.45635723999999,11.0,QUESTIONABLE,241.04521308,-6.0,-9.0,25.0
36,Tetairoa McMillan,CAR,WR,CAR,42.46,37.0,31.09199313000002,5.0,ACTIVE,194.6315667,1.0,,
37,Garrett Wilson,NYJ,WR,NYJ,36.21,32.0,36.379756740000005,13.0,ACTIVE,199.91933031,-5.0,-7.0,8.0
38,Ladd McConkey,LAC,WR,LAC,52.6,48.0,17.66292370000002,7.0,ACTIVE,181.20249727,10.0,10.0,11.0
39,Tee Higgins,CIN,WR,CIN,57.92,51.0,19.163544910000013,6.0,ACTIVE,182.70311848,12.0,20.0,12.0
40,Jaylen Waddle,DEN,WR,DEN,60.3,53.0,11.43304783000002,10.0,ACTIVE,174.9726214,13.0,20.0,13.0
41,Emeka Egbuka,TB,WR,TB,45.09,40.0,30.67222079000001,10.0,QUESTIONABLE,194.21179436,-1.0,-2.0,22.0
42,Lamar Jackson,BAL,QB,BAL,38.75,34.0,33.02191804,13.0,ACTIVE,374.62477822,-8.0,-16.0,6.0
43,Colston Loveland,CHI,TE,CHI,45.29,41.0,25.510986160000016,10.0,ACTIVE,165.80587033,-2.0,,
44,Travis Etienne Jr.,NO,RB,NO,48.13,45.0,55.08557865,8.0,ACTIVE,223.67443449,1.0,1.0,21.0
45,D'Andre Swift,CHI,RB,CHI,69.22,59.0,27.81827607,10.0,ACTIVE,196.40713191,14.0,15.0,21.0
46,Jameson Williams,DET,WR,DET,68.49,58.0,12.734567440000006,6.0,ACTIVE,176.27414101,12.0,4.0,20.0
47,David Montgomery,HOU,RB,HOU,74.42,62.0,8.278779859999986,8.0,ACTIVE,176.8676357,15.0,10.0,12.0
48,TreVeyon Henderson,NE,RB,NE,77.38,67.0,9.328637509999991,11.0,ACTIVE,177.91749335,19.0,1.0,15.0
49,Joe Burrow,CIN,QB,CIN,60.03,52.0,28.92303511,6.0,ACTIVE,370.52589529,3.0,-11.0,15.0
50,Terry McLaurin,WAS,WR,WAS,61.81,54.0,16.641314360000024,7.0,ACTIVE,180.18088793,4.0,7.0,11.0
51,Drake Maye,NE,QB,NE,47.36,43.0,31.48565069,11.0,ACTIVE,373.08851087,-8.0,,
52,Bucky Irving,TB,RB,TB,55.95,50.0,20.03033051999998,10.0,ACTIVE,188.61918636,-2.0,-8.0,22.0
53,Tyler Warren,IND,TE,IND,47.34,42.0,28.079697230000026,13.0,QUESTIONABLE,168.3745814,-11.0,-8.0,24.0
54,Cam Skattebo,NYG,RB,NYG,43.49,39.0,39.29455787999999,8.0,ACTIVE,207.88341372,-15.0,,
55,Davante Adams,LAR,WR,LAR,47.48,44.0,35.00481326000002,11.0,ACTIVE,198.54438683,-11.0,-10.0,15.0
56,Quinshon Judkins,CLE,RB,CLE,54.72,49.0,41.83472757999999,11.0,QUESTIONABLE,210.42358342,-7.0,-3.0,10.0
57,Jayden Daniels,WAS,QB,WAS,50.86,46.0,21.242736630000024,7.0,ACTIVE,362.84559681,-11.0,-16.0,9.0
58,DJ Moore,BUF,WR,BUF,67.11,57.0,12.375110400000011,7.0,QUESTIONABLE,175.91468397,-1.0,6.0,12.0
59,Jadarian Price,SEA,RB,SEA,80.49,69.0,11.884875800000003,11.0,ACTIVE,180.47373164,10.0,2.0,18.0
60,Luther Burden III,CHI,WR,CHI,77.27,66.0,4.773703120000022,10.0,QUESTIONABLE,168.31327669,6.0,19.0,14.0
61,Caleb Williams,CHI,QB,CHI,92.23,78.0,-9.660068359999968,10.0,ACTIVE,331.94279182,17.0,5.0,19.0
62,Bhayshul Tuten,JAX,RB,JAX,77.21,65.0,19.763558770000003,7.0,ACTIVE,188.35241461,3.0,9.0,15.0
63,Jalen Hurts,PHI,QB,PHI,52.26,47.0,25.33350838000001,10.0,ACTIVE,366.93636856,-16.0,-19.0,18.0
64,Christian Watson,GB,WR,GB,101.14,90.0,-5.852296689999974,11.0,ACTIVE,157.68727688,26.0,37.0,15.0
65,Rome Odunze,CHI,WR,CHI,69.25,60.0,19.41546248,10.0,ACTIVE,182.95503605,-5.0,7.0,17.0
66,Carnell Tate,TEN,WR,TEN,74.36,61.0,1.5756749100000036,9.0,QUESTIONABLE,165.11524848,-5.0,-15.0,28.0
67,Mike Evans,SF,WR,SF,94.74,79.0,-9.560095749999988,8.0,QUESTIONABLE,153.97947782,12.0,25.0,14.0
68,Rhamondre Stevenson,NE,RB,NE,98.56,83.0,12.89248748999998,11.0,ACTIVE,181.48134333,15.0,,
69,Trevor Lawrence,JAX,QB,JAX,94.88,81.0,-3.8339502999999695,7.0,ACTIVE,337.76890988,12.0,-3.0,24.0
70,Marvin Harrison Jr.,ARI,WR,ARI,90.75,76.0,-4.1431550799999854,14.0,ACTIVE,159.39641849,6.0,8.0,10.0
71,Parker Washington,JAX,WR,JAX,99.47,85.0,-8.196736799999996,7.0,QUESTIONABLE,155.34283677,14.0,28.0,17.0
72,Brian Thomas Jr.,JAX,WR,JAX,106.4,95.0,-15.44876868,7.0,ACTIVE,148.09080489,23.0,24.0,14.0
73,Tony Pollard,TEN,RB,TEN,100.64,88.0,2.298828859999986,9.0,ACTIVE,170.8876847,15.0,7.0,28.0
74,Tucker Kraft,GB,TE,GB,96.89,82.0,4.66717147,11.0,QUESTIONABLE,144.96205564,8.0,12.0,13.0
75,Jaylen Warren,PIT,RB,PIT,103.16,92.0,0.0,9.0,ACTIVE,168.58885584,17.0,18.0,18.0
76,Justin Herbert,LAC,QB,LAC,108.98,99.0,-7.111452129999975,7.0,ACTIVE,334.49140805,23.0,24.0,27.0
77,Rico Dowdle,PIT,RB,PIT,108.98,100.0,2.830024030000004,9.0,ACTIVE,171.41887987,23.0,15.0,19.0
78,Sam LaPorta,DET,TE,DET,65.58,55.0,9.128550230000002,6.0,ACTIVE,149.4234344,-23.0,-17.0,22.0
79,Dak Prescott,DAL,QB,DAL,86.95,73.0,4.508930410000005,14.0,ACTIVE,346.11179059,-6.0,-10.0,27.0
80,Jonathon Brooks,CAR,RB,CAR,125.09,115.0,-14.227841430000012,5.0,ACTIVE,154.36101441,35.0,39.0,10.0
81,DK Metcalf,PIT,WR,PIT,87.51,74.0,0.0,9.0,QUESTIONABLE,163.53957357,-7.0,-6.0,18.0
82,Courtland Sutton,DEN,WR,DEN,84.16,70.0,6.195975620000013,10.0,ACTIVE,169.73554919,-12.0,-28.0,35.0
83,Harold Fannin Jr.,CLE,TE,CLE,77.05,64.0,5.835059999999999,11.0,ACTIVE,146.12994417,-19.0,-18.0,24.0
84,Chris Godwin Jr.,TB,WR,TB,147.63,141.0,-36.35409474,10.0,ACTIVE,127.18547883,57.0,55.0,26.0
85,Quentin Johnston,LAC,WR,LAC,141.42,138.0,-24.536514859999983,7.0,QUESTIONABLE,139.00305871,53.0,47.0,25.0
86,Michael Pittman Jr.,PIT,WR,PIT,90.84,77.0,-10.443543619999986,9.0,QUESTIONABLE,153.09602995,-9.0,-25.0,52.0
87,Kyle Pitts Sr.,ATL,TE,ATL,65.84,56.0,4.591868880000021,11.0,ACTIVE,144.88675305,-31.0,-30.0,16.0
88,Chuba Hubbard,CAR,RB,CAR,118.48,108.0,-16.327499740000007,5.0,QUESTIONABLE,152.2613561,20.0,12.0,12.0
89,RJ Harvey,DEN,RB,DEN,135.81,128.0,-43.44922682000001,10.0,ACTIVE,125.13962902,39.0,22.0,37.0
90,Josh Downs,IND,WR,IND,122.27,112.0,-41.04783810999999,13.0,ACTIVE,122.49173546,22.0,23.0,24.0
91,Blake Corum,LAR,RB,LAR,140.65,136.0,-17.575489680000004,11.0,ACTIVE,151.01336616,45.0,40.0,28.0
92,Jordan Addison,MIN,WR,MIN,121.39,110.0,-23.30182857,6.0,ACTIVE,140.237745,18.0,15.0,35.0
93,Michael Wilson,ARI,WR,ARI,106.74,96.0,-22.31430567999999,14.0,ACTIVE,141.22526789,3.0,8.0,27.0
94,Brock Purdy,SF,QB,SF,104.76,93.0,4.788993600000026,8.0,ACTIVE,346.39185378,-1.0,-4.0,44.0
95,Jacory Croskey-Merritt,WAS,RB,WAS,137.15,132.0,-17.157736650000004,7.0,ACTIVE,151.43111919,37.0,38.0,26.0
96,George Kittle,SF,TE,SF,99.71,86.0,1.642727320000006,8.0,OUT,141.93761149,-10.0,-6.0,29.0
97,Bo Nix,DEN,QB,DEN,89.6,75.0,7.389204489999997,10.0,ACTIVE,348.99206467,-22.0,-25.0,14.0
99,Alec Pierce,IND,WR,IND,98.72,84.0,-7.116201239999981,13.0,OUT,156.42337233,-15.0,-11.0,27.0
100,Travis Kelce,KC,TE,KC,100.14,87.0,0.2917895200000089,5.0,ACTIVE,140.58667369,-13.0,-32.0,27.0
101,Kyle Monangai,CHI,RB,CHI,130.48,120.0,-5.25147856000001,10.0,QUESTIONABLE,163.33737728,19.0,12.0,27.0
102,J.K. Dobbins,DEN,RB,DEN,122.55,113.0,-4.283821509999996,10.0,ACTIVE,164.30503433,11.0,26.0,22.0
103,Jayden Reed,GB,WR,GB,136.64,130.0,-25.03162916999997,11.0,ACTIVE,138.5079444,27.0,31.0,33.0
104,Jared Goff,DET,QB,DET,138.9,135.0,-15.200854979999974,6.0,ACTIVE,326.4020052,31.0,16.0,41.0
105,Kenny Gainwell,TB,RB,TB,122.17,111.0,-16.85748737,10.0,ACTIVE,151.73136847,6.0,-6.0,35.0
106,Dalton Kincaid,BUF,TE,BUF,135.13,127.0,-14.530291989999997,7.0,ACTIVE,125.76459218,21.0,19.0,19.0
107,Wan'Dale Robinson,TEN,WR,TEN,117.75,106.0,-27.95832347999999,9.0,ACTIVE,135.58125009,-1.0,-26.0,63.0
108,Rachaad White,WAS,RB,WAS,132.79,123.0,-24.06209138,7.0,QUESTIONABLE,144.52676446,15.0,10.0,4.0
109,Jordan Mason,MIN,RB,MIN,149.22,145.0,-24.828869990000012,6.0,ACTIVE,143.75998585,36.0,46.0,18.0
110,Stefon Diggs,WAS,WR,WAS,130.84,121.0,-35.10239942999999,7.0,ACTIVE,128.43717414,11.0,,
111,Xavier Worthy,KC,WR,KC,136.02,129.0,-17.994477709999984,5.0,QUESTIONABLE,145.54509586,18.0,1.0,43.0
112,Jaxson Dart,NYG,QB,NYG,76.3,63.0,0.0,8.0,ACTIVE,341.60286018,-49.0,-39.0,41.0
113,Jakobi Meyers,JAX,WR,JAX,115.59,104.0,-16.51251585999998,7.0,ACTIVE,147.02705771,-9.0,-19.0,45.0
114,Kyler Murray,MIN,QB,MIN,147.54,140.0,-52.32430403000001,6.0,ACTIVE,289.27855615,26.0,29.0,26.0
115,Makai Lemon,PHI,WR,PHI,138.08,134.0,-35.19734645999998,10.0,QUESTIONABLE,128.34222711,19.0,26.0,32.0
116,Aaron Jones Sr.,MIN,RB,MIN,129.8,117.0,-15.126954420000004,6.0,ACTIVE,153.46190142,1.0,-10.0,11.0
117,Chris Rodriguez Jr.,JAX,RB,JAX,167.2,180.0,-99.22392442,7.0,ACTIVE,69.36493142,63.0,64.0,18.0
118,Dallas Goedert,PHI,TE,PHI,100.83,89.0,1.432413050000008,10.0,ACTIVE,141.72729722,-29.0,-29.0,19.0
119,Matthew Stafford,LAR,QB,LAR,79.74,68.0,21.18735232,11.0,ACTIVE,362.7902125,-51.0,-46.0,46.0
120,Jordan Love,GB,QB,GB,159.34,157.0,-32.88491363999998,11.0,ACTIVE,308.71794654,37.0,22.0,54.0
121,Isaiah Likely,NYG,TE,NYG,129.93,118.0,-16.310096249999987,8.0,ACTIVE,123.98478792,-3.0,-5.0,26.0
122,Romeo Doubs,NE,WR,NE,153.16,150.0,-39.63545988999999,11.0,ACTIVE,123.90411368,28.0,24.0,38.0
123,KC Concepcion,CLE,WR,CLE,150.27,147.0,-38.440569969999984,11.0,ACTIVE,125.0990036,24.0,36.0,55.0
124,Juwan Johnson,NO,TE,NO,164.2,168.0,-28.40709093999999,8.0,ACTIVE,111.88779323,44.0,16.0,56.0
125,Jake Ferguson,DAL,TE,DAL,112.46,102.0,-10.23728177999999,14.0,ACTIVE,130.05760239,-23.0,-46.0,43.0
126,Matthew Golden,GB,WR,GB,106.98,97.0,-11.942423529999983,11.0,ACTIVE,151.59715004,-29.0,-9.0,50.0
127,Khalil Shakir,BUF,WR,BUF,126.88,116.0,-27.484934039999985,7.0,ACTIVE,136.05463953,-11.0,-30.0,44.0
128,Mark Andrews,BAL,TE,BAL,123.1,114.0,0.0,13.0,ACTIVE,140.29488417,-14.0,-14.0,20.0
129,Woody Marks,HOU,RB,HOU,152.64,149.0,-52.89016869000001,8.0,ACTIVE,115.69868715,20.0,-2.0,50.0
130,Deebo Samuel Sr.,SF,WR,SF,136.91,131.0,-28.35959401999997,8.0,ACTIVE,135.17997955,1.0,-16.0,82.0
131,Tyler Allgeier,ARI,RB,ARI,168.47,191.0,-86.37688023000001,14.0,ACTIVE,82.21197561,60.0,49.0,37.0
132,Jalen Coker,CAR,WR,CAR,161.11,160.0,-47.05227874999999,5.0,ACTIVE,116.48729482,28.0,43.0,56.0
133,Jordyn Tyson,NO,WR,NO,118.19,107.0,-81.55500822999998,8.0,DOUBTFUL,81.98456534,-26.0,-13.0,138.0
134,Tyrone Tracy Jr.,NYG,RB,NYG,166.5,175.0,-109.97639082,8.0,ACTIVE,58.61246502,41.0,29.0,70.0
135,Baker Mayfield,TB,QB,TB,148.91,144.0,-27.98351507000001,10.0,ACTIVE,313.61934511,9.0,7.0,55.0
137,Tyler Shough,NO,QB,NO,155.66,154.0,-34.77449920999999,8.0,ACTIVE,306.82836097,17.0,13.0,68.0
138,Tyjae Spears,TEN,RB,TEN,165.36,169.0,-38.92532351,9.0,ACTIVE,129.66353233,31.0,26.0,47.0
139,Rashid Shaheed,SEA,WR,SEA,158.68,156.0,-40.504950829999984,11.0,ACTIVE,123.03462274,17.0,17.0,42.0
140,De'Zhaun Stribling,SF,WR,SF,161.17,161.0,-54.55271027999999,8.0,ACTIVE,108.98686329,21.0,60.0,52.0
142,Denzel Boston,CLE,WR,CLE,166.55,176.0,-50.31231541999999,11.0,ACTIVE,113.22725815,34.0,35.0,59.0
143,Malik Willis,MIA,QB,MIA,166.9,179.0,-76.45184021,6.0,ACTIVE,265.15101997,36.0,48.0,41.0
145,Zach Charbonnet,SEA,RB,SEA,154.42,152.0,-44.77632169,11.0,OUT,123.81253415,7.0,2.0,67.0
147,Brian Robinson Jr.,ATL,RB,ATL,166.33,174.0,-79.02736004,11.0,ACTIVE,89.5614958,27.0,10.0,47.0
148,Tre Tucker,LV,WR,LV,168.24,188.0,-49.77459212,13.0,ACTIVE,113.76498145,40.0,,
149,Tank Bigsby,PHI,RB,PHI,168.46,190.0,-106.25854494,10.0,ACTIVE,62.3303109,41.0,50.0,23.0
150,Sam Darnold,SEA,QB,SEA,162.5,163.0,-51.33437046,11.0,ACTIVE,290.26848972,13.0,-3.0,60.0
151,C.J. Stroud,HOU,QB,HOU,166.11,170.0,-52.22853566999999,8.0,ACTIVE,289.37432451,19.0,-3.0,56.0
152,Isiah Pacheco,DET,RB,DET,160.36,159.0,-53.66992574000001,6.0,QUESTIONABLE,114.9189301,7.0,-22.0,91.0
153,Brenton Strange,JAX,TE,JAX,167.81,183.0,-27.371830979999984,7.0,ACTIVE,112.92305319,30.0,8.0,87.0
155,Alvin Kamara,NO,RB,NO,157.07,155.0,-67.70755353000001,8.0,QUESTIONABLE,100.88130231,0.0,-14.0,70.0
157,Tank Dell,HOU,WR,HOU,168.31,189.0,-38.43050412999999,8.0,QUESTIONABLE,125.10906944,32.0,,
159,Hunter Henry,NE,TE,NE,143.02,139.0,-18.307739649999988,11.0,ACTIVE,121.98714452,-20.0,-35.0,71.0
161,Dalton Schultz,HOU,TE,HOU,167.89,184.0,-36.83206137999999,8.0,ACTIVE,103.46282279,23.0,,
162,T.J. Hockenson,MIN,TE,MIN,133.6,125.0,-20.934151789999987,6.0,ACTIVE,119.36073238,-37.0,-69.0,78.0
165,Daniel Jones,IND,QB,IND,159.5,158.0,-35.47742533999997,13.0,ACTIVE,306.12543484,-7.0,-10.0,82.0
167,AJ Barner,SEA,TE,SEA,169.06,202.0,-48.89542572999999,11.0,ACTIVE,91.39945844,35.0,,
168,Jalen McMillan,TB,WR,TB,168.0,186.0,-54.28051797999999,10.0,QUESTIONABLE,109.25905559,18.0,20.0,75.0
169,Travis Hunter,JAX,WR,JAX,119.27,109.0,-72.25377599,7.0,ACTIVE,91.28579758,-60.0,-47.0,28.0
172,Jerry Jeudy,CLE,WR,CLE,164.11,167.0,-50.88593674999999,11.0,ACTIVE,112.65363682,-5.0,,
176,Cam Ward,TEN,QB,TEN,168.6,193.0,-88.91325003999998,9.0,ACTIVE,252.68961014,17.0,14.0,95.0
177,Bryce Young,CAR,QB,CAR,168.82,199.0,-63.94224565999997,5.0,ACTIVE,277.66061452,22.0,,
179,Terrance Ferguson,LAR,TE,LAR,166.12,171.0,-27.490978009999992,11.0,ACTIVE,112.80390616,-8.0,-14.0,67.0
