asof,espn_id,player,pos,team,bye,value,slot_id,status
2026-10-01,4576297,AJ Barner,TE,SEA,11,-48.9,20,ACTIVE
2026-10-01,4890973,Ashton Jeanty,RB,LV,13,79.6,2,ACTIVE
2026-10-01,-16004,Bengals D/ST,,,,,20,ACTIVE
2026-10-01,16800,Davante Adams,WR,LAR,11,35.0,4,ACTIVE
2026-10-01,4034949,Eddy Pineiro,,,,,17,ACTIVE
2026-10-01,4426354,George Pickens,WR,PIT,14,30.0,4,ACTIVE
2026-10-01,4241985,J.K. Dobbins,RB,DEN,10,-4.3,20,ACTIVE
2026-10-01,4040715,Jalen Hurts,QB,PHI,10,25.3,0,ACTIVE
2026-10-01,4702555,Jonah Coleman,RB,DEN,10,-102.9,21,INJURY_RESERVE
2026-10-01,2973405,Kalif Raymond,WR,CHI,10,20.0,20,ACTIVE
2026-10-01,4600981,Pat Bryant,WR,DEN,10,-104.9,21,OUT
2026-10-01,4686658,Mike Washington Jr.,RB,LV,13,-107.6,20,ACTIVE
2026-10-01,-16009,Packers D/ST,,,,,16,ACTIVE
2026-10-01,4426515,Puka Nacua,WR,LAR,11,131.3,21,QUESTIONABLE
2026-10-01,4685702,Quinshon Judkins,RB,CLE,11,41.8,2,ACTIVE
2026-10-01,4038815,Rico Dowdle,RB,PIT,9,2.8,20,OUT
2026-10-01,4430027,Sam LaPorta,TE,DET,6,9.1,6,ACTIVE
