pos,arm,wk1,wk2,wk3,wk4,wk5,wk6,wk7,wk8,wk9,wk10,wk11,wk12,wk13,wk14
QB,page (byes only),21.6,21.6,21.6,21.6,21.6,21.6,21.6,21.6,21.6,18.0,21.6,21.6,21.6,21.6
QB,"mean bar, arm B",20.78,20.76,20.72,20.8,20.71,20.71,20.65,18.55,20.8,15.52,20.81,20.75,20.76,20.74
QB,"mean bar, arm C",21.06,21.07,21.04,21.06,21.04,21.05,21.03,20.87,21.09,17.82,21.08,21.03,21.05,21.03
QB,"mean bar, arm D",21.06,21.07,21.04,21.06,21.04,21.05,21.03,20.87,21.09,17.82,21.08,21.03,21.05,21.03
QB,"mean bar, arm E",20.7,20.74,20.65,20.69,20.66,20.69,20.66,20.44,20.66,17.69,20.73,20.61,20.69,20.64
RB,page (byes only),11.7,11.7,11.7,11.7,11.7,11.7,11.7,11.7,11.7,11.7,9.7,11.7,10.2,10.2
RB,"mean bar, arm B",10.5,10.46,10.46,10.45,10.41,10.48,10.51,10.53,9.72,9.79,7.82,10.51,8.91,9.56
RB,"mean bar, arm C",10.52,10.49,10.49,10.49,10.44,10.49,10.53,10.55,9.82,9.9,7.9,10.54,9.31,9.59
RB,"mean bar, arm D",10.75,10.73,10.74,10.71,10.67,10.74,10.76,10.77,10.22,10.37,8.33,10.77,9.31,9.79
RB,"mean bar, arm E",9.48,9.43,9.42,9.49,9.22,9.28,9.45,9.49,8.37,8.44,6.56,9.53,8.23,8.59
WR,page (byes only),11.7,11.7,11.7,11.7,11.7,11.7,11.7,11.7,11.7,11.7,8.5,11.7,11.7,10.2
WR,"mean bar, arm B",10.76,10.71,10.75,10.76,10.21,10.71,10.76,10.76,10.44,10.54,5.4,10.77,10.44,8.75
WR,"mean bar, arm C",10.84,10.8,10.82,10.82,10.63,10.78,10.84,10.84,10.54,10.61,7.19,10.84,10.53,9.19
WR,"mean bar, arm D",10.89,10.85,10.86,10.86,10.69,10.84,10.88,10.89,10.59,10.7,7.37,10.89,10.53,9.3
WR,"mean bar, arm E",9.94,9.9,9.91,9.92,9.53,9.7,9.92,9.96,9.47,9.52,6.41,9.91,9.42,8.18
TE,page (byes only),8.8,8.8,8.8,8.8,8.8,0.0,8.8,8.8,8.8,8.8,8.8,8.8,8.8,8.8
TE,"mean bar, arm B",8.39,8.39,8.39,8.37,8.29,-0.0,8.37,8.42,8.3,8.26,7.35,8.41,8.26,8.28
TE,"mean bar, arm C",8.49,8.49,8.49,8.47,8.4,5.53,8.47,8.51,8.4,8.38,7.46,8.5,8.35,8.36
TE,"mean bar, arm D",8.51,8.5,8.51,8.48,8.43,5.53,8.48,8.52,8.42,8.42,7.67,8.52,8.35,8.42
TE,"mean bar, arm E",8.07,8.05,8.02,8.03,7.78,5.53,8.0,8.08,7.8,7.76,6.35,8.06,7.65,7.66
D/ST,page (byes only),6.1,6.1,6.1,6.1,6.1,6.1,6.1,6.1,6.1,6.1,0.0,6.1,6.1,6.1
D/ST,"mean bar, arm B",6.1,6.1,6.1,6.1,6.1,6.1,6.1,6.1,6.1,6.1,-0.0,6.1,6.1,6.1
D/ST,"mean bar, arm C",6.1,6.1,6.1,6.1,6.1,6.1,6.1,6.1,6.1,6.1,5.99,6.1,6.1,6.1
D/ST,"mean bar, arm D",6.1,6.1,6.1,6.1,6.1,6.1,6.1,6.1,6.1,6.1,5.99,6.1,6.1,6.1
D/ST,"mean bar, arm E",6.1,6.1,6.1,6.1,6.1,6.1,6.1,6.1,6.1,6.1,5.99,6.1,6.1,6.1
K,page (byes only),9.1,9.1,9.1,9.1,9.1,9.1,9.1,0.0,9.1,9.1,9.1,9.1,9.1,9.1
K,"mean bar, arm B",9.13,9.13,9.13,9.13,9.13,9.13,9.13,-0.0,9.13,9.13,9.13,9.13,9.13,9.13
K,"mean bar, arm C",9.13,9.13,9.13,9.13,9.13,9.13,9.13,-0.0,9.13,9.13,9.13,9.13,9.13,9.13
K,"mean bar, arm D",9.13,9.13,9.13,9.13,9.13,9.13,9.13,-0.0,9.13,9.13,9.13,9.13,9.13,9.13
K,"mean bar, arm E",9.13,9.13,9.13,9.13,9.13,9.13,9.13,-0.0,9.13,9.13,9.13,9.13,9.13,9.13
