,,,,,,,Rushing,Rushing,Rushing,Rushing,Rushing,Rushing,Rushing,Rushing,Rushing,,-additional
Rk,Player,Age,Team,Pos,G,GS,Att,Yds,1D,YBC,YBC/Att,YAC,YAC/Att,BrkTkl,Att/Br,Awards,-9999
1,Jonathan Taylor,26,IND,RB,17,17,323,1585,84,798,2.5,787,2.4,27,12,PB,TaylJo02
2,Christian McCaffrey,29,SFO,RB,17,17,311,1202,71,728,2.3,474,1.5,10,31.1,PBAP-1AP MVP-4AP OPoY-2AP CPoY-1,McCaCh01
3,James Cook,26,BUF,RB,17,17,309,1621,68,935,3,686,2.2,21,14.7,PBAP-2,CookJa01
4,Derrick Henry,31,BAL,RB,17,17,307,1595,79,866,2.8,729,2.4,13,23.6,,HenrDe00
5,Bijan Robinson,23,ATL,RB,17,17,287,1478,63,812,2.8,666,2.3,22,13,PBAP-1AP-2AP OPoY-4,RobiBi01
6,Saquon Barkley,28,PHI,RB,16,16,280,1140,46,689,2.5,451,1.6,18,15.6,,BarkSa00
7,Ashton Jeanty,22,LVR,RB,17,17,266,975,44,419,1.6,556,2.1,24,11.1,,JeanAs00
8,Travis Etienne,26,JAX,RB,17,16,260,1107,48,562,2.2,545,2.1,10,26,,EtieTr00
9,Kyren Williams,25,LAR,RB,17,17,259,1252,74,737,2.8,515,2,22,11.8,,WillKy02
10,Javonte Williams,25,DAL,RB,16,16,252,1201,67,574,2.3,627,2.5,25,10.1,,WillJa10
11,Jahmyr Gibbs,23,DET,RB,17,17,243,1223,54,819,3.4,404,1.7,18,13.5,PB,GibbJa01
12,Breece Hall,24,NYJ,RB,16,16,243,1065,57,618,2.5,447,1.8,12,20.3,,HallBr03
13,Tony Pollard,28,TEN,RB,17,17,242,1082,48,640,2.6,442,1.8,16,15.1,,PollTo00
14,De'Von Achane,24,MIA,RB,16,16,238,1350,56,631,2.7,719,3,22,10.8,PB,AchaDe00
15,Rico Dowdle,27,CAR,RB,17,11,236,1076,51,596,2.5,480,2,14,16.9,,DowdRi01
16,Josh Jacobs,27,GNB,RB,15,15,234,929,55,459,2,470,2,16,14.6,,JacoJo01
17,Chase Brown,25,CIN,RB,17,17,232,1019,52,525,2.3,494,2.1,16,14.5,,BrowCh10
18,Quinshon Judkins,22,CLE,RB,14,14,230,827,50,322,1.4,505,2.2,11,20.9,,JudkQu00
19,D'Andre Swift,26,CHI,RB,16,16,223,1087,62,666,3,421,1.9,11,20.3,,SwifDA00
20,Kenneth Walker III,25,SEA,RB,17,17,221,1027,46,621,2.8,406,1.8,23,9.6,,WalkKe00
21,Jaylen Warren,27,PIT,RB,16,15,211,958,52,461,2.2,497,2.4,23,9.2,,WarrJa01
22,Woody Marks,25,HOU,RB,16,8,196,703,39,356,1.8,347,1.8,6,32.7,,MarkWo00
23,Zach Charbonnet,24,SEA,RB,16,0,184,730,48,393,2.1,337,1.8,14,13.1,,CharZa00
24,TreVeyon Henderson,23,NWE,RB,17,4,180,911,45,549,3.1,362,2,11,16.4,AP ORoY-3,HendTr02
25,Tyrone Tracy Jr.,26,NYG,RB,15,11,176,740,39,439,2.5,301,1.7,5,35.2,,TracTy00
26,Jacory Croskey-Merritt,24,WAS,RB,17,7,175,805,41,443,2.5,362,2.1,13,13.5,,CrosJa00
27,Bucky Irving,23,TAM,RB,10,9,173,588,27,305,1.8,283,1.6,10,17.3,,IrviBu00
28,Kyle Monangai,23,CHI,RB,17,1,169,783,40,459,2.7,324,1.9,5,33.8,,MonaKy00
29,Kareem Hunt,30,KAN,RB,17,4,163,611,55,290,1.8,321,2,7,23.3,,HuntKa00
30,Jordan Mason,26,MIN,RB,16,5,159,758,45,373,2.3,385,2.4,13,12.2,,MasoJo00
31,David Montgomery,28,DET,RB,17,0,158,716,41,370,2.3,346,2.2,3,52.7,,MontDa01
32,Kimani Vidal,24,LAC,RB,13,10,155,643,32,276,1.8,367,2.4,3,51.7,,VidaKi00
33,J.K. Dobbins,27,DEN,RB,10,9,153,772,37,398,2.6,374,2.4,9,17,,DobbJK00
34,RJ Harvey,24,DEN,RB,17,7,146,540,28,278,1.9,262,1.8,7,20.9,,HarvRJ00
35,Blake Corum,25,LAR,RB,17,0,145,746,44,509,3.5,237,1.6,12,12.1,,CoruBl00
36,Tyler Allgeier,25,ATL,RB,17,2,143,514,36,284,2,230,1.6,9,15.9,,AllgTy00
37,Chuba Hubbard,26,CAR,RB,15,6,134,511,31,269,2,242,1.8,1,134,,HubbCh01
38,Aaron Jones,31,MIN,RB,12,12,132,548,28,314,2.4,234,1.8,5,26.4,,JoneAa00
39,Rachaad White,26,TAM,RB,17,8,132,572,37,373,2.8,199,1.5,9,14.7,,WhitRa01
40,Alvin Kamara,30,NOR,RB,11,11,131,471,21,282,2.2,189,1.4,7,18.7,,KamaAl00
41,Rhamondre Stevenson,27,NWE,RB,14,13,130,603,29,243,1.9,360,2.8,16,8.1,,StevRh00
42,Emanuel Wilson,26,GNB,RB,17,2,125,496,32,217,1.7,279,2.2,7,17.9,,WilsEm00
43,Omarion Hampton,22,LAC,RB,9,6,124,545,31,336,2.7,209,1.7,15,8.3,,HampOm00
44,Nick Chubb,30,HOU,RB,15,9,122,506,20,251,2.1,255,2.1,5,24.4,,ChubNi00
45,Devin Singletary,28,NYG,RB,17,1,119,437,27,219,1.8,218,1.8,4,29.8,,SingDe00
46,Isiah Pacheco,26,KAN,RB,13,12,118,462,27,255,2.2,207,1.8,2,59,,PachIs00
47,Kenneth Gainwell,26,PIT,RB,17,2,114,537,34,300,2.6,237,2.1,14,8.1,,GainKe00
48,Josh Allen,29,BUF,QB,17,17,112,579,46,356,3.2,223,2,7,16,PBAP MVP-3,AlleJo02
49,Chris Rodriguez,25,WAS,RB,13,7,112,500,32,167,1.5,333,3,13,8.6,,RodrCh00
50,Jalen Hurts,27,PHI,QB,16,16,105,421,37,347,3.3,74,0.7,3,35,PB,HurtJa00
51,Drake Maye,23,NWE,QB,17,17,103,450,38,335,3.3,115,1.1,2,51.5,PBAP-2AP MVP-2AP OPoY-5,MayeDr00
52,Cam Skattebo,23,NYG,RB,8,5,101,410,27,218,2.2,192,1.9,7,14.4,,SkatCa00
53,Michael Carter,26,ARI,RB,13,5,92,333,19,209,2.3,124,1.3,3,30.7,,CartMi03
54,Brian Robinson Jr.,26,SFO,RB,17,0,92,400,20,237,2.6,163,1.8,10,9.2,,RobiBr01
55,Jaxson Dart,22,NYG,QB,14,12,86,487,38,421,4.9,66,0.8,0,,AP ORoY-4,DartJa00
56,Sean Tucker,24,TAM,RB,17,0,86,320,22,237,2.8,83,1,5,17.2,,TuckSe00
57,Samaje Perine,30,CIN,RB,15,2,84,382,32,192,2.3,190,2.3,4,21,,PeriSa00
58,Justin Herbert,27,LAC,QB,16,16,83,498,34,407,4.9,91,1.1,3,27.7,PB,HerbJu00
59,Bo Nix,25,DEN,QB,17,17,83,356,25,294,3.5,62,0.7,0,,,NixxBo00
60,Bhayshul Tuten,22,JAX,RB,15,0,83,307,23,137,1.7,170,2,5,16.6,,TuteBh00
61,Zonovan Knight,24,ARI,RB,12,8,82,269,21,135,1.6,134,1.6,5,16.4,,KnigZo00
62,Trevor Lawrence,26,JAX,QB,17,17,82,359,40,272,3.3,87,1.1,5,16.4,AP MVP-5AP CPoY-4,LawrTr00
63,Caleb Williams,24,CHI,QB,17,17,77,388,28,328,4.3,60,0.8,5,15.4,,WillCa03
64,Tyjae Spears,24,TEN,RB,13,1,72,283,16,186,2.6,97,1.3,4,18,,SpeaTy00
65,Justin Fields,26,NYJ,QB,9,9,71,383,26,309,4.4,74,1,3,23.7,,FielJu00
66,Ollie Gordon,21,MIA,RB,17,1,70,199,21,81,1.2,118,1.7,6,11.7,,GordOl00
67,Jaylen Wright,22,MIA,RB,10,1,70,288,17,112,1.6,176,2.5,6,11.7,,WrigJa04
68,Lamar Jackson,28,BAL,QB,13,13,67,349,24,257,3.8,92,1.4,7,9.6,,JackLa00
69,Dylan Sampson,21,CLE,RB,15,2,65,175,12,75,1.2,100,1.5,6,10.8,,SampDy00
70,Patrick Mahomes,30,KAN,QB,14,14,64,422,27,359,5.6,63,1,4,16,,MahoPa00
71,Tank Bigsby,24,2TM,RB,17,1,63,356,17,188,3,168,2.7,10,6.3,,BigsTa00
71,Tank Bigsby,24,JAX,RB,1,0,5,12,1,6,1.2,6,1.2,0,,,BigsTa00
71,Tank Bigsby,24,PHI,RB,16,1,58,344,16,182,3.1,162,2.8,10,5.8,,BigsTa00
72,Keaton Mitchell,23,BAL,RB,13,0,59,341,16,213,3.6,128,2.2,2,29.5,,MitcKe01
73,Jayden Daniels,25,WAS,QB,7,7,58,278,14,167,2.9,111,1.9,4,14.5,,DaniJa02
74,Ray Davis,26,BUF,RB,17,0,58,275,15,145,2.5,130,2.2,3,19.3,AP-1,DaviRa04
75,Devin Neal,22,NOR,RB,10,3,57,206,11,96,1.7,110,1.9,1,57,,NealDe00
76,Baker Mayfield,30,TAM,QB,17,17,55,382,27,281,5.1,101,1.8,7,7.9,,MayfBa00
77,Bryce Young,24,CAR,QB,16,16,54,216,16,177,3.3,39,0.7,2,27,,YounBr01
78,Dak Prescott,32,DAL,QB,17,17,53,177,15,140,2.6,37,0.7,3,17.7,PBAP CPoY-3,PresDa01
79,Malik Davis,27,DAL,RB,10,0,52,250,11,152,2.9,98,1.9,0,,,DaviMa02
80,Taysom Hill,35,NOR,TE,13,5,52,114,16,49,0.9,65,1.3,2,26,,HillTa00
81,Ty Johnson,28,BUF,RB,17,0,50,200,13,129,2.6,71,1.4,2,25,,JohnTy02
82,Marcus Mariota,32,WAS,QB,11,8,50,297,12,265,5.3,32,0.6,0,,,MariMa01
83,C.J. Stroud,24,HOU,QB,14,14,48,209,18,182,3.8,27,0.6,0,,,StroCJ00
84,Jordan Love,27,GNB,QB,15,15,47,199,14,148,3.1,51,1.1,2,23.5,,LoveJo03
85,Kendre Miller,23,NOR,RB,7,0,47,193,9,72,1.5,121,2.6,7,6.7,,MillKe01
86,Audric Estime,22,NOR,RB,7,1,46,198,12,100,2.2,98,2.1,7,6.6,,EstiAu00
87,Daniel Jones,28,IND,QB,13,13,45,164,19,137,3,27,0.6,1,45,,JoneDa05
88,Tyler Shough,26,NOR,QB,11,9,45,186,11,150,3.3,36,0.8,2,22.5,AP ORoY-2,ShouTy00
89,Emari Demercado,26,ARI,RB,13,0,44,312,9,194,4.4,118,2.7,4,11,,DemeEm00
90,Jeremy McNichols,30,WAS,RB,17,1,44,221,13,68,1.5,153,3.5,6,7.3,,McNiJe00
91,Brashard Smith,22,KAN,RB,17,1,44,151,5,92,2.1,59,1.3,0,,,SmitBr09
92,Isaiah Davis,23,NYJ,RB,16,0,43,236,7,130,3,106,2.5,2,21.5,,DaviIs00
93,Jawhar Jordan,26,HOU,RB,4,0,43,193,8,103,2.4,90,2.1,8,5.4,,JordJa00
94,Jaret Patterson,26,LAC,RB,6,1,41,159,7,65,1.6,94,2.3,1,41,,PattJa01
95,Geno Smith,35,LVR,QB,15,15,41,109,13,57,1.4,52,1.3,2,20.5,,SmitGe00
96,Cam Ward,23,TEN,QB,17,17,39,159,15,97,2.5,62,1.6,3,13,,WardCa00
97,Jaydon Blue,21,DAL,RB,5,0,38,129,7,85,2.2,44,1.2,2,19,,BlueJa01
98,Jacoby Brissett,33,ARI,QB,14,12,38,168,16,115,3,53,1.4,2,19,,BrisJa00
99,J.J. McCarthy,22,MIN,QB,10,10,37,181,12,118,3.2,63,1.7,5,7.4,,McCaJJ00
100,Jaleel McLaughlin,25,DEN,RB,8,1,37,187,8,114,3.1,73,2,2,18.5,,McLaJa00
101,Mac Jones,27,SFO,QB,11,8,36,60,11,42,1.2,18,0.5,1,36,,JoneMa05
102,Sam Darnold,28,SEA,QB,17,17,35,95,10,87,2.5,8,0.2,0,,PB,DarnSa00
103,Brock Purdy,26,SFO,QB,9,9,33,147,16,126,3.8,21,0.6,0,,,PurdBr00
104,James Conner,30,ARI,RB,3,3,32,95,7,39,1.2,56,1.8,3,10.7,,ConnJa00
105,Zavier Scott,26,MIN,RB,16,0,32,114,6,52,1.6,62,1.9,1,32,,ScotZa00
106,Spencer Rattler,25,NOR,QB,9,8,31,167,17,107,3.5,60,1.9,4,7.8,,RattSp00
107,Trey Benson,23,ARI,RB,4,1,29,160,4,88,3,72,2.5,2,14.5,,BensTr01
108,Kyler Murray,28,ARI,QB,5,5,29,173,10,130,4.5,43,1.5,2,14.5,,MurrKy00
109,Matthew Stafford,37,LAR,QB,17,17,29,1,0,-1,0,2,0.1,0,,PBAP-1AP MVP-1,StafMa00
110,Kaleb Johnson,22,PIT,RB,10,0,28,69,2,35,1.3,34,1.2,2,14,,JohnKa03
111,Chris Brooks,25,GNB,RB,17,0,27,106,5,56,2.1,50,1.9,1,27,,BrooCh00
112,Raheim Sanders,23,CLE,RB,4,1,27,92,7,32,1.2,60,2.2,0,,,SandRa00
113,Tyrod Taylor,36,NYJ,QB,6,4,27,143,10,114,4.2,29,1.1,1,27,,TaylTy00
114,DJ Giddens,22,IND,RB,9,0,26,96,5,48,1.8,48,1.8,0,,,GiddDJ00
115,Antonio Gibson,27,NWE,RB,5,0,25,106,6,52,2.1,54,2.2,2,12.5,,GibsAn00
116,Jerome Ford,26,CLE,RB,13,0,24,73,5,43,1.8,30,1.3,9,2.7,,FordJe00
117,Tyler Huntley,27,BAL,QB,5,2,24,151,11,131,5.5,20,0.8,1,24,,HuntTy01
118,LeQuint Allen,21,JAX,RB,17,1,23,94,5,59,2.6,35,1.5,2,11.5,,AlleLe01
119,Terrell Jennings,24,NWE,RB,7,0,23,73,8,50,2.2,23,1,1,23,,JennTe00
120,George Holani,26,SEA,RB,11,0,22,73,5,36,1.6,37,1.7,3,7.3,,HolaGe00
121,Raheem Mostert,33,LVR,RB,12,0,22,104,5,36,1.6,68,3.1,2,11,,MostRa00
122,Malik Willis,26,GNB,QB,4,1,22,123,9,100,4.5,23,1,0,,,WillMa12
123,Michael Penix,25,ATL,QB,9,9,21,70,5,64,3,6,0.3,0,,,PeniMi00
124,Aaron Rodgers,42,PIT,QB,16,16,21,61,4,58,2.8,3,0.1,0,,,RodgAa00
125,Shedeur Sanders,23,CLE,QB,8,7,21,169,7,115,5.5,54,2.6,1,21,PB,SandSh00
126,Joe Flacco,40,2TM,QB,13,10,21,35,9,31,1.5,4,0.2,0,,PB,FlacJo00
126,Joe Flacco,40,CLE,QB,4,4,6,13,2,13,2.2,0,0,0,,,FlacJo00
126,Joe Flacco,40,CIN,QB,9,6,15,22,7,18,1.2,4,0.3,0,,,FlacJo00
127,Trevor Etienne,21,CAR,RB,17,0,20,94,6,48,2.4,46,2.3,1,20,,EtieTr01
128,Miles Sanders,28,DAL,RB,4,0,20,117,5,81,4.1,36,1.8,1,20,,SandMi01
129,Tua Tagovailoa,27,MIA,QB,14,14,20,43,1,40,2,3,0.2,0,,,TagoTu00
130,Jared Goff,31,DET,QB,17,17,19,45,5,41,2.2,4,0.2,0,,PB,GoffJa00
131,Evan Hull,25,NOR,RB,6,0,19,48,2,28,1.5,20,1.1,0,,,HullEv00
132,Braelon Allen,21,NYJ,RB,4,0,18,76,4,43,2.4,33,1.8,0,,,AlleBr05
133,Justice Hill,28,BAL,RB,10,0,18,93,4,23,1.3,70,3.9,1,18,,HillJu00
134,Russell Wilson,37,NYG,QB,6,3,18,106,6,91,5.1,15,0.8,0,,,WilsRu00
135,British Brooks,26,HOU,RB,15,2,17,78,5,22,1.3,56,3.3,2,8.5,,BrooBr01
136,Ty Chandler,27,MIN,RB,3,0,17,47,1,16,0.9,31,1.8,1,17,,ChanTy01
137,Hassan Haskins,26,LAC,RB,12,0,17,47,4,21,1.2,26,1.5,1,17,,HaskHa00
138,Trey Lance,25,LAC,QB,4,1,17,85,5,72,4.2,13,0.8,1,17,,LancTr00
139,Deebo Samuel,29,WAS,WR,16,12,17,75,4,31,1.8,44,2.6,2,8.5,,SamuDe00
140,KaVontae Turpin,29,DAL,WR,15,2,17,89,3,56,3.3,33,1.9,2,8.5,PBAP-2,TurpKa00
141,Malik Washington,24,MIA,WR,17,6,17,110,5,44,2.6,66,3.9,3,5.7,,WashMa00
142,Tahj Brooks,23,CIN,RB,16,0,16,45,1,25,1.6,20,1.3,1,16,,BrooTa00
143,Khalil Herbert,27,NYJ,RB,7,0,16,52,2,15,0.9,37,2.3,0,,,HerbKh00
144,Hunter Luepke,25,DAL,RB,17,5,16,71,6,26,1.6,45,2.8,0,,,LuepHu00
145,Najee Harris,27,LAC,RB,3,0,15,61,3,30,2,31,2.1,0,,,HarrNa00
146,Connor Heyward,26,PIT,TE,17,2,15,43,11,33,2.2,10,0.7,0,,,HeywCo00
147,D.J. Moore,28,CHI,WR,17,17,15,79,5,58,3.9,21,1.4,2,7.5,,MoorD.00
148,Ameer Abdullah,32,IND,RB,13,0,14,60,3,28,2,32,2.3,1,14,,AbduAm00
149,Joe Burrow,29,CIN,QB,8,8,14,41,5,40,2.9,1,0.1,0,,PB,BurrJo01
150,Kirk Cousins,37,ATL,QB,10,8,14,7,4,3,0.2,4,0.3,0,,,CousKi00
151,Austin Ekeler,30,WAS,RB,2,2,14,43,3,23,1.6,20,1.4,0,,,EkelAu00
152,Dillon Gabriel,25,CLE,QB,10,6,14,86,4,72,5.1,14,1,1,14,,GabrDi00
153,Will Shipley,23,PHI,RB,15,0,14,49,4,28,2,21,1.5,0,,,ShipWi00
154,D'Ernest Johnson,29,2TM,RB,8,0,14,25,0,16,1.1,9,0.6,1,14,,JohnDE04
154,D'Ernest Johnson,29,ARI,RB,1,0,1,0,0,0,0,0,0,0,,,JohnDE04
154,D'Ernest Johnson,29,NWE,RB,7,0,13,25,0,16,1.2,9,0.7,1,13,,JohnDE04
155,Dameon Pierce,25,2TM,RB,5,0,14,36,1,12,0.9,24,1.7,2,7,,PierDa01
155,Dameon Pierce,25,HOU,RB,4,0,10,26,1,7,0.7,19,1.9,2,5,,PierDa01
155,Dameon Pierce,25,KAN,RB,1,0,4,10,0,5,1.3,5,1.3,0,,,PierDa01
156,Brady Cook,24,NYJ,QB,5,4,13,49,4,38,2.9,11,0.8,0,,,CookBr03
157,Malachi Corley,23,CLE,WR,13,5,13,127,6,36,2.8,91,7,2,6.5,,CorlMa00
158,Davis Mills,27,HOU,QB,6,3,13,60,2,50,3.8,10,0.8,0,,,MillDa02
159,Kene Nwangwu,27,NYJ,RB,12,1,13,49,2,24,1.8,25,1.9,0,,,NwanKe00
160,AJ Dillon,27,PHI,RB,7,0,12,60,4,28,2.3,32,2.7,2,6,,DillAJ00
161,Josh Johnson,39,WAS,QB,5,2,12,55,4,40,3.3,15,1.3,0,,,JohnJo05
162,Corey Kiner,23,ARI,RB,4,0,12,58,4,29,2.4,29,2.4,1,12,,KineCo00
163,Marvin Mims,23,DEN,WR,15,4,12,78,3,58,4.8,20,1.7,1,12,,MimsMa00
164,Nick Mullens,30,JAX,QB,5,0,12,-8,0,-8,-0.7,0,0,0,,,MullNi00
165,Zamir White,26,LVR,RB,6,0,12,32,1,19,1.6,13,1.1,0,,,WhitZa01
166,Julius Chestnut,25,TEN,RB,17,0,11,40,4,28,2.5,12,1.1,0,,,ChesJu00
167,Chimere Dike,24,TEN,WR,17,10,11,18,0,5,0.5,13,1.2,1,11,PBAP-1,DikeCh00
168,Dare Ogunbowale,31,HOU,RB,17,0,11,25,1,11,1,14,1.3,0,,,OgunDa00
169,Tre Tucker,24,LVR,WR,17,17,11,51,1,39,3.5,12,1.1,1,11,,TuckTr00
170,Carson Wentz,33,MIN,QB,5,5,11,57,3,31,2.8,26,2.4,1,11,,WentCa00
171,Savion Williams,24,GNB,WR,12,0,11,37,1,14,1.3,23,2.1,1,11,,WillSa01
172,Xavier Worthy,22,KAN,WR,14,13,11,87,4,78,7.1,9,0.8,1,11,,WortXa00
173,Mark Andrews,30,BAL,TE,17,11,10,48,7,43,4.3,5,0.5,0,,,AndrMa00
174,AJ Barner,23,SEA,TE,17,17,10,14,9,8,0.8,6,0.6,0,,,BarnAJ00
175,Joshua Dobbs,30,NWE,QB,4,0,10,-5,0,-5,-0.5,0,0,0,,,DobbJo00
176,Zay Flowers,25,BAL,WR,17,17,10,62,3,43,4.3,19,1.9,0,,PB,FlowZa00
177,Matthew Golden,22,GNB,WR,14,5,10,49,3,27,2.7,22,2.2,1,10,,GoldMa02
178,Puka Nacua,24,LAR,WR,16,15,10,105,5,34,3.4,71,7.1,1,10,PBAP-1AP OPoY-3,NacuPu00
179,Adam Prentice,28,DEN,FB,17,3,10,44,7,30,3,14,1.4,0,,,PrenAd00
180,Trayveon Williams,28,2TM,RB,7,0,10,36,3,21,2.1,15,1.5,0,,,WillTr06
180,Trayveon Williams,28,LAC,RB,3,0,3,-1,0,-2,-0.7,1,0.3,0,,,WillTr06
180,Trayveon Williams,28,CLE,RB,4,0,7,37,3,23,3.3,14,2,0,,,WillTr06
181,Jake Browning,29,CIN,QB,5,3,9,39,5,27,3,12,1.3,1,9,,BrowJa08
182,Nathan Carter,23,ATL,RB,7,0,9,60,3,34,3.8,26,2.9,0,,,CartNa00
183,Jimmy Garoppolo,34,LAR,QB,3,0,9,-10,0,-10,-1.1,0,0,0,,,GaroJi00
184,Tyler Goodson,25,IND,RB,11,0,9,24,0,14,1.6,10,1.1,0,,,GoodTy00
185,Ronnie Rivers,26,LAR,RB,11,0,9,46,3,26,2.9,20,2.2,0,,,RiveRo01
186,Jonnu Smith,30,PIT,TE,17,7,9,70,3,29,3.2,41,4.6,3,3,,SmitJo01
187,Mitchell Trubisky,31,BUF,QB,4,0,9,6,0,2,0.2,4,0.4,0,,,TrubMi00
188,Rashid Shaheed,27,2TM,WR,18,13,9,69,3,61,6.8,8,0.9,0,,PB,ShahRa00
188,Rashid Shaheed,27,NOR,WR,9,9,2,5,0,4,2,1,0.5,0,,,ShahRa00
188,Rashid Shaheed,27,SEA,WR,9,4,7,64,3,57,8.1,7,1,0,,,ShahRa00
189,Tyler Badie,25,DEN,RB,16,0,8,23,1,8,1,15,1.9,0,,,BadiTy00
190,Quinn Ewers,22,MIA,QB,4,3,8,19,1,19,2.4,0,0,0,,,EwerQu00
191,Jimmy Horn,23,CAR,WR,13,0,8,69,3,54,6.8,15,1.9,0,,,HornJi00
192,Tanner McKee,25,PHI,QB,4,1,8,8,1,3,0.4,5,0.6,0,,,McKeTa01
193,Rasheen Ali,24,BAL,RB,15,0,7,24,1,20,2.9,4,0.6,0,,,AlixRa00
194,Max Brosmer,24,MIN,QB,7,2,7,11,1,11,1.6,0,0,0,,,BrosMa00
195,Greg Dortch,27,ARI,WR,12,3,7,15,1,10,1.4,5,0.7,0,,,DortGr01
196,DeMario Douglas,25,NWE,WR,17,0,7,21,2,18,2.6,3,0.4,0,,,DougDe00
197,Clyde Edwards-Helaire,26,KAN,RB,2,0,7,13,1,3,0.4,10,1.4,0,,,EdwaCl00
198,Harold Fannin,21,CLE,TE,16,13,7,13,2,7,1,6,0.9,1,7,,FannHa00
199,Tez Johnson,23,TAM,WR,16,8,7,22,0,18,2.6,4,0.6,0,,,JohnTe03
200,Dylan Laube,26,LVR,RB,17,0,7,9,0,3,0.4,6,0.9,0,,,LaubDy00
201,Mason Rudolph,30,PIT,QB,5,1,7,6,2,4,0.6,2,0.3,0,,,RudoMa00
202,Jaxon Smith-Njigba,23,SEA,WR,17,17,7,36,2,16,2.3,20,2.9,1,7,PBAP-1AP OPoY-1,SmitJa06
203,Parker Washington,23,JAX,WR,16,7,7,0,1,-5,-0.7,5,0.7,0,,,WashPa01
204,Jameis Winston,31,NYG,QB,3,2,7,23,3,11,1.6,12,1.7,0,,,WinsJa00
205,Dyami Brown,26,JAX,WR,14,6,6,30,2,18,3,12,2,0,,,BrowDy00
206,Luther Burden,22,CHI,WR,15,5,6,37,3,27,4.5,10,1.7,1,6,,BurdLu00
207,Riley Leonard,23,IND,QB,5,1,6,27,4,26,4.3,1,0.2,0,,,LeonRi02
208,Drew Lock,29,SEA,QB,5,0,6,-5,0,-5,-0.8,0,0,0,,,LockDr00
209,Gardner Minshew II,29,KAN,QB,4,1,6,2,0,2,0.3,0,0,0,,,MinsGa00
210,Elijah Moore,25,BUF,WR,9,2,6,24,3,17,2.8,7,1.2,2,3,,MoorEl00
211,Jaylin Noel,23,HOU,WR,17,3,6,12,0,7,1.2,5,0.8,0,,,NoelJa00
212,Tyler Warren,23,IND,TE,17,12,6,8,3,5,0.8,3,0.5,0,,PB,WarrTy00
213,Jameson Williams,24,DET,WR,17,15,6,12,0,10,1.7,2,0.3,1,6,,WillJa11
214,Cam Akers,26,MIN,RB,3,0,5,19,1,12,2.4,7,1.4,0,,,AkerCa00
215,Isaiah Bond,21,CLE,WR,16,2,5,29,1,16,3.2,13,2.6,0,,,BondIs00
216,Brittain Brown,28,CHI,RB,3,0,5,37,2,14,2.8,23,4.6,2,2.5,,BrowBr06
217,Andy Dalton,38,CAR,QB,4,1,5,-2,0,-2,-0.4,0,0,0,,,DaltAn00
218,Troy Franklin,22,DEN,WR,17,7,5,12,2,-3,-0.6,15,3,1,5,,FranTr00
219,Phil Mafah,23,DAL,RB,1,0,5,18,2,11,2.2,7,1.4,0,,,MafaPh00
220,Bo Melton,26,GNB,CB,16,1,5,35,2,25,5,10,2,0,,,MeltBo00
221,Jakobi Meyers,29,JAX,WR,9,7,5,13,1,5,1,8,1.6,0,,,MeyeJa01
222,Joe Milton,25,DAL,QB,4,0,5,50,1,42,8.4,8,1.6,0,,,MiltJo00
223,Chris Oladokun,28,KAN,QB,3,2,5,18,0,18,3.6,0,0,0,,,OladCh00
224,Kenny Pickett,27,LVR,QB,6,2,5,22,3,18,3.6,4,0.8,1,5,,PickKe00
225,Rashee Rice,25,KAN,WR,8,8,5,20,2,13,2.6,7,1.4,0,,,RiceRa01
226,Clayton Tune,26,GNB,QB,2,1,5,23,2,10,2,13,2.6,1,5,,TuneCl00
227,Jacardia Wright,25,SEA,RB,1,0,5,20,1,12,2.4,8,1.6,1,5,,WrigJa05
228,Ryan Flournoy,26,DAL,WR,16,4,4,25,2,19,4.8,6,1.5,0,,,FlouRy00
229,Velus Jones Jr.,28,SEA,RB,3,0,4,32,1,28,7,4,1,0,,,JoneVe00
230,Anthony Richardson,23,IND,QB,2,0,4,-1,1,-1,-0.3,0,0,0,,,RichAn03
231,Cooper Rush,32,BAL,QB,4,2,4,-4,0,-4,-1,0,0,0,,,RushCo00
232,Sterling Shepard,32,TAM,WR,13,2,4,19,1,17,4.3,2,0.5,0,,,ShepSt00
233,Arian Smith,24,NYJ,WR,16,5,4,13,1,9,2.3,4,1,0,,,SmitAr01
234,Cade Stover,25,HOU,TE,9,7,4,3,2,0,0,3,0.8,0,,,StovCa00
235,Mason Tipton,25,NOR,WR,14,3,4,18,2,10,2.5,8,2,1,4,,TiptMa00
236,Josh Williams,25,TAM,RB,3,0,4,11,0,11,2.8,0,0,0,,,WillJo011
237,Olamide Zaccheaus,28,CHI,WR,16,5,4,25,1,17,4.3,8,2,0,,,ZaccOl01
238,Kyle Allen,29,DET,QB,3,0,3,-3,0,-3,-1,0,0,0,,,AlleKy00
239,Teddy Bridgewater,33,TAM,QB,4,0,3,4,0,4,1.3,0,0,0,,,BridTe00
240,Ja'Marr Chase,25,CIN,WR,16,16,3,14,0,10,3.3,4,1.3,0,,PBAP-1,ChasJa00
241,Ashton Dulin,28,IND,WR,12,2,3,44,2,22,7.3,22,7.3,0,,,DuliAs00
242,Myles Gaskin,28,SEA,RB,1,0,3,6,0,2,0.7,4,1.3,0,,,GaskMy00
243,C.J. Ham,32,MIN,FB,11,1,3,5,2,3,1,2,0.7,0,,,HamxC.00
244,Xavier Hutchinson,25,HOU,WR,17,6,3,22,2,0,0,22,7.3,0,,,HutcXa00
245,Andrei Iosivas,26,CIN,WR,17,9,3,14,0,11,3.7,3,1,0,,,IosiAn00
246,John Metchie,25,NYJ,WR,9,7,3,-5,0,-6,-2,1,0.3,0,,,MetcJo00
247,Jalen Milroe,23,SEA,QB,3,0,3,4,0,1,0.3,3,1,0,,,MilrJa00
248,Kalel Mullings,23,TEN,RB,9,0,3,7,2,4,1.3,3,1,0,,,MullKa00
249,Jayden Reed,25,GNB,WR,7,3,3,28,1,16,5.3,12,4,1,3,,ReedJa03
250,Craig Reynolds,29,DET,RB,7,0,3,4,0,4,1.3,0,0,0,,,ReynCr00
251,Wan'Dale Robinson,24,NYG,WR,16,15,3,5,1,1,0.3,4,1.3,0,,,RobiWa01
252,Amon-Ra St. Brown,26,DET,WR,17,17,3,9,1,3,1,6,2,0,,PBAP-2,StxxAm00
253,Brian Thomas,23,JAX,WR,14,14,3,21,2,21,7,0,0,0,,,ThomBr06
254,Jordan Whittington,25,LAR,WR,17,6,3,12,0,12,4,0,0,0,,,WhitJo04
255,Isaiah Williams,24,NYJ,WR,15,2,3,34,1,27,9,7,2.3,0,,,WillIs03
256,Zach Wilson,26,MIA,QB,4,0,3,1,0,1,0.3,0,0,0,,,WilsZa00
257,Owen Wright,26,TAM,RB,3,0,3,6,0,6,2,0,0,0,,,WrigOw00
258,DeeJay Dallas,27,2TM,RB,6,0,3,21,1,18,6,3,1,0,,,DallDe00
258,DeeJay Dallas,27,CAR,RB,3,0,1,0,0,0,0,0,0,0,,,DallDe00
258,DeeJay Dallas,27,JAX,RB,3,0,2,21,1,18,9,3,1.5,0,,,DallDe00
259,Jordan Addison,23,MIN,WR,14,12,2,81,2,65,32.5,16,8,1,2,,AddiJo00
260,Tyson Bagent,25,CHI,QB,3,0,2,7,0,7,3.5,0,0,0,,,BageTy00
261,Brock Bowers,23,LVR,TE,12,8,2,2,0,-1,-0.5,3,1.5,0,,PB,BoweBr01
262,Nico Collins,26,HOU,WR,15,15,2,15,1,8,4,7,3.5,0,,PB,CollNi00
263,Derius Davis,25,LAC,WR,11,0,2,5,0,1,0.5,4,2,0,,,DaviDe02
264,Josh Downs,24,IND,WR,16,11,2,-2,0,-4,-2,2,1,0,,,DownJo00
265,Emeka Egbuka,23,TAM,WR,17,13,2,9,0,9,4.5,0,0,0,,AP ORoY-5,EgbuEm01
266,Feleipe Franks,28,ATL,TE,17,0,2,4,2,2,1,2,1,0,,,FranFe00
267,Reggie Gilliam,28,BUF,FB,17,2,2,4,1,0,0,4,2,0,,,GillRe00
268,Tre Harris,23,LAC,WR,17,10,2,10,0,5,2.5,5,2.5,0,,,HarrTr03
269,Nyheim Hines,29,LAC,RB,3,0,2,-2,0,-3,-1.5,1,0.5,0,,,HineNy00
270,Alec Ingold,29,MIA,FB,17,10,2,9,1,3,1.5,6,3,1,2,,IngoAl01
271,Justin Jefferson,26,MIN,WR,17,17,2,7,0,5,2.5,2,1,0,,,JeffJu00
272,Amar Johnson,22,LAC,RB,2,0,2,8,0,3,1.5,5,2.5,0,,,JohnAm00
273,Kameron Johnson,23,TAM,WR,17,0,2,13,1,13,6.5,0,0,0,,,JohnKa01
274,Roschon Johnson,24,CHI,RB,7,0,2,17,1,6,3,11,5.5,0,,,JohnRo07
275,Quentin Johnston,24,LAC,WR,14,10,2,7,0,5,2.5,2,1,0,,,JohnQu02
276,Kyle Juszczyk,34,SFO,FB,17,17,2,-3,0,-3,-1.5,0,0,0,,PBAP-1,JuszKy00
277,D.K. Metcalf,28,PIT,WR,15,15,2,12,1,10,5,2,1,0,,,MetcDK00
278,Kendall Milton,23,CIN,RB,1,0,2,2,0,2,1,0,0,0,,,MiltKe01
279,Skyy Moore,25,SFO,WR,17,0,2,11,1,9,4.5,2,1,0,,,MoorSk01
280,Jalen Nailor,26,MIN,WR,17,8,2,13,1,1,0.5,12,6,0,,,NailJa00
281,Ricky Pearsall,25,SFO,WR,9,9,2,-2,0,-9,-4.5,7,3.5,2,1,,PearRi00
282,Kalif Raymond,31,DET,WR,15,3,2,19,1,6,3,13,6.5,0,,,RaymKa00
283,Philip Rivers,44,IND,QB,3,3,2,-1,0,-1,-0.5,0,0,0,,,RivePh00
284,Jacob Saylors,24,DET,RB,16,0,2,11,1,5,2.5,6,3,1,2,,SaylJa00
285,Jaylen Waddle,27,MIA,WR,16,16,2,28,1,25,12.5,3,1.5,0,,,WaddJa00
286,Ke'Shawn Williams,24,CIN,WR,3,0,2,10,0,6,3,4,2,0,,,WillKe08
287,Kyle Williams,23,NWE,WR,17,0,2,3,0,3,1.5,0,0,0,,,WillKy03
288,Brandon Aubrey,30,DAL,K,17,0,1,6,1,6,6,0,0,0,,PBAP-2,AubrBr00
289,Andrew Beck,29,NYJ,FB,17,2,1,5,1,5,5,0,0,0,,,BeckAn01
290,Ulysses Bentley,25,IND,RB,1,0,1,0,0,0,0,0,0,0,,,BentUl00
291,Shane Buechele,27,KAN,QB,1,0,1,4,0,4,4,0,0,0,,,BuecSh00
292,Tyler Conklin,30,LAC,TE,13,5,1,2,1,2,2,0,0,0,,,ConkTy00
293,Malik Cunningham,27,DET,WR,1,0,1,1,0,0,0,1,1,0,,,CunnMa00
294,Greg Dulcich,25,MIA,TE,10,3,1,-7,0,-7,-7,0,0,0,,,DulcGr00
295,Evan Engram,31,DEN,TE,16,2,1,7,0,6,6,1,1,0,,,EngrEv00
296,Mitchell Evans,22,CAR,TE,17,10,1,1,1,0,0,1,1,0,,,EvanMi01
297,Jake Ferguson,26,DAL,TE,17,10,1,1,0,0,0,1,1,0,,PB,FergJa00
298,Terrance Ferguson,22,LAR,TE,14,3,1,0,0,0,0,0,0,0,,,FergTe00
299,Jamie Gillan,28,NYG,P,16,0,1,-13,0,-13,-13,0,0,0,,,GillJa00
300,T.J. Hockenson,28,MIN,TE,15,15,1,0,0,0,0,0,0,0,,,HockTJ00
301,Mack Hollins,32,NWE,WR,15,13,1,4,0,4,4,0,0,0,,,HollMa00
302,Travis Homer,27,CHI,RB,10,0,1,-2,0,-2,-2,0,0,0,,,HomeTr00
303,Travis Hunter,22,JAX,WR,7,4,1,0,0,0,0,0,0,0,,,HuntTr00
304,Shedrick Jackson,26,LVR,WR,5,0,1,3,0,2,2,1,1,0,,,JackSh01
305,Jerry Jeudy,26,CLE,WR,17,16,1,5,1,4,4,1,1,0,,,JeudJe00
306,Travis Kelce,36,KAN,TE,17,17,1,1,0,1,1,0,0,0,,PB,KelcTr00
307,George Kittle,32,SFO,TE,11,11,1,-3,0,-3,-3,0,0,0,,PB,KittGe00
308,Tucker Kraft,25,GNB,TE,8,8,1,3,0,3,3,0,0,0,,,KrafTu00
309,CeeDee Lamb,26,DAL,WR,14,13,1,2,0,0,0,2,2,0,,PB,LambCe00
310,Jaylin Lane,23,WAS,WR,15,4,1,7,0,5,5,2,2,0,,,LaneJa00
311,Gage Larvadain,23,CLE,WR,13,0,1,3,0,3,3,0,0,0,,,LarvGa00
312,Xavier Legette,24,CAR,WR,15,12,1,0,0,0,0,0,0,0,,,LegeXa00
313,Colston Loveland,21,CHI,TE,16,11,1,-2,0,-2,-2,0,0,0,,,LoveCo00
314,Braden Mann,28,PHI,P,17,0,1,-34,0,-34,-34,0,0,0,,,MannBr01
315,Adrian Martinez,25,SFO,QB,1,0,1,-1,0,-1,-1,0,0,0,,,MartAd00
316,Jalen McMillan,24,TAM,WR,4,2,1,1,0,0,0,1,1,0,,,McMiJa01
317,Adonai Mitchell,23,NYJ,WR,8,4,1,-4,0,-4,-4,0,0,0,,,MitcAd00
318,Chris Moore,32,WAS,WR,14,5,1,9,0,7,7,2,2,0,,,MoorCh00
319,David Moore,30,CAR,WR,4,2,1,12,1,6,6,6,6,0,,,MoorDa03
320,Aidan O'Connell,27,LVR,QB,1,0,1,7,0,7,7,0,0,0,,,OConAi00
321,Chris Olave,25,NOR,WR,16,16,1,-3,0,-3,-3,0,0,0,,AP-2,OlavCh00
322,Isaiah Pola-Mao,26,LVR,S,17,17,1,3,0,2,2,1,1,0,,,PolaIs00
323,Nikko Remigio,26,KAN,WR,14,0,1,11,1,8,8,3,3,0,,,RemiNi00
324,Patrick Ricard,31,BAL,FB,11,5,1,3,1,2,2,1,1,0,,PBAP-2,RicaPa00
325,Demarcus Robinson,31,SFO,WR,14,2,1,6,0,4,4,2,2,0,,,RobiDe01
326,Drew Sample,29,CIN,TE,17,12,1,3,0,1,1,2,2,0,,,SampDr00
327,Khalil Shakir,25,BUF,WR,16,10,1,5,0,5,5,0,0,0,,,ShakKh00
328,Jarrett Stidham,29,DEN,QB,1,0,1,-1,0,-1,-1,0,0,0,,,StidJa00
329,Grant Stuard,27,DET,LB,17,0,1,0,0,0,0,0,0,0,,,StuaGr00
330,Rodney Thomas II,27,IND,S,17,0,1,3,1,1,1,2,2,0,,,ThomRo07
331,Deven Thompkins,26,ATL,WR,7,0,1,5,0,4,4,1,1,0,,,ThomDe07
332,Sione Vaki,24,DET,RB,11,0,1,4,0,2,2,2,2,0,,,VakiSi00
333,Darren Waller,33,MIA,TE,9,3,1,4,1,1,1,3,3,0,,,WallDa01
334,Christian Watson,26,GNB,WR,10,10,1,3,0,3,3,0,0,0,,,WatsCh00
335,Dontayvion Wicks,24,GNB,WR,14,7,1,6,0,4,4,2,2,0,,,WickDo00
,League Average,,,,,,,,,,2.5,,1.8,,16.4,,-9999