pick,player,rooms,pos,tm,adp,vbd,job,job_worth,g2025,call
8,Puka Nacua,6/12,WR,LAR,5.3,131.3,contested,215.0,16,yes
8,Christian McCaffrey,4/12,RB,SF,7.5,134.9,LEAD BACK,303.0,17,yes
17,Josh Allen,5/12,QB,BUF,20.8,80.3,LEAD BACK,262.0,16,NO
17,James Cook III,3/12,RB,BUF,11.4,93.0,LEAD BACK,262.0,17,yes
32,Breece Hall,8/12,RB,NYJ,34.8,79.5,LEAD BACK,248.0,16,yes
41,D'Andre Swift,5/12,RB,CHI,59.2,27.8,UNSETTLED,196.0,16,NO
41,Tyler Warren,4/12,TE,IND,51.4,28.1,LEAD BACK,291.0,17,yes
41,Quinshon Judkins,3/12,RB,CLE,52.5,41.8,contested,211.0,14,yes
41,Joe Burrow,3/12,QB,CIN,56.5,28.9,contested,240.0,8,yes
56,Matthew Stafford,8/12,QB,LAR,86.1,21.2,contested,215.0,17,yes
56,Bhayshul Tuten,4/12,RB,JAX,68.0,19.8,contested,188.0,15,yes
56,Jadarian Price,4/12,RB,SEA,72.8,11.9,UNSETTLED,180.0,-1,yes
56,Jameson Williams,3/12,WR,DET,65.8,12.7,LEAD BACK,331.0,17,yes
56,Sam LaPorta,3/12,TE,DET,72.2,9.1,LEAD BACK,331.0,9,yes
56,David Montgomery,3/12,RB,HOU,66.7,8.3,contested,177.0,17,yes
65,Matthew Stafford,6/12,QB,LAR,86.1,21.2,contested,215.0,17,yes
65,Rico Dowdle,4/12,RB,PIT,99.6,2.8,UNSETTLED,171.0,17,yes
65,Luther Burden III,3/12,WR,CHI,76.5,4.8,UNSETTLED,196.0,15,yes
80,Rico Dowdle,5/12,RB,PIT,99.6,2.8,UNSETTLED,171.0,17,yes
80,Kyle Monangai,4/12,RB,CHI,125.6,-5.3,UNSETTLED,196.0,17,yes
80,Brock Purdy,4/12,QB,SF,105.8,4.8,LEAD BACK,303.0,9,yes
80,Alec Pierce,3/12,WR,IND,104.9,-7.1,LEAD BACK,291.0,15,yes
80,J.K. Dobbins,3/12,RB,DEN,114.2,-4.3,UNSETTLED,164.0,10,yes
80,Mark Andrews,3/12,TE,BAL,123.5,0.0,LEAD BACK,264.0,17,yes
80,Matthew Golden,3/12,WR,GB,106.7,-11.9,LEAD BACK,241.0,14,yes
80,Dallas Goedert,3/12,TE,PHI,101.5,1.4,LEAD BACK,252.0,15,yes
89,Rico Dowdle,4/12,RB,PIT,99.6,2.8,UNSETTLED,171.0,17,yes
89,J.K. Dobbins,4/12,RB,DEN,114.2,-4.3,UNSETTLED,164.0,10,yes
89,Kyle Monangai,4/12,RB,CHI,125.6,-5.3,UNSETTLED,196.0,17,yes
89,Tony Pollard,3/12,RB,TEN,98.7,2.3,UNSETTLED,171.0,17,NO
89,Mark Andrews,3/12,TE,BAL,123.5,0.0,LEAD BACK,264.0,17,yes
89,Jared Goff,3/12,QB,DET,136.3,-15.2,LEAD BACK,331.0,17,yes
89,Aaron Jones Sr.,3/12,RB,MIN,123.6,-15.1,UNSETTLED,153.0,12,yes
89,Justin Herbert,3/12,QB,LAC,97.4,-7.1,LEAD BACK,236.0,16,yes
89,Brock Purdy,3/12,QB,SF,105.8,4.8,LEAD BACK,303.0,9,yes
104,Jared Goff,6/12,QB,DET,136.3,-15.2,LEAD BACK,331.0,17,yes
104,Kyle Monangai,6/12,RB,CHI,125.6,-5.3,UNSETTLED,196.0,17,yes
104,Hunter Henry,6/12,TE,NE,147.6,-18.3,UNSETTLED,182.0,17,yes
104,Xavier Worthy,5/12,WR,KC,126.6,-18.0,LEAD BACK,250.0,14,yes
104,Jordan Addison,5/12,WR,MIN,117.2,-23.3,UNSETTLED,153.0,14,yes
104,Kenyon Sadiq,5/12,TE,NYJ,154.8,-17.9,LEAD BACK,248.0,-1,yes
104,Jacory Croskey-Merritt,5/12,RB,WAS,133.8,-17.2,UNSETTLED,151.0,17,yes
104,Mark Andrews,4/12,TE,BAL,123.5,0.0,LEAD BACK,264.0,17,yes
104,Dalton Kincaid,4/12,TE,BUF,131.2,-14.5,LEAD BACK,262.0,12,NO
104,Chuba Hubbard,4/12,RB,CAR,115.0,-16.3,UNSETTLED,154.0,15,NO
104,Aaron Jones Sr.,4/12,RB,MIN,123.6,-15.1,UNSETTLED,153.0,12,yes
104,J.K. Dobbins,3/12,RB,DEN,114.2,-4.3,UNSETTLED,164.0,10,yes
104,T.J. Hockenson,3/12,TE,MIN,141.0,-20.9,UNSETTLED,153.0,15,yes
104,Jonathon Brooks,3/12,RB,CAR,110.6,-14.2,UNSETTLED,154.0,-1,yes
104,Kenny Gainwell,3/12,RB,TB,110.2,-16.9,UNSETTLED,189.0,17,yes
104,Isaiah Likely,3/12,TE,NYG,125.4,-16.3,contested,205.0,12,yes
104,Rachaad White,3/12,RB,WAS,130.3,-24.1,UNSETTLED,151.0,17,NO
104,Jakobi Meyers,3/12,WR,JAX,118.1,-16.5,contested,188.0,16,yes
113,Kyle Monangai,6/12,RB,CHI,125.6,-5.3,UNSETTLED,196.0,17,yes
113,Jared Goff,6/12,QB,DET,136.3,-15.2,LEAD BACK,331.0,17,yes
113,Hunter Henry,5/12,TE,NE,147.6,-18.3,UNSETTLED,182.0,17,yes
113,Kenyon Sadiq,4/12,TE,NYJ,154.8,-17.9,LEAD BACK,248.0,-1,yes
113,Xavier Worthy,4/12,WR,KC,126.6,-18.0,LEAD BACK,250.0,14,yes
113,Rachaad White,4/12,RB,WAS,130.3,-24.1,UNSETTLED,151.0,17,NO
113,Jacory Croskey-Merritt,4/12,RB,WAS,133.8,-17.2,UNSETTLED,151.0,17,yes
113,T.J. Hockenson,3/12,TE,MIN,141.0,-20.9,UNSETTLED,153.0,15,yes
113,Jordan Mason,3/12,RB,MIN,139.1,-24.8,UNSETTLED,153.0,16,yes
113,Jordan Addison,3/12,WR,MIN,117.2,-23.3,UNSETTLED,153.0,14,yes
113,Kenny Gainwell,3/12,RB,TB,110.2,-16.9,UNSETTLED,189.0,17,yes
113,Isaiah Likely,3/12,TE,NYG,125.4,-16.3,contested,205.0,12,yes
113,Mark Andrews,3/12,TE,BAL,123.5,0.0,LEAD BACK,264.0,17,yes
113,Brenton Strange,3/12,TE,JAX,167.7,-27.4,contested,188.0,12,NO
128,Jared Goff,5/12,QB,DET,136.3,-15.2,LEAD BACK,331.0,17,yes
128,Rachaad White,5/12,RB,WAS,130.3,-24.1,UNSETTLED,151.0,17,NO
128,Jacory Croskey-Merritt,5/12,RB,WAS,133.8,-17.2,UNSETTLED,151.0,17,yes
128,Jordan Mason,4/12,RB,MIN,139.1,-24.8,UNSETTLED,153.0,16,yes
128,Brenton Strange,4/12,TE,JAX,167.7,-27.4,contested,188.0,12,NO
128,Khalil Shakir,4/12,WR,BUF,132.5,-27.5,LEAD BACK,262.0,16,NO
128,Xavier Worthy,3/12,WR,KC,126.6,-18.0,LEAD BACK,250.0,14,yes
128,Jordan Addison,3/12,WR,MIN,117.2,-23.3,UNSETTLED,153.0,14,yes
128,Hunter Henry,3/12,TE,NE,147.6,-18.3,UNSETTLED,182.0,17,yes
128,Kenyon Sadiq,3/12,TE,NYJ,154.8,-17.9,LEAD BACK,248.0,-1,yes
128,Makai Lemon,3/12,WR,PHI,136.8,-35.2,LEAD BACK,252.0,-1,yes
128,Terrance Ferguson,3/12,TE,LAR,166.9,-27.5,contested,215.0,11,yes
128,Kyle Monangai,3/12,RB,CHI,125.6,-5.3,UNSETTLED,196.0,17,yes
128,Baker Mayfield,3/12,QB,TB,146.7,-28.0,UNSETTLED,189.0,17,yes
137,Jared Goff,4/12,QB,DET,136.3,-15.2,LEAD BACK,331.0,17,yes
137,Deebo Samuel Sr.,3/12,WR,SF,135.8,-28.4,LEAD BACK,303.0,16,NO
137,Chuba Hubbard,3/12,RB,CAR,115.0,-16.3,UNSETTLED,154.0,15,NO
137,Hunter Henry,3/12,TE,NE,147.6,-18.3,UNSETTLED,182.0,17,yes
