team,pos,depth,player,name_key,gsis_id,espn_id,as_of
ARI,QB,1,Jacoby Brissett,jacobybrissett,00-0033119,2578570,2026-10-02T06:02:14Z
ARI,QB,2,Gardner Minshew II,gardnerminshew,00-0035289,4038524,2026-10-02T06:02:14Z
ARI,QB,3,Carson Beck,carsonbeck,00-0041561,4430841,2026-10-02T06:02:14Z
ARI,RB,1,Jeremiyah Love,jeremiyahlove,00-0041027,4870808,2026-10-02T06:02:14Z
ARI,RB,2,Tyler Allgeier,tylerallgeier,00-0037263,4373626,2026-10-02T06:02:14Z
ARI,RB,3,Bam Knight,bamknight,00-0037157,4427728,2026-10-02T06:02:14Z
ARI,RB,4,James Conner,jamesconner,00-0033553,3045147,2026-10-02T06:02:14Z
ARI,RB,5,Trey Benson,treybenson,00-0039921,4429275,2026-10-02T06:02:14Z
ARI,WR,1,Michael Wilson,michaelwilson,00-0038559,4360761,2026-10-02T06:02:14Z
ARI,WR,2,Marvin Harrison Jr.,marvinharrison,00-0039849,4432708,2026-10-02T06:02:14Z
ARI,WR,3,Kendrick Bourne,kendrickbourne,00-0033307,3045523,2026-10-02T06:02:14Z
ARI,WR,4,Jalen Brooks,jalenbrooks,00-0038640,4692835,2026-10-02T06:02:14Z
ARI,WR,5,Simi Fehoko,simifehoko,00-0036646,4360739,2026-10-02T06:02:14Z
ARI,WR,6,Devin Duvernay,devinduvernay,00-0036331,4039050,2026-10-02T06:02:14Z
ARI,WR,7,Reggie Virgil,reggievirgil,00-0041070,4869132,2026-10-02T06:02:14Z
ARI,TE,1,Trey McBride,treymcbride,00-0037744,4361307,2026-10-02T06:02:14Z
ARI,TE,2,Elijah Higgins,elijahhiggins,00-0039041,4426844,2026-10-02T06:02:14Z
ARI,TE,3,Hunter Long,hunterlong,00-0037004,4239944,2026-10-02T06:02:14Z
ARI,TE,4,Tip Reiman,tipreiman,00-0039737,4696700,2026-10-02T06:02:14Z
ARI,TE,5,Jameson Geers,jamesongeers,00-0041366,4588298,2026-10-02T06:02:14Z
ATL,QB,1,Michael Penix Jr.,michaelpenix,00-0039917,4360423,2026-10-02T06:02:14Z
ATL,QB,2,Tua Tagovailoa,tuatagovailoa,00-0036212,4241479,2026-10-02T06:02:14Z
ATL,QB,3,Cooper Rush,cooperrush,00-0033662,2972515,2026-10-02T06:02:14Z
ATL,QB,4,Jack Strand,jackstrand,00-0041194,5344782,2026-10-02T06:02:14Z
ATL,RB,1,Bijan Robinson,bijanrobinson,00-0038542,4430807,2026-10-02T06:02:14Z
ATL,RB,2,Brian Robinson Jr.,brianrobinson,00-0037746,4241474,2026-10-02T06:02:14Z
ATL,RB,3,Trey Sermon,treysermon,00-0036984,4241401,2026-10-02T06:02:14Z
ATL,WR,1,Drake London,drakelondon,00-0037238,4426502,2026-10-02T06:02:14Z
ATL,WR,2,Jahan Dotson,jahandotson,00-0037741,4361409,2026-10-02T06:02:14Z
ATL,WR,3,Olamide Zaccheaus,olamidezaccheaus,00-0035208,3917914,2026-10-02T06:02:14Z
ATL,WR,4,Zachariah Branch,zachariahbranch,00-0041044,4870612,2026-10-02T06:02:14Z
ATL,WR,5,Chris Blair,chrisblair,00-0036463,4369886,2026-10-02T06:02:14Z
ATL,WR,6,Beaux Collins,beauxcollins,00-0040432,4431210,2026-10-02T06:02:14Z
ATL,TE,1,Kyle Pitts Sr.,kylepitts,00-0036970,4360248,2026-10-02T06:02:14Z
ATL,TE,2,Charlie Woerner,charliewoerner,00-0036429,4035020,2026-10-02T06:02:14Z
ATL,TE,3,Austin Hooper,austinhooper,00-0032392,3043275,2026-10-02T06:02:14Z
ATL,TE,4,Nick Muse,nickmuse,00-0037317,4249624,2026-10-02T06:02:14Z
BAL,QB,1,Lamar Jackson,lamarjackson,00-0034796,3916387,2026-10-02T06:02:14Z
BAL,QB,2,Tyler Huntley,tylerhuntley,00-0035993,4035671,2026-10-02T06:02:14Z
BAL,QB,3,Joe Fagnano,joefagnano,00-0040981,4429582,2026-10-02T06:02:14Z
BAL,QB,4,Skylar Thompson,skylarthompson,00-0037327,4036419,2026-10-02T06:02:14Z
BAL,RB,1,Derrick Henry,derrickhenry,00-0032764,3043078,2026-10-02T06:02:14Z
BAL,RB,2,Justice Hill,justicehill,00-0034975,4038441,2026-10-02T06:02:14Z
BAL,RB,3,Rasheen Ali,rasheenali,00-0039796,4690013,2026-10-02T06:02:14Z
BAL,RB,4,Adam Randall,adamrandall,00-0040888,4685526,2026-10-02T06:02:14Z
BAL,WR,1,Zay Flowers,zayflowers,00-0039064,4429615,2026-10-02T06:02:14Z
BAL,WR,2,Rashod Bateman,rashodbateman,00-0036550,4360939,2026-10-02T06:02:14Z
BAL,WR,3,Devontez Walker,devontezwalker,00-0039792,4696882,2026-10-02T06:02:14Z
BAL,WR,4,Chris Moore,chrismoore,00-0032398,2576581,2026-10-02T06:02:14Z
BAL,WR,5,LaJohntay Wester,lajohntaywester,00-0040075,4690143,2026-10-02T06:02:14Z
BAL,WR,6,Elijah Sarratt,elijahsarratt,00-0040876,5088338,2026-10-02T06:02:14Z
BAL,WR,7,Ja'Kobi Lane,jakobilane,00-0040870,4870847,2026-10-02T06:02:14Z
BAL,TE,1,Mark Andrews,markandrews,00-0034753,3116365,2026-10-02T06:02:14Z
BAL,TE,2,Durham Smythe,durhamsmythe,00-0034798,3052897,2026-10-02T06:02:14Z
BAL,TE,3,Matthew Hibner,matthewhibner,00-0040879,4432260,2026-10-02T06:02:14Z
BAL,TE,4,Josh Cuevas,joshcuevas,00-0040887,4876132,2026-10-02T06:02:14Z
BUF,QB,1,Josh Allen,joshallen,00-0034857,3918298,2026-10-02T06:02:14Z
BUF,QB,2,Kyle Allen,kyleallen,00-0034577,3115293,2026-10-02T06:02:14Z
BUF,RB,1,James Cook III,jamescook,00-0037248,4379399,2026-10-02T06:02:14Z
BUF,RB,2,Ty Johnson,tyjohnson,00-0035537,3915411,2026-10-02T06:02:14Z
BUF,RB,3,Ray Davis,raydavis,00-0039875,4429501,2026-10-02T06:02:14Z
BUF,WR,1,DJ Moore,djmoore,00-0034827,3915416,2026-10-02T06:02:14Z
BUF,WR,2,Khalil Shakir,khalilshakir,00-0037261,4373678,2026-10-02T06:02:14Z
BUF,WR,3,Keon Coleman,keoncoleman,00-0039901,4635008,2026-10-02T06:02:14Z
BUF,WR,4,Joshua Palmer,joshuapalmer,00-0036988,4242433,2026-10-02T06:02:14Z
BUF,WR,5,Greg Dortch,gregdortch,00-0035500,4037235,2026-10-02T06:02:14Z
BUF,WR,6,Skyler Bell,skylerbell,00-0041443,4683153,2026-10-02T06:02:14Z
BUF,WR,7,Tyrell Shavers,tyrellshavers,00-0038679,4241476,2026-10-02T06:02:14Z
BUF,TE,1,Dalton Kincaid,daltonkincaid,00-0038933,4385690,2026-10-02T06:02:14Z
BUF,TE,2,Dawson Knox,dawsonknox,00-0035689,3930086,2026-10-02T06:02:14Z
BUF,TE,3,Jackson Hawes,jacksonhawes,00-0040194,4573699,2026-10-02T06:02:14Z
BUF,TE,4,Keleki Latu,kelekilatu,00-0040363,4688552,2026-10-02T06:02:14Z
CAR,QB,1,Bryce Young,bryceyoung,00-0039150,4685720,2026-10-02T06:02:14Z
CAR,QB,2,Kenny Pickett,kennypickett,00-0038102,4240703,2026-10-02T06:02:14Z
CAR,QB,3,Haynes King,haynesking,00-0041149,4428993,2026-10-02T06:02:14Z
CAR,RB,1,Chuba Hubbard,chubahubbard,00-0036555,4241416,2026-10-02T06:02:14Z
CAR,RB,2,AJ Dillon,ajdillon,00-0036265,4239934,2026-10-02T06:02:14Z
CAR,RB,3,Anthony Tyus III,anthonytyus,00-0040394,4709392,2026-10-02T06:02:14Z
CAR,RB,4,Trevor Etienne,trevoretienne,00-0040644,4685350,2026-10-02T06:02:14Z
CAR,RB,5,Jonathon Brooks,jonathonbrooks,00-0039344,4678008,2026-10-02T06:02:14Z
CAR,WR,1,Tetairoa McMillan,tetairoamcmillan,00-0040124,4685472,2026-10-02T06:02:14Z
CAR,WR,2,Jalen Coker,jalencoker,00-0039491,4695883,2026-10-02T06:02:14Z
CAR,WR,3,Xavier Legette,xavierlegette,00-0039342,4430034,2026-10-02T06:02:14Z
CAR,WR,4,Brycen Tremayne,brycentremayne,00-0038840,4360763,2026-10-02T06:02:14Z
CAR,WR,5,John Metchie III,johnmetchie,00-0037614,4567096,2026-10-02T06:02:14Z
CAR,WR,6,David Moore,davidmoore,00-0033589,4212909,2026-10-02T06:02:14Z
CAR,WR,7,Chris Brazzell II,chrisbrazzell,00-0041047,5091739,2026-10-02T06:02:14Z
CAR,TE,1,Tommy Tremble,tommytremble,00-0037005,4372780,2026-10-02T06:02:14Z
CAR,TE,2,Darren Waller,darrenwaller,00-0031610,2576925,2026-10-02T06:02:14Z
CAR,TE,3,Mitchell Evans,mitchellevans,00-0040187,4683243,2026-10-02T06:02:14Z
CAR,TE,4,Feleipe Franks,feleipefranks,00-0036825,4034948,2026-10-02T06:02:14Z
CAR,TE,5,Ja'Tavion Sanders,jatavionsanders,00-0039356,4431588,2026-10-02T06:02:14Z
CHI,QB,1,Caleb Williams,calebwilliams,00-0039918,4431611,2026-10-02T06:02:14Z
CHI,QB,2,Case Keenum,casekeenum,00-0028986,15168,2026-10-02T06:02:14Z
CHI,QB,3,Tyson Bagent,tysonbagent,00-0038416,4434153,2026-10-02T06:02:14Z
CHI,RB,1,D'Andre Swift,dandreswift,00-0036275,4259545,2026-10-02T06:02:14Z
CHI,RB,2,Kyle Monangai,kylemonangai,00-0040236,4608686,2026-10-02T06:02:14Z
CHI,RB,3,Roschon Johnson,roschonjohnson,00-0039021,4426386,2026-10-02T06:02:14Z
CHI,RB,4,Brittain Brown,brittainbrown,00-0037329,4036032,2026-10-02T06:02:14Z
CHI,WR,1,Rome Odunze,romeodunze,00-0039919,4431299,2026-10-02T06:02:14Z
CHI,WR,2,Luther Burden III,lutherburden,00-0040735,4685278,2026-10-02T06:02:14Z
CHI,WR,3,Kalif Raymond,kalifraymond,00-0032464,2973405,2026-10-02T06:02:14Z
CHI,WR,4,Zavion Thomas,zavionthomas,00-0041051,4869748,2026-10-02T06:02:14Z
CHI,WR,5,Jahdae Walker,jahdaewalker,00-0040277,5160110,2026-10-02T06:02:14Z
CHI,TE,1,Colston Loveland,colstonloveland,00-0040126,4723086,2026-10-02T06:02:14Z
CHI,TE,2,Cole Kmet,colekmet,00-0036290,4258595,2026-10-02T06:02:14Z
CHI,TE,3,Sam Roush,samroush,00-0041558,4685504,2026-10-02T06:02:14Z
CHI,TE,4,Nikola Kalinic,nikolakalinic,00-0037031,4916349,2026-10-02T06:02:14Z
CHI,TE,5,Hayden Large,haydenlarge,00-0041170,5150662,2026-10-02T06:02:14Z
CIN,QB,1,Joe Burrow,joeburrow,00-0036442,3915511,2026-10-02T06:02:14Z
CIN,QB,2,Joe Flacco,joeflacco,00-0026158,11252,2026-10-02T06:02:14Z
CIN,RB,1,Chase Brown,chasebrown,00-0038597,4362238,2026-10-02T06:02:14Z
CIN,RB,2,Samaje Perine,samajeperine,00-0033526,3116389,2026-10-02T06:02:14Z
CIN,RB,3,Tahj Brooks,tahjbrooks,00-0040208,4429299,2026-10-02T06:02:14Z
CIN,WR,1,Ja'Marr Chase,jamarrchase,00-0036900,4362628,2026-10-02T06:02:14Z
CIN,WR,2,Tee Higgins,teehiggins,00-0036410,4239993,2026-10-02T06:02:14Z
CIN,WR,3,Colbie Young,colbieyoung,00-0041069,5092508,2026-10-02T06:02:14Z
CIN,WR,4,Dohnte Meyers,dohntemeyers,00-0040785,4384852,2026-10-02T06:02:14Z
CIN,WR,5,Mitchell Tinsley,mitchelltinsley,00-0038839,4690070,2026-10-02T06:02:14Z
CIN,WR,6,Andrei Iosivas,andreiiosivas,00-0038619,4368003,2026-10-02T06:02:14Z
CIN,TE,1,Mike Gesicki,mikegesicki,00-0034829,3116164,2026-10-02T06:02:14Z
CIN,TE,2,Drew Sample,drewsample,00-0035631,3127310,2026-10-02T06:02:14Z
CIN,TE,3,Erick All Jr.,erickall,00-0039814,4427834,2026-10-02T06:02:14Z
CIN,TE,4,Tanner Hudson,tannerhudson,00-0034613,3050481,2026-10-02T06:02:14Z
CIN,TE,5,Jack Endries,jackendries,00-0041116,5085189,2026-10-02T06:02:14Z
CLE,QB,1,Deshaun Watson,deshaunwatson,00-0033537,3122840,2026-10-02T06:02:14Z
CLE,QB,2,Shedeur Sanders,shedeursanders,00-0040668,4432762,2026-10-02T06:02:14Z
CLE,QB,3,Taylen Green,taylengreen,00-0041092,4431325,2026-10-02T06:02:14Z
CLE,QB,4,Dillon Gabriel,dillongabriel,00-0040704,4427238,2026-10-02T06:02:14Z
CLE,RB,1,Quinshon Judkins,quinshonjudkins,00-0040784,4685702,2026-10-02T06:02:14Z
CLE,RB,2,Raheim Sanders,raheimsanders,00-0040466,4601080,2026-10-02T06:02:14Z
CLE,RB,3,Jaleel McLaughlin,jaleelmclaughlin,00-0038794,4722893,2026-10-02T06:02:14Z
CLE,RB,4,Dylan Sampson,dylansampson,00-0040162,5081397,2026-10-02T06:02:14Z
CLE,WR,1,Denzel Boston,denzelboston,00-0041037,4832800,2026-10-02T06:02:14Z
CLE,WR,2,KC Concepcion,kcconcepcion,00-0041547,4870653,2026-10-02T06:02:14Z
CLE,WR,3,Jerry Jeudy,jerryjeudy,00-0036407,4241463,2026-10-02T06:02:14Z
CLE,WR,4,Isaiah Bond,isaiahbond,00-0040782,4808839,2026-10-02T06:02:14Z
CLE,WR,5,Tylan Wallace,tylanwallace,00-0036630,4241424,2026-10-02T06:02:14Z
CLE,WR,6,Malachi Corley,malachicorley,00-0039920,4613104,2026-10-02T06:02:14Z
CLE,TE,1,Harold Fannin Jr.,haroldfannin,00-0040663,5083076,2026-10-02T06:02:14Z
CLE,TE,2,Blake Whiteheart,blakewhiteheart,00-0038710,4362018,2026-10-02T06:02:14Z
CLE,TE,3,Carsen Ryan,carsenryan,00-0041131,4685540,2026-10-02T06:02:14Z
CLE,TE,4,Joe Royer,joeroyer,00-0041087,4565859,2026-10-02T06:02:14Z
DAL,QB,1,Dak Prescott,dakprescott,00-0033077,2577417,2026-10-02T06:02:14Z
DAL,QB,2,Sam Howell,samhowell,00-0037077,4426875,2026-10-02T06:02:14Z
DAL,RB,1,Javonte Williams,javontewilliams,00-0036997,4361579,2026-10-02T06:02:14Z
DAL,RB,2,Tyler Goodson,tylergoodson,00-0037120,4429676,2026-10-02T06:02:14Z
DAL,RB,3,Emari Demercado,emaridemercado,00-0038705,4362478,2026-10-02T06:02:14Z
DAL,RB,4,Malik Davis,malikdavis,00-0037563,4240603,2026-10-02T06:02:14Z
DAL,WR,1,CeeDee Lamb,ceedeelamb,00-0036358,4241389,2026-10-02T06:02:14Z
DAL,WR,2,George Pickens,georgepickens,00-0037247,4426354,2026-10-02T06:02:14Z
DAL,WR,3,Ryan Flournoy,ryanflournoy,00-0039410,5083754,2026-10-02T06:02:14Z
DAL,WR,4,KaVontae Turpin,kavontaeturpin,00-0037801,3676833,2026-10-02T06:02:14Z
DAL,WR,5,Jonathan Mingo,jonathanmingo,00-0039062,4426485,2026-10-02T06:02:14Z
DAL,WR,6,Camden Brown,camdenbrown,00-0040930,4808759,2026-10-02T06:02:14Z
DAL,TE,1,Jake Ferguson,jakeferguson,00-0038041,4242355,2026-10-02T06:02:14Z
DAL,TE,2,Brevyn Spann-Ford,brevynspannford,00-0039530,4360967,2026-10-02T06:02:14Z
DAL,TE,3,Luke Schoonmaker,lukeschoonmaker,00-0038547,4372096,2026-10-02T06:02:14Z
DAL,TE,4,Princeton Fant,princetonfant,00-0038735,4242442,2026-10-02T06:02:14Z
DAL,TE,5,DJ Rogers,djrogers,00-0040938,4710711,2026-10-02T06:02:14Z
DEN,QB,1,Bo Nix,bonix,00-0039732,4426338,2026-10-02T06:02:14Z
DEN,QB,2,Jarrett Stidham,jarrettstidham,00-0035264,3892775,2026-10-02T06:02:14Z
DEN,QB,3,Sam Ehlinger,samehlinger,00-0036879,4241820,2026-10-02T06:02:14Z
DEN,RB,1,J.K. Dobbins,jkdobbins,00-0036158,4241985,2026-10-02T06:02:14Z
DEN,RB,2,RJ Harvey,rjharvey,00-0040730,4568490,2026-10-02T06:02:14Z
DEN,RB,3,Tyler Badie,tylerbadie,00-0037085,4362748,2026-10-02T06:02:14Z
DEN,RB,4,Jonah Coleman,jonahcoleman,00-0041496,4702555,2026-10-02T06:02:14Z
DEN,WR,1,Jaylen Waddle,jaylenwaddle,00-0036613,4372016,2026-10-02T06:02:14Z
DEN,WR,2,Courtland Sutton,courtlandsutton,00-0034348,3128429,2026-10-02T06:02:14Z
DEN,WR,3,Pat Bryant,patbryant,00-0040134,4600981,2026-10-02T06:02:14Z
DEN,WR,4,Marvin Mims Jr.,marvinmims,00-0038976,4686472,2026-10-02T06:02:14Z
DEN,WR,5,Troy Franklin,troyfranklin,00-0039868,4431280,2026-10-02T06:02:14Z
DEN,WR,6,Lil'Jordan Humphrey,liljordanhumphrey,00-0035406,4039057,2026-10-02T06:02:14Z
DEN,TE,1,Evan Engram,evanengram,00-0033881,3051876,2026-10-02T06:02:14Z
DEN,TE,2,Adam Trautman,adamtrautman,00-0036422,3911853,2026-10-02T06:02:14Z
DEN,TE,3,Nate Adkins,nateadkins,00-0038783,4383440,2026-10-02T06:02:14Z
DEN,TE,4,Dallen Bentley,dallenbentley,00-0041133,5159802,2026-10-02T06:02:14Z
DEN,TE,5,Caleb Lohner,caleblohner,00-0040240,4432208,2026-10-02T06:02:14Z
DET,QB,1,Jared Goff,jaredgoff,00-0033106,3046779,2026-10-02T06:02:14Z
DET,QB,2,Joshua Dobbs,joshuadobbs,00-0033949,3044720,2026-10-02T06:02:14Z
DET,RB,1,Jahmyr Gibbs,jahmyrgibbs,00-0039139,4429795,2026-10-02T06:02:14Z
DET,RB,2,Sione Vaki,sionevaki,00-0039364,4912274,2026-10-02T06:02:14Z
DET,RB,3,Jacob Saylors,jacobsaylors,00-0038896,4383429,2026-10-02T06:02:14Z
DET,RB,4,Isiah Pacheco,isiahpacheco,00-0037197,4361529,2026-10-02T06:02:14Z
DET,WR,1,Amon-Ra St. Brown,amonrastbrown,00-0036963,4374302,2026-10-02T06:02:14Z
DET,WR,2,Jameson Williams,jamesonwilliams,00-0037240,4426388,2026-10-02T06:02:14Z
DET,WR,3,Isaac TeSlaa,isaacteslaa,00-0040669,5123663,2026-10-02T06:02:14Z
DET,WR,4,Tom Kennedy,tomkennedy,00-0035544,3126997,2026-10-02T06:02:14Z
DET,WR,5,Tay Martin,taymartin,00-0037524,4245144,2026-10-02T06:02:14Z
DET,WR,6,Kendrick Law,kendricklaw,00-0041446,4685441,2026-10-02T06:02:14Z
DET,TE,1,Sam LaPorta,samlaporta,00-0039065,4430027,2026-10-02T06:02:14Z
DET,TE,2,Brock Wright,brockwright,00-0036754,4242392,2026-10-02T06:02:14Z
DET,TE,3,Jackson Meeks,jacksonmeeks,00-0040390,4602788,2026-10-02T06:02:14Z
DET,TE,4,Tyler Conklin,tylerconklin,00-0034270,3915486,2026-10-02T06:02:14Z
GB,QB,1,Jordan Love,jordanlove,00-0036264,4036378,2026-10-02T06:02:14Z
GB,QB,2,Tyrod Taylor,tyrodtaylor,00-0028118,14163,2026-10-02T06:02:14Z
GB,RB,1,Kaleb Johnson,kalebjohnson,00-0040142,4819231,2026-10-02T06:02:14Z
GB,RB,2,MarShawn Lloyd,marshawnlloyd,00-0039811,4429023,2026-10-02T06:02:14Z
GB,RB,3,Chris Brooks,chrisbrooks,00-0038685,3149687,2026-10-02T06:02:14Z
GB,RB,4,Josh Jacobs,joshjacobs,00-0035700,4047365,2026-10-02T06:02:14Z
GB,WR,1,Christian Watson,christianwatson,00-0038124,4248528,2026-10-02T06:02:14Z
GB,WR,2,Matthew Golden,matthewgolden,00-0040667,4701936,2026-10-02T06:02:14Z
GB,WR,3,Skyy Moore,skyymoore,00-0038090,4430191,2026-10-02T06:02:14Z
GB,WR,4,Bo Melton,bomelton,00-0037091,4259305,2026-10-02T06:02:14Z
GB,WR,5,J. Michael Sturdivant,jmichaelsturdivant,00-0040948,4635009,2026-10-02T06:02:14Z
GB,WR,6,Savion Williams,savionwilliams,00-0040009,4431487,2026-10-02T06:02:14Z
GB,WR,7,Jayden Reed,jaydenreed,00-0039146,4362249,2026-10-02T06:02:14Z
GB,TE,1,Tucker Kraft,tuckerkraft,00-0038996,4572680,2026-10-02T06:02:14Z
GB,TE,2,Jonnu Smith,jonnusmith,00-0033858,3054212,2026-10-02T06:02:14Z
GB,TE,3,Mark Redman,markredman,00-0040598,4431346,2026-10-02T06:02:14Z
GB,TE,4,Josh Whyle,joshwhyle,00-0038589,4360086,2026-10-02T06:02:14Z
GB,TE,5,Luke Musgrave,lukemusgrave,00-0039144,4428085,2026-10-02T06:02:14Z
GB,TE,6,Thomas Yassmin,thomasyassmin,00-0039936,4361027,2026-10-02T06:02:14Z
HOU,QB,1,C.J. Stroud,cjstroud,00-0039163,4432577,2026-10-02T06:02:14Z
HOU,QB,2,Davis Mills,davismills,00-0036898,4242546,2026-10-02T06:02:14Z
HOU,QB,3,Graham Mertz,grahammertz,00-0040211,4426335,2026-10-02T06:02:14Z
HOU,RB,1,David Montgomery,davidmontgomery,00-0035685,4035538,2026-10-02T06:02:14Z
HOU,RB,2,Woody Marks,woodymarks,00-0040583,4429059,2026-10-02T06:02:14Z
HOU,RB,3,British Brooks,britishbrooks,00-0039603,4373273,2026-10-02T06:02:14Z
HOU,RB,4,Dare Ogunbowale,dareogunbowale,00-0033854,2983509,2026-10-02T06:02:14Z
HOU,WR,1,Nico Collins,nicocollins,00-0036554,4258173,2026-10-02T06:02:14Z
HOU,WR,2,Xavier Hutchinson,xavierhutchinson,00-0038618,4686422,2026-10-02T06:02:14Z
HOU,WR,3,Kayshon Boutte,kayshonboutte,00-0038608,4429022,2026-10-02T06:02:14Z
HOU,WR,4,Jaylin Noel,jaylinnoel,00-0040138,4586312,2026-10-02T06:02:14Z
HOU,WR,5,Jared Wayne,jaredwayne,00-0038728,4430681,2026-10-02T06:02:14Z
HOU,WR,6,Tank Dell,tankdell,00-0038977,4366031,2026-10-02T06:02:14Z
HOU,WR,7,Jayden Higgins,jaydenhiggins,00-0040130,4877706,2026-10-02T06:02:14Z
HOU,TE,1,Dalton Schultz,daltonschultz,00-0034383,3117256,2026-10-02T06:02:14Z
HOU,TE,2,Foster Moreau,fostermoreau,00-0034981,3843945,2026-10-02T06:02:14Z
HOU,TE,3,Marlin Klein,marlinklein,00-0041472,4695705,2026-10-02T06:02:14Z
HOU,TE,4,Cade Stover,cadestover,00-0039359,4426496,2026-10-02T06:02:14Z
HOU,TE,5,Brevin Jordan,brevinjordan,00-0036556,4362504,2026-10-02T06:02:14Z
IND,QB,1,Daniel Jones,danieljones,00-0035710,3917792,2026-10-02T06:02:14Z
IND,QB,2,Anthony Richardson Sr.,anthonyrichardson,00-0039164,4429084,2026-10-02T06:02:14Z
IND,QB,3,Riley Leonard,rileyleonard,00-0040206,4683423,2026-10-02T06:02:14Z
IND,RB,1,Jonathan Taylor,jonathantaylor,00-0036223,4242335,2026-10-02T06:02:14Z
IND,RB,2,Seth McGowan,sethmcgowan,00-0041125,4686468,2026-10-02T06:02:14Z
IND,RB,3,DJ Giddens,djgiddens,00-0040179,4874509,2026-10-02T06:02:14Z
IND,WR,1,Josh Downs,joshdowns,00-0038997,4688813,2026-10-02T06:02:14Z
IND,WR,2,Keenan Allen,keenanallen,00-0030279,15818,2026-10-02T06:02:14Z
IND,WR,3,Darius Slayton,dariusslayton,00-0035535,3916945,2026-10-02T06:02:14Z
IND,WR,4,Laquon Treadwell,laquontreadwell,00-0032951,3051889,2026-10-02T06:02:14Z
IND,WR,5,Ashton Dulin,ashtondulin,00-0035021,4061956,2026-10-02T06:02:14Z
IND,WR,6,Deion Burks,deionburks,00-0041132,4683151,2026-10-02T06:02:14Z
IND,WR,7,Anthony Gould,anthonygould,00-0039816,4429684,2026-10-02T06:02:14Z
IND,WR,8,Alec Pierce,alecpierce,00-0037664,4360078,2026-10-02T06:02:14Z
IND,WR,9,D.J. Montgomery,djmontgomery,00-0035045,4249030,2026-10-02T06:02:14Z
IND,TE,1,Tyler Warren,tylerwarren,00-0040128,4431459,2026-10-02T06:02:14Z
IND,TE,2,Mo Alie-Cox,moaliecox,00-0033217,2998565,2026-10-02T06:02:14Z
IND,TE,3,Drew Ogletree,drewogletree,00-0037292,4722908,2026-10-02T06:02:14Z
IND,TE,4,Will Mallory,willmallory,00-0038394,4362523,2026-10-02T06:02:14Z
IND,TE,5,Carson Towt,carsontowt,00-0040853,4702120,2026-10-02T06:02:14Z
JAX,QB,1,Trevor Lawrence,trevorlawrence,00-0036971,4360310,2026-10-02T06:02:14Z
JAX,QB,2,Quinn Ewers,quinnewers,00-0040234,4889929,2026-10-02T06:02:14Z
JAX,RB,1,Bhayshul Tuten,bhayshultuten,00-0040719,4882093,2026-10-02T06:02:14Z
JAX,RB,2,Chris Rodriguez Jr.,chrisrodriguez,00-0038611,4362619,2026-10-02T06:02:14Z
JAX,RB,3,LeQuint Allen Jr.,lequintallen,00-0040238,4911851,2026-10-02T06:02:14Z
JAX,RB,4,Ameer Abdullah,ameerabdullah,00-0032104,2576336,2026-10-02T06:02:14Z
JAX,WR,1,Parker Washington,parkerwashington,00-0038606,4432620,2026-10-02T06:02:14Z
JAX,WR,2,Jakobi Meyers,jakobimeyers,00-0034960,3916433,2026-10-02T06:02:14Z
JAX,WR,3,Brian Thomas Jr.,brianthomas,00-0039893,4432773,2026-10-02T06:02:14Z
JAX,WR,4,Josh Cameron,joshcameron,00-0041100,4879194,2026-10-02T06:02:14Z
JAX,WR,5,Travis Hunter,travishunter,00-0040718,4685415,2026-10-02T06:02:14Z
JAX,WR,6,CJ Williams,cjwilliams,00-0041106,5085024,2026-10-02T06:02:14Z
JAX,TE,1,Brenton Strange,brentonstrange,00-0038935,4430539,2026-10-02T06:02:14Z
JAX,TE,2,Nate Boerkircher,nateboerkircher,00-0041503,4686248,2026-10-02T06:02:14Z
JAX,TE,3,Quintin Morris,quintinmorris,00-0036590,4244049,2026-10-02T06:02:14Z
JAX,TE,4,Tanner Koziol,tannerkoziol,00-0041084,4917427,2026-10-02T06:02:14Z
KC,QB,1,Patrick Mahomes,patrickmahomes,00-0033873,3139477,2026-10-02T06:02:14Z
KC,QB,2,Justin Fields,justinfields,00-0036945,4362887,2026-10-02T06:02:14Z
KC,QB,3,Garrett Nussmeier,garrettnussmeier,00-0040906,4567747,2026-10-02T06:02:14Z
KC,RB,1,Kenneth Walker III,kennethwalker,00-0038134,4567048,2026-10-02T06:02:14Z
KC,RB,2,Emmett Johnson,emmettjohnson,00-0041013,4832955,2026-10-02T06:02:14Z
KC,RB,3,Brashard Smith,brashardsmith,00-0040078,4596602,2026-10-02T06:02:14Z
KC,WR,1,Rashee Rice,rasheerice,00-0039067,4428331,2026-10-02T06:02:14Z
KC,WR,2,Xavier Worthy,xavierworthy,00-0039894,4683062,2026-10-02T06:02:14Z
KC,WR,3,Tyquan Thornton,tyquanthornton,00-0038104,4362921,2026-10-02T06:02:14Z
KC,WR,4,Jalen Royals,jalenroyals,00-0040646,5082630,2026-10-02T06:02:14Z
KC,WR,5,Cyrus Allen,cyrusallen,00-0040890,4912218,2026-10-02T06:02:14Z
KC,WR,6,Nikko Remigio,nikkoremigio,00-0038519,4372716,2026-10-02T06:02:14Z
KC,WR,7,Jeff Caldwell,jeffcaldwell,00-0040953,4885466,2026-10-02T06:02:14Z
KC,WR,8,Jimmy Holiday,jimmyholiday,00-0040120,4431142,2026-10-02T06:02:14Z
KC,TE,1,Travis Kelce,traviskelce,00-0030506,15847,2026-10-02T06:02:14Z
KC,TE,2,Noah Gray,noahgray,00-0036637,4240472,2026-10-02T06:02:14Z
KC,TE,3,Jake Briningstool,jakebriningstool,00-0040081,4431196,2026-10-02T06:02:14Z
KC,TE,4,Jared Wiley,jaredwiley,00-0039824,4430723,2026-10-02T06:02:14Z
KC,TE,5,John Michael Gyllenborg,johnmichaelgyllenborg,00-0040955,4708490,2026-10-02T06:02:14Z
LAC,QB,1,Justin Herbert,justinherbert,00-0036355,4038941,2026-10-02T06:02:14Z
LAC,QB,2,Trey Lance,treylance,00-0037012,4383351,2026-10-02T06:02:14Z
LAC,QB,3,DJ Uiagalelei,djuiagalelei,00-0040464,4429020,2026-10-02T06:02:14Z
LAC,RB,1,Omarion Hampton,omarionhampton,00-0040666,4685382,2026-10-02T06:02:14Z
LAC,RB,2,Keaton Mitchell,keatonmitchell,00-0038454,4596334,2026-10-02T06:02:14Z
LAC,RB,3,Kimani Vidal,kimanividal,00-0039391,4430968,2026-10-02T06:02:14Z
LAC,WR,1,Ladd McConkey,laddmcconkey,00-0039915,4612826,2026-10-02T06:02:14Z
LAC,WR,2,Quentin Johnston,quentinjohnston,00-0038544,4429025,2026-10-02T06:02:14Z
LAC,WR,3,Tre' Harris,treharris,00-0040727,4686612,2026-10-02T06:02:14Z
LAC,WR,4,Brenen Thompson,brenenthompson,00-0041550,4685553,2026-10-02T06:02:14Z
LAC,WR,5,Marquez Valdes-Scantling,marquezvaldesscantling,00-0034272,3051738,2026-10-02T06:02:14Z
LAC,WR,6,Derius Davis,deriusdavis,00-0038573,4362477,2026-10-02T06:02:14Z
LAC,WR,7,KeAndre Lambert-Smith,keandrelambertsmith,00-0040184,4430870,2026-10-02T06:02:14Z
LAC,TE,1,Charlie Kolar,charliekolar,00-0038046,4241263,2026-10-02T06:02:14Z
LAC,TE,2,Oronde Gadsden,orondegadsden,00-0040189,4595342,2026-10-02T06:02:14Z
LAC,TE,3,Hayden Rucci,haydenrucci,00-0039489,4428396,2026-10-02T06:02:14Z
LAC,TE,4,David Njoku,davidnjoku,00-0033885,3123076,2026-10-02T06:02:14Z
LAR,QB,1,Matthew Stafford,matthewstafford,00-0026498,12483,2026-10-02T06:02:14Z
LAR,QB,2,Stetson Bennett IV,stetsonbennett,00-0039107,4259553,2026-10-02T06:02:14Z
LAR,QB,3,Ty Simpson,tysimpson,00-0041568,4685522,2026-10-02T06:02:14Z
LAR,QB,4,Matthew Caldwell,matthewcaldwell,00-0041414,4877717,2026-10-02T06:02:14Z
LAR,RB,1,Kyren Williams,kyrenwilliams,00-0037840,4430737,2026-10-02T06:02:14Z
LAR,RB,2,Blake Corum,blakecorum,00-0039738,4429096,2026-10-02T06:02:14Z
LAR,RB,3,Dean Connors,deanconnors,00-0041415,5082269,2026-10-02T06:02:14Z
LAR,RB,4,Ronnie Rivers,ronnierivers,00-0037557,4243003,2026-10-02T06:02:14Z
LAR,WR,1,Puka Nacua,pukanacua,00-0039075,4426515,2026-10-02T06:02:14Z
LAR,WR,2,Davante Adams,davanteadams,00-0031381,16800,2026-10-02T06:02:14Z
LAR,WR,3,Jordan Whittington,jordanwhittington,00-0039751,4569382,2026-10-02T06:02:14Z
LAR,WR,4,Konata Mumpfield,konatamumpfield,00-0040590,4710855,2026-10-02T06:02:14Z
LAR,WR,5,Xavier Smith,xaviersmith,00-0038359,4386544,2026-10-02T06:02:14Z
LAR,WR,6,Tutu Atwell,tutuatwell,00-0036849,4360797,2026-10-02T06:02:14Z
LAR,WR,7,CJ Daniels,cjdaniels,00-0041399,4605951,2026-10-02T06:02:14Z
LAR,TE,1,Colby Parkinson,colbyparkinson,00-0036244,4242557,2026-10-02T06:02:14Z
LAR,TE,2,Terrance Ferguson,terranceferguson,00-0040737,4570037,2026-10-02T06:02:14Z
LAR,TE,3,Davis Allen,davisallen,00-0039074,4426553,2026-10-02T06:02:14Z
LAR,TE,4,Tyler Higbee,tylerhigbee,00-0033110,2573401,2026-10-02T06:02:14Z
LAR,TE,5,Max Klare,maxklare,00-0041510,4833029,2026-10-02T06:02:14Z
LV,QB,1,Kirk Cousins,kirkcousins,00-0029604,14880,2026-10-02T06:02:14Z
LV,QB,2,Fernando Mendoza,fernandomendoza,00-0041562,4837248,2026-10-02T06:02:14Z
LV,QB,3,Aidan O'Connell,aidanoconnell,00-0038579,4260394,2026-10-02T06:02:14Z
LV,RB,1,Ashton Jeanty,ashtonjeanty,00-0040122,4890973,2026-10-02T06:02:14Z
LV,RB,2,Mike Washington Jr.,mikewashington,00-0040878,4686658,2026-10-02T06:02:14Z
LV,RB,3,Dylan Laube,dylanlaube,00-0039407,4366963,2026-10-02T06:02:14Z
LV,RB,4,Chris Collier,chriscollier,00-0039244,4698191,2026-10-02T06:02:14Z
LV,WR,1,Tre Tucker,tretucker,00-0038563,4428718,2026-10-02T06:02:14Z
LV,WR,2,Jalen Nailor,jalennailor,00-0037291,4382466,2026-10-02T06:02:14Z
LV,WR,3,Cody White,codywhite,00-0035891,4241983,2026-10-02T06:02:14Z
LV,WR,4,Dareke Young,darekeyoung,00-0037093,4401805,2026-10-02T06:02:14Z
LV,WR,5,Malik Benson,malikbenson,00-0040894,5150247,2026-10-02T06:02:14Z
LV,WR,6,Jack Bech,jackbech,00-0040729,4603186,2026-10-02T06:02:14Z
LV,WR,7,Dont'e Thornton Jr.,dontethornton,00-0040581,4432775,2026-10-02T06:02:14Z
LV,WR,8,Corey Rucker,coreyrucker,00-0041005,4433901,2026-10-02T06:02:14Z
LV,TE,1,Brock Bowers,brockbowers,00-0039338,4432665,2026-10-02T06:02:14Z
LV,TE,2,Michael Mayer,michaelmayer,00-0039066,4429086,2026-10-02T06:02:14Z
LV,TE,3,Ian Thomas,ianthomas,00-0034365,4045305,2026-10-02T06:02:14Z
LV,TE,4,Carter Runyon,carterrunyon,00-0040488,5155825,2026-10-02T06:02:14Z
MIA,QB,1,Malik Willis,malikwillis,00-0038128,4242512,2026-10-02T06:02:14Z
MIA,QB,2,Kyle McCord,kylemccord,00-0040014,4433971,2026-10-02T06:02:14Z
MIA,QB,3,Brady Cook,bradycook,00-0040398,4429435,2026-10-02T06:02:14Z
MIA,RB,1,Jaylen Wright,jaylenwright,00-0039874,4682745,2026-10-02T06:02:14Z
MIA,RB,2,Ollie Gordon II,olliegordon,00-0040198,4711533,2026-10-02T06:02:14Z
MIA,RB,3,De'Von Achane,devonachane,00-0039040,4429160,2026-10-02T06:02:14Z
MIA,WR,1,Malik Washington,malikwashington,00-0039880,4569603,2026-10-02T06:02:14Z
MIA,WR,2,Caleb Douglas,calebdouglas,00-0041523,4869645,2026-10-02T06:02:14Z
MIA,WR,3,Chris Bell,chrisbell,00-0041525,4869961,2026-10-02T06:02:14Z
MIA,WR,4,Kevin Coleman Jr.,kevincoleman,00-0041529,4685307,2026-10-02T06:02:14Z
MIA,WR,5,Jalen Tolbert,jalentolbert,00-0037666,4249417,2026-10-02T06:02:14Z
MIA,WR,6,Ryan Miller,ryanmiller,00-0038824,4369466,2026-10-02T06:02:14Z
MIA,TE,1,Greg Dulcich,gregdulcich,00-0037252,4367209,2026-10-02T06:02:14Z
MIA,TE,2,Will Kacmarek,willkacmarek,00-0041524,4880236,2026-10-02T06:02:14Z
MIA,TE,3,Seydou Traore,seydoutraore,00-0041579,4714379,2026-10-02T06:02:14Z
MIA,TE,4,Justin Joly,justinjoly,00-0041077,4912052,2026-10-02T06:02:14Z
MIA,TE,5,Cole Turner,coleturner,00-0037078,4361438,2026-10-02T06:02:14Z
MIN,QB,1,Kyler Murray,kylermurray,00-0035228,3917315,2026-10-02T06:02:14Z
MIN,QB,2,Carson Wentz,carsonwentz,00-0032950,2573079,2026-10-02T06:02:14Z
MIN,QB,3,Max Brosmer,maxbrosmer,00-0040494,4573398,2026-10-02T06:02:14Z
MIN,RB,1,Aaron Jones Sr.,aaronjones,00-0033293,3042519,2026-10-02T06:02:14Z
MIN,RB,2,DeeJay Dallas,deejaydallas,00-0036425,4240631,2026-10-02T06:02:14Z
MIN,RB,3,Demond Claiborne,demondclaiborne,00-0041104,4832846,2026-10-02T06:02:14Z
MIN,RB,4,Jordan Mason,jordanmason,00-0037525,4360569,2026-10-02T06:02:14Z
MIN,WR,1,Justin Jefferson,justinjefferson,00-0036322,4262921,2026-10-02T06:02:14Z
MIN,WR,2,Jordan Addison,jordanaddison,00-0038994,4429205,2026-10-02T06:02:14Z
MIN,WR,3,Jauan Jennings,jauanjennings,00-0036259,3886598,2026-10-02T06:02:14Z
MIN,WR,4,Tai Felton,taifelton,00-0040154,4565185,2026-10-02T06:02:14Z
MIN,WR,5,Myles Price,mylesprice,00-0040506,4430656,2026-10-02T06:02:14Z
MIN,WR,6,Jeshaun Jones,jeshaunjones,00-0039710,4360637,2026-10-02T06:02:14Z
MIN,TE,1,T.J. Hockenson,tjhockenson,00-0035229,4036133,2026-10-02T06:02:14Z
MIN,TE,2,Gavin Bartholomew,gavinbartholomew,00-0040215,4708049,2026-10-02T06:02:14Z
MIN,TE,3,Ben Yurosek,benyurosek,00-0040509,4433959,2026-10-02T06:02:14Z
MIN,TE,4,Josh Oliver,josholiver,00-0035249,3921690,2026-10-02T06:02:14Z
NE,QB,1,Drake Maye,drakemaye,00-0039851,4431452,2026-10-02T06:02:14Z
NE,QB,2,Tommy DeVito,tommydevito,00-0038476,4240391,2026-10-02T06:02:14Z
NE,QB,3,Behren Morton,behrenmorton,00-0041123,4431465,2026-10-02T06:02:14Z
NE,RB,1,Rhamondre Stevenson,rhamondrestevenson,00-0036875,4569173,2026-10-02T06:02:14Z
NE,RB,2,TreVeyon Henderson,treveyonhenderson,00-0040734,4432710,2026-10-02T06:02:14Z
NE,RB,3,Corey Kiner,coreykiner,00-0040556,4431431,2026-10-02T06:02:14Z
NE,RB,4,Myles Montgomery,mylesmontgomery,00-0041323,4676889,2026-10-02T06:02:14Z
NE,WR,1,Romeo Doubs,romeodoubs,00-0037816,4361432,2026-10-02T06:02:14Z
NE,WR,2,DeMario Douglas,demariodouglas,00-0038621,4427095,2026-10-02T06:02:14Z
NE,WR,3,Mack Hollins,mackhollins,00-0033555,2991662,2026-10-02T06:02:14Z
NE,WR,4,Kyle Williams,kylewilliams,00-0040131,4613202,2026-10-02T06:02:14Z
NE,WR,5,Efton Chism III,eftonchism,00-0040563,4695193,2026-10-02T06:02:14Z
NE,WR,6,A.J. Brown,ajbrown,00-0035676,4047646,2026-10-02T06:02:14Z
NE,WR,7,Jeremiah Webb,jeremiahwebb,00-0040570,4572655,2026-10-02T06:02:14Z
NE,TE,1,Hunter Henry,hunterhenry,00-0033090,3046439,2026-10-02T06:02:14Z
NE,TE,2,Eli Raridon,eliraridon,00-0041395,4831959,2026-10-02T06:02:14Z
NE,TE,3,Cameron Latu,cameronlatu,00-0038564,4372026,2026-10-02T06:02:14Z
NE,TE,4,Tanner Arkin,tannerarkin,00-0041314,4683308,2026-10-02T06:02:14Z
NE,TE,5,Julian Hill,julianhill,00-0038720,4365395,2026-10-02T06:02:14Z
NO,QB,1,Tyler Shough,tylershough,00-0040743,4360689,2026-10-02T06:02:14Z
NO,QB,2,Spencer Rattler,spencerrattler,00-0039376,4426339,2026-10-02T06:02:14Z
NO,QB,3,Zach Wilson,zachwilson,00-0037013,4361259,2026-10-02T06:02:14Z
NO,RB,1,Alvin Kamara,alvinkamara,00-0033906,3054850,2026-10-02T06:02:14Z
NO,RB,2,Kendre Miller,kendremiller,00-0038551,4599739,2026-10-02T06:02:14Z
NO,RB,3,CJ Donaldson,cjdonaldson,00-0041326,5081999,2026-10-02T06:02:14Z
NO,RB,4,Travis Etienne Jr.,travisetienne,00-0036973,4239996,2026-10-02T06:02:14Z
NO,RB,5,Ty Chandler,tychandler,00-0037276,4242431,2026-10-02T06:02:14Z
NO,WR,1,Chris Olave,chrisolave,00-0037239,4361370,2026-10-02T06:02:14Z
NO,WR,2,Devaughn Vele,devaughnvele,00-0039424,4569559,2026-10-02T06:02:14Z
NO,WR,3,Bryce Lance,brycelance,00-0041067,4879276,2026-10-02T06:02:14Z
NO,WR,4,Kevin Austin Jr.,kevinaustin,00-0037231,4372758,2026-10-02T06:02:14Z
NO,WR,5,Barion Brown,barionbrown,00-0041099,4698597,2026-10-02T06:02:14Z
NO,WR,6,Jordyn Tyson,jordyntyson,00-0041029,4880281,2026-10-02T06:02:14Z
NO,WR,7,Mason Tipton,masontipton,00-0039623,4573697,2026-10-02T06:02:14Z
NO,TE,1,Juwan Johnson,juwanjohnson,00-0036040,3929645,2026-10-02T06:02:14Z
NO,TE,2,Noah Fant,noahfant,00-0035644,4036131,2026-10-02T06:02:14Z
NO,TE,3,Oscar Delp,oscardelp,00-0041041,4702559,2026-10-02T06:02:14Z
NO,TE,4,Treyton Welch,treytonwelch,00-0039518,4430684,2026-10-02T06:02:14Z
NO,TE,5,Moliki Matavao,molikimatavao,00-0040244,4432731,2026-10-02T06:02:14Z
NYG,QB,1,Jameis Winston,jameiswinston,00-0031503,2969939,2026-10-02T06:02:14Z
NYG,QB,2,J.J. McCarthy,jjmccarthy,00-0039923,4433970,2026-10-02T06:02:14Z
NYG,QB,3,Jaxson Dart,jaxsondart,00-0040691,4689114,2026-10-02T06:02:14Z
NYG,RB,1,Cam Skattebo,camskattebo,00-0040715,4696981,2026-10-02T06:02:14Z
NYG,RB,2,Najee Harris,najeeharris,00-0036893,4241457,2026-10-02T06:02:14Z
NYG,RB,3,Tyrone Tracy Jr.,tyronetracy,00-0039384,4360516,2026-10-02T06:02:14Z
NYG,RB,4,Devin Singletary,devinsingletary,00-0035250,4040761,2026-10-02T06:02:14Z
NYG,WR,1,Malik Nabers,maliknabers,00-0039337,4595348,2026-10-02T06:02:14Z
NYG,WR,2,Malachi Fields,malachifields,00-0041042,4682648,2026-10-02T06:02:14Z
NYG,WR,3,Darnell Mooney,darnellmooney,00-0036309,4040655,2026-10-02T06:02:14Z
NYG,WR,4,Braxton Berrios,braxtonberrios,00-0034419,3123075,2026-10-02T06:02:14Z
NYG,WR,5,Charlie Jones,charliejones,00-0038576,4257188,2026-10-02T06:02:14Z
NYG,WR,6,Calvin Austin III,calvinaustin,00-0037837,4243389,2026-10-02T06:02:14Z
NYG,WR,7,Gunner Olszewski,gunnerolszewski,00-0035645,4424106,2026-10-02T06:02:14Z
NYG,TE,1,Isaiah Likely,isaiahlikely,00-0037838,4361050,2026-10-02T06:02:14Z
NYG,TE,2,Theo Johnson,theojohnson,00-0039847,4429148,2026-10-02T06:02:14Z
NYG,TE,3,Thomas Fidone II,thomasfidone,00-0040225,4590292,2026-10-02T06:02:14Z
NYJ,QB,1,Geno Smith,genosmith,00-0030565,15864,2026-10-02T06:02:14Z
NYJ,QB,2,Cade Klubnik,cadeklubnik,00-0041056,4685413,2026-10-02T06:02:14Z
NYJ,RB,1,Breece Hall,breecehall,00-0038120,4427366,2026-10-02T06:02:14Z
NYJ,RB,2,Braelon Allen,braelonallen,00-0039794,4685247,2026-10-02T06:02:14Z
NYJ,RB,3,Isaiah Davis,isaiahdavis,00-0039798,4695404,2026-10-02T06:02:14Z
NYJ,RB,4,Kene Nwangwu,kenenwangwu,00-0036842,4035537,2026-10-02T06:02:14Z
NYJ,RB,5,Chip Trayanum,chiptrayanum,00-0041239,4430893,2026-10-02T06:02:14Z
NYJ,WR,1,Garrett Wilson,garrettwilson,00-0037740,4569618,2026-10-02T06:02:14Z
NYJ,WR,2,Adonai Mitchell,adonaimitchell,00-0039890,4597500,2026-10-02T06:02:14Z
NYJ,WR,3,Isaiah Williams,isaiahwilliams,00-0039451,4569371,2026-10-02T06:02:14Z
NYJ,WR,4,Malik McClain,malikmcclain,00-0041267,4682509,2026-10-02T06:02:14Z
NYJ,WR,5,Jamaal Pritchett,jamaalpritchett,00-0040405,4892576,2026-10-02T06:02:14Z
NYJ,WR,6,Tim Patrick,timpatrick,00-0033375,3134353,2026-10-02T06:02:14Z
NYJ,WR,7,Omar Cooper Jr.,omarcooper,00-0041511,4723820,2026-10-02T06:02:14Z
NYJ,WR,8,Arian Smith,ariansmith,00-0040582,4429105,2026-10-02T06:02:14Z
NYJ,TE,1,Kenyon Sadiq,kenyonsadiq,00-0041032,5083315,2026-10-02T06:02:14Z
NYJ,TE,2,Mason Taylor,masontaylor,00-0040736,4808766,2026-10-02T06:02:14Z
NYJ,TE,3,Jeremy Ruckert,jeremyruckert,00-0037805,4361372,2026-10-02T06:02:14Z
NYJ,TE,4,Jelani Woods,jelaniwoods,00-0037755,4241410,2026-10-02T06:02:14Z
NYJ,TE,5,Andrew Beck,andrewbeck,00-0034959,3125107,2026-10-02T06:02:14Z
PHI,QB,1,Jalen Hurts,jalenhurts,00-0036389,4040715,2026-10-02T06:02:14Z
PHI,QB,2,Andy Dalton,andydalton,00-0027973,14012,2026-10-02T06:02:14Z
PHI,QB,3,Tanner McKee,tannermckee,00-0038400,4685201,2026-10-02T06:02:14Z
PHI,QB,4,Cole Payton,colepayton,00-0040891,4879250,2026-10-02T06:02:14Z
PHI,RB,1,Saquon Barkley,saquonbarkley,00-0034844,3929630,2026-10-02T06:02:14Z
PHI,RB,2,Tank Bigsby,tankbigsby,00-0038555,4429013,2026-10-02T06:02:14Z
PHI,RB,3,Will Shipley,willshipley,00-0039746,4431545,2026-10-02T06:02:14Z
PHI,WR,1,DeVonta Smith,devontasmith,00-0036912,4241478,2026-10-02T06:02:14Z
PHI,WR,2,Dontayvion Wicks,dontayvionwicks,00-0038393,4428850,2026-10-02T06:02:14Z
PHI,WR,3,Makai Lemon,makailemon,00-0040867,4870795,2026-10-02T06:02:14Z
PHI,WR,4,Hollywood Brown,hollywoodbrown,00-0035662,4241372,2026-10-02T06:02:14Z
PHI,WR,5,Darius Cooper,dariuscooper,00-0040024,4715355,2026-10-02T06:02:14Z
PHI,WR,6,Elijah Moore,elijahmoore,00-0036980,4372414,2026-10-02T06:02:14Z
PHI,WR,7,Britain Covey,britaincovey,00-0037132,3926231,2026-10-02T06:02:14Z
PHI,WR,8,Johnny Wilson,johnnywilson,00-0039236,4686104,2026-10-02T06:02:14Z
PHI,TE,1,Dallas Goedert,dallasgoedert,00-0034351,3121023,2026-10-02T06:02:14Z
PHI,TE,2,Zach Ertz,zachertz,00-0030061,15835,2026-10-02T06:02:14Z
PHI,TE,3,Johnny Mundt,johnnymundt,00-0033246,3052096,2026-10-02T06:02:14Z
PHI,TE,4,E.J. Jenkins,ejjenkins,00-0038498,4248557,2026-10-02T06:02:14Z
PHI,TE,5,Grant Calcaterra,grantcalcaterra,00-0037086,4241374,2026-10-02T06:02:14Z
PHI,TE,6,Eli Stowers,elistowers,00-0041483,4431574,2026-10-02T06:02:14Z
PIT,QB,1,Aaron Rodgers,aaronrodgers,00-0023459,8439,2026-10-02T06:02:14Z
PIT,QB,2,Mason Rudolph,masonrudolph,00-0034771,3116407,2026-10-02T06:02:14Z
PIT,QB,3,Will Howard,willhoward,00-0040203,4429955,2026-10-02T06:02:14Z
PIT,QB,4,Drew Allar,drewallar,00-0041565,4714771,2026-10-02T06:02:14Z
PIT,RB,1,Jaylen Warren,jaylenwarren,00-0037228,4569987,2026-10-02T06:02:14Z
PIT,RB,2,Rico Dowdle,ricodowdle,00-0036139,4038815,2026-10-02T06:02:14Z
PIT,RB,3,Travis Homer,travishomer,00-0035594,4037457,2026-10-02T06:02:14Z
PIT,RB,4,Lew Nichols,lewnichols,00-0038409,4428119,2026-10-02T06:02:14Z
PIT,RB,5,Eli Heidenreich,eliheidenreich,00-0041490,5081508,2026-10-02T06:02:14Z
PIT,WR,1,DK Metcalf,dkmetcalf,00-0035640,4047650,2026-10-02T06:02:14Z
PIT,WR,2,Michael Pittman Jr.,michaelpittman,00-0036252,4035687,2026-10-02T06:02:14Z
PIT,WR,3,Roman Wilson,romanwilson,00-0039739,4431492,2026-10-02T06:02:14Z
PIT,WR,4,Germie Bernard,germiebernard,00-0041489,4685261,2026-10-02T06:02:14Z
PIT,WR,5,Ben Skowronek,benskowronek,00-0036862,4035656,2026-10-02T06:02:14Z
PIT,WR,6,Kaden Wetjen,kadenwetjen,00-0041397,5081338,2026-10-02T06:02:14Z
PIT,WR,7,Cole Burgess,coleburgess,00-0039626,5192448,2026-10-02T06:02:14Z
PIT,TE,1,Darnell Washington,darnellwashington,00-0038558,4430802,2026-10-02T06:02:14Z
PIT,TE,2,Pat Freiermuth,patfreiermuth,00-0036894,4361411,2026-10-02T06:02:14Z
PIT,TE,3,Robert Tonyan,roberttonyan,00-0033757,2975674,2026-10-02T06:02:14Z
SEA,QB,1,Sam Darnold,samdarnold,00-0034869,3912547,2026-10-02T06:02:14Z
SEA,QB,2,Drew Lock,drewlock,00-0035704,3924327,2026-10-02T06:02:14Z
SEA,QB,3,Jalen Milroe,jalenmilroe,00-0040673,4432734,2026-10-02T06:02:14Z
SEA,RB,1,Jadarian Price,jadarianprice,00-0041512,4685512,2026-10-02T06:02:14Z
SEA,RB,2,Emanuel Wilson,emanuelwilson,00-0038797,4887558,2026-10-02T06:02:14Z
SEA,RB,3,George Holani,georgeholani,00-0039299,4429835,2026-10-02T06:02:14Z
SEA,RB,4,Zach Charbonnet,zachcharbonnet,00-0039165,4426385,2026-10-02T06:02:14Z
SEA,WR,1,Jaxon Smith-Njigba,jaxonsmithnjigba,00-0038543,4430878,2026-10-02T06:02:14Z
SEA,WR,2,Rashid Shaheed,rashidshaheed,00-0037545,4032473,2026-10-02T06:02:14Z
SEA,WR,3,Cooper Kupp,cooperkupp,00-0033908,2977187,2026-10-02T06:02:14Z
SEA,WR,4,Tory Horton,toryhorton,00-0040648,4597703,2026-10-02T06:02:14Z
SEA,WR,5,Montorie Foster Jr.,montoriefoster,00-0040621,4600597,2026-10-02T06:02:14Z
SEA,WR,6,Irv Charles,irvcharles,00-0037156,3929636,2026-10-02T06:02:14Z
SEA,WR,7,Jake Bobo,jakebobo,00-0038752,4360405,2026-10-02T06:02:14Z
SEA,TE,1,AJ Barner,ajbarner,00-0039793,4576297,2026-10-02T06:02:14Z
SEA,TE,2,Eric Saubert,ericsaubert,00-0033576,2975863,2026-10-02T06:02:14Z
SEA,TE,3,Elijah Arroyo,elijaharroyo,00-0040739,4678006,2026-10-02T06:02:14Z
SEA,TE,4,Nick Kallerup,nickkallerup,00-0040058,4569547,2026-10-02T06:02:14Z
SF,QB,1,Brock Purdy,brockpurdy,00-0037834,4361741,2026-10-02T06:02:14Z
SF,QB,2,Mac Jones,macjones,00-0036972,4241464,2026-10-02T06:02:14Z
SF,QB,3,Kurtis Rourke,kurtisrourke,00-0040589,4430431,2026-10-02T06:02:14Z
SF,RB,1,Christian McCaffrey,christianmccaffrey,00-0033280,3117251,2026-10-02T06:02:14Z
SF,RB,2,Kaelon Black,kaelonblack,00-0041052,4696044,2026-10-02T06:02:14Z
SF,RB,3,Jordan James,jordanjames,00-0040177,4685397,2026-10-02T06:02:14Z
SF,RB,4,Isaac Guerendo,isaacguerendo,00-0039363,4372561,2026-10-02T06:02:14Z
SF,WR,1,Mike Evans,mikeevans,00-0031408,16737,2026-10-02T06:02:14Z
SF,WR,2,Deebo Samuel,deebosamuel,00-0035719,3126486,2026-10-02T06:02:14Z
SF,WR,3,Brandin Cooks,brandincooks,00-0031236,16731,2026-10-02T06:02:14Z
SF,WR,4,Jacob Cowing,jacobcowing,00-0039365,4575665,2026-10-02T06:02:14Z
SF,WR,5,Jordan Watkins,jordanwatkins,00-0040172,4431466,2026-10-02T06:02:14Z
SF,WR,6,Christian Kirk,christiankirk,00-0034775,3895856,2026-10-02T06:02:14Z
SF,WR,7,Demarcus Robinson,demarcusrobinson,00-0032775,3043116,2026-10-02T06:02:14Z
SF,WR,8,De'Zhaun Stribling,dezhaunstribling,00-0041035,4710714,2026-10-02T06:02:14Z
SF,WR,9,Ricky Pearsall,rickypearsall,00-0039916,4428209,2026-10-02T06:02:14Z
SF,WR,10,Brandon Aiyuk,brandonaiyuk,00-0036261,4360438,2026-10-02T06:02:14Z
SF,TE,1,George Kittle,georgekittle,00-0033288,3040151,2026-10-02T06:02:14Z
SF,TE,2,Luke Farrell,lukefarrell,00-0036887,4040612,2026-10-02T06:02:14Z
SF,TE,3,Brayden Willis,braydenwillis,00-0038643,4360290,2026-10-02T06:02:14Z
SF,TE,4,Jake Tonges,jaketonges,00-0037112,4259147,2026-10-02T06:02:14Z
TB,QB,1,Baker Mayfield,bakermayfield,00-0034855,3052587,2026-10-02T06:02:14Z
TB,QB,2,Jalon Daniels,jalondaniels,00-0041251,4596472,2026-10-02T06:02:14Z
TB,RB,1,Bucky Irving,buckyirving,00-0039361,4596448,2026-10-02T06:02:14Z
TB,RB,2,Kenny Gainwell,kennygainwell,00-0036919,4371733,2026-10-02T06:02:14Z
TB,RB,3,Sean Tucker,seantucker,00-0038951,4430871,2026-10-02T06:02:14Z
TB,WR,1,Emeka Egbuka,emekaegbuka,00-0040129,4567750,2026-10-02T06:02:14Z
TB,WR,2,Chris Godwin Jr.,chrisgodwin,00-0033921,3116165,2026-10-02T06:02:14Z
TB,WR,3,Ted Hurst III,tedhurst,00-0041048,5220680,2026-10-02T06:02:14Z
TB,WR,4,Tez Johnson,tezjohnson,00-0040237,4608810,2026-10-02T06:02:14Z
TB,WR,5,Kameron Johnson,kameronjohnson,00-0039589,5097554,2026-10-02T06:02:14Z
TB,WR,6,David Sills V,davidsills,00-0035359,3871102,2026-10-02T06:02:14Z
TB,WR,7,Jalen McMillan,jalenmcmillan,00-0039855,4430834,2026-10-02T06:02:14Z
TB,TE,1,Cade Otton,cadeotton,00-0038129,4243331,2026-10-02T06:02:14Z
TB,TE,2,Payne Durham,paynedurham,00-0039050,4372505,2026-10-02T06:02:14Z
TB,TE,3,Ko Kieft,kokieft,00-0037311,4034779,2026-10-02T06:02:14Z
TB,TE,4,Bauer Sharp,bauersharp,00-0041094,4890373,2026-10-02T06:02:14Z
TEN,QB,1,Cam Ward,camward,00-0040676,4688380,2026-10-02T06:02:14Z
TEN,QB,2,Mitchell Trubisky,mitchelltrubisky,00-0033869,3039707,2026-10-02T06:02:14Z
TEN,RB,1,Tony Pollard,tonypollard,00-0035261,3916148,2026-10-02T06:02:14Z
TEN,RB,2,Tyjae Spears,tyjaespears,00-0039032,4428557,2026-10-02T06:02:14Z
TEN,RB,3,Nicholas Singleton,nicholassingleton,00-0040886,4685555,2026-10-02T06:02:14Z
TEN,RB,4,Julius Chestnut,juliuschestnut,00-0037594,4367567,2026-10-02T06:02:14Z
TEN,RB,5,Michael Carter,michaelcarter,00-0036924,4240657,2026-10-02T06:02:14Z
TEN,WR,1,Carnell Tate,carnelltate,00-0041438,4871023,2026-10-02T06:02:14Z
TEN,WR,2,Wan'Dale Robinson,wandalerobinson,00-0038117,4569587,2026-10-02T06:02:14Z
TEN,WR,3,Elic Ayomanor,elicayomanor,00-0040170,4883647,2026-10-02T06:02:14Z
TEN,WR,4,Calvin Ridley,calvinridley,00-0034837,3925357,2026-10-02T06:02:14Z
TEN,WR,5,Chimere Dike,chimeredike,00-0040705,4431268,2026-10-02T06:02:14Z
TEN,TE,1,Gunnar Helm,gunnarhelm,00-0040584,4686728,2026-10-02T06:02:14Z
TEN,TE,2,Daniel Bellinger,danielbellinger,00-0038115,4361516,2026-10-02T06:02:14Z
TEN,TE,3,David Martin-Robinson,davidmartinrobinson,00-0039648,4360978,2026-10-02T06:02:14Z
TEN,TE,4,Kylen Granson,kylengranson,00-0036876,4039160,2026-10-02T06:02:14Z
TEN,TE,5,Jaren Kanak,jarenkanak,00-0040901,4877034,2026-10-02T06:02:14Z
WSH,QB,1,Jayden Daniels,jaydendaniels,00-0039910,4426348,2026-10-02T06:02:14Z
WSH,QB,2,Marcus Mariota,marcusmariota,00-0032268,2576980,2026-10-02T06:02:14Z
WSH,QB,3,Athan Kaliakmanis,athankaliakmanis,00-0041117,4432722,2026-10-02T06:02:14Z
WSH,RB,1,Jacory Croskey-Merritt,jacorycroskeymerritt,00-0040242,4575131,2026-10-02T06:02:14Z
WSH,RB,2,Rachaad White,rachaadwhite,00-0037256,4697815,2026-10-02T06:02:14Z
WSH,RB,3,Kaytron Allen,kaytronallen,00-0041096,4685246,2026-10-02T06:02:14Z
WSH,RB,4,Austin Ekeler,austinekeler,00-0033699,3068267,2026-10-02T06:02:14Z
WSH,RB,5,Jeremy McNichols,jeremymcnichols,00-0033955,3127586,2026-10-02T06:02:14Z
WSH,WR,1,Terry McLaurin,terrymclaurin,00-0035659,3121422,2026-10-02T06:02:14Z
WSH,WR,2,Stefon Diggs,stefondiggs,00-0031588,2976212,2026-10-02T06:02:14Z
WSH,WR,3,Antonio Williams,antoniowilliams,00-0041040,5081432,2026-10-02T06:02:14Z
WSH,WR,4,Dyami Brown,dyamibrown,00-0036626,4361577,2026-10-02T06:02:14Z
WSH,WR,5,Treylon Burks,treylonburks,00-0037742,4567156,2026-10-02T06:02:14Z
WSH,WR,6,Jaylin Lane,jaylinlane,00-0040164,4602667,2026-10-02T06:02:14Z
WSH,WR,7,Luke McCaffrey,lukemccaffrey,00-0039355,4426948,2026-10-02T06:02:14Z
WSH,TE,1,Chig Okonkwo,chigokonkwo,00-0037809,4360635,2026-10-02T06:02:14Z
WSH,TE,2,Ben Sinnott,bensinnott,00-0039912,4690923,2026-10-02T06:02:14Z
WSH,TE,3,John Bates,johnbates,00-0036628,4048228,2026-10-02T06:02:14Z
WSH,TE,4,Colson Yankoff,colsonyankoff,00-0039686,4361088,2026-10-02T06:02:14Z
