asof,espn_id,player,pos,team,owned_pct,own_chg,own_start,own_asof,clears,avail,status
2026-09-26,5081508,Eli Heidenreich,RB,PIT,3.5,0.85,0.7,2026-09-26 06:30,,FREEAGENT,ACTIVE
2026-09-26,2573079,Carson Wentz,QB,MIN,2.8,-0.16,0.3,2026-09-26 04:30,,FREEAGENT,ACTIVE
2026-09-26,4877706,Jayden Higgins,WR,HOU,2.6,-0.02,0.0,2026-09-26 04:30,,FREEAGENT,INJURY_RESERVE
2026-09-26,4239934,AJ Dillon,RB,CAR,1.1,0.11,0.1,2026-09-26 00:30,,FREEAGENT,ACTIVE
2026-09-26,4912274,Sione Vaki,RB,DET,0.7,0.01,0.1,2026-09-26 01:30,,FREEAGENT,ACTIVE
2026-09-26,4601080,Raheim Sanders,RB,CLE,0.5,0.0,0.1,2026-09-25 23:30,,FREEAGENT,ACTIVE
2026-09-26,4360438,Brandon Aiyuk,WR,SF,0.5,-0.01,0.0,2026-09-26 00:30,,FREEAGENT,OUT
2026-09-26,15168,Case Keenum,QB,CHI,0.4,0.04,0.2,2026-09-26 06:30,,FREEAGENT,ACTIVE
2026-09-26,16731,Brandin Cooks,WR,FA,0.4,0.0,0.0,2026-09-25 22:30,,FREEAGENT,ACTIVE
2026-09-26,2576581,Chris Moore,WR,BAL,0.4,0.01,0.1,2026-09-26 03:30,,FREEAGENT,ACTIVE
2026-09-26,4426386,Roschon Johnson,RB,CHI,0.2,0.0,0.0,2026-09-26 03:30,,FREEAGENT,ACTIVE
2026-09-26,5529,Philip Rivers,QB,IND,0.2,0.0,0.0,2026-09-25 23:30,,FREEAGENT,ACTIVE
2026-09-26,4241983,Cody White,WR,LV,0.2,0.0,0.0,2026-09-26 00:30,,FREEAGENT,ACTIVE
2026-09-26,4384852,Dohnte Meyers,WR,CIN,0.2,0.0,0.0,2026-09-25 20:30,,FREEAGENT,ACTIVE
2026-09-26,3068267,Austin Ekeler,RB,FA,0.2,-0.02,0.0,2026-09-25 20:30,,FREEAGENT,ACTIVE
2026-09-26,3054212,Jonnu Smith,TE,GB,0.2,0.0,0.0,2026-09-25 20:30,2026-10-01 03:00,WAIVERS,ACTIVE
2026-09-26,3116385,Joe Mixon,RB,FA,0.1,0.0,0.0,2026-09-25 20:30,,FREEAGENT,OUT
2026-09-26,3128720,Nick Chubb,RB,FA,0.1,0.01,0.0,2026-09-25 20:30,,FREEAGENT,ACTIVE
2026-09-26,3059915,Kareem Hunt,RB,FA,0.1,0.0,0.0,2026-09-25 20:30,,FREEAGENT,ACTIVE
2026-09-26,4429084,Anthony Richardson Sr.,QB,IND,0.1,0.0,0.0,2026-09-25 23:30,,FREEAGENT,ACTIVE
2026-09-26,4431431,Corey Kiner,RB,NE,0.1,0.0,0.0,2026-09-26 00:30,,FREEAGENT,ACTIVE
2026-09-26,2576336,Ameer Abdullah,RB,JAX,0.1,0.0,0.0,2026-09-25 20:30,,FREEAGENT,ACTIVE
2026-09-26,2972515,Cooper Rush,QB,ATL,0.1,0.0,0.0,2026-09-25 23:30,2026-10-01 03:00,WAIVERS,OUT
2026-09-26,4808759,Camden Brown,WR,DAL,0.1,0.0,0.0,2026-09-25 19:30,,FREEAGENT,ACTIVE
2026-09-26,4039057,Lil'Jordan Humphrey,WR,DEN,0.1,0.0,0.0,2026-09-25 23:30,,FREEAGENT,ACTIVE
2026-09-26,5091739,Chris Brazzell II,WR,CAR,0.1,0.0,0.0,2026-09-26 00:30,,FREEAGENT,INJURY_RESERVE
2026-09-26,3051392,Ezekiel Elliott,RB,FA,0.1,0.0,0.0,2026-09-25 23:30,,FREEAGENT,ACTIVE
2026-09-26,4596472,Jalon Daniels,QB,TB,0.1,0.0,0.0,2026-09-26 00:30,,FREEAGENT,ACTIVE
2026-09-26,4432734,Jalen Milroe,QB,SEA,0.1,0.0,0.0,2026-09-25 20:30,,FREEAGENT,ACTIVE
2026-09-26,4429202,Israel Abanikanda,RB,FA,0.1,0.0,0.0,2026-09-25 23:30,,FREEAGENT,ACTIVE
2026-09-26,4429955,Will Howard,QB,PIT,0.1,0.0,0.0,2026-09-25 22:30,,FREEAGENT,ACTIVE
2026-09-26,4567096,John Metchie III,WR,CAR,0.1,0.0,0.0,2026-09-25 08:30,,FREEAGENT,ACTIVE
2026-09-26,4360405,Jake Bobo,WR,SEA,0.1,0.0,0.0,2026-09-25 21:30,,FREEAGENT,INJURY_RESERVE
2026-09-26,5344782,Jack Strand,QB,ATL,0.1,0.0,0.0,2026-09-24 23:30,2026-10-01 03:00,WAIVERS,OUT
2026-09-26,4243003,Ronnie Rivers,RB,LAR,0.1,0.0,0.0,2026-09-25 16:30,,FREEAGENT,INJURY_RESERVE
2026-09-26,4429805,Frank Gore Jr.,RB,BUF,0.1,0.0,0.0,2026-09-25 20:30,,FREEAGENT,ACTIVE
2026-09-26,4722893,Jaleel McLaughlin,RB,CLE,0.1,0.0,0.0,2026-09-25 09:30,,FREEAGENT,ACTIVE
2026-09-26,4569682,Audric Estime,RB,FA,0.1,0.0,0.0,2026-09-24 03:30,,FREEAGENT,QUESTIONABLE
2026-09-26,4600597,Montorie Foster Jr.,WR,SEA,0.1,0.0,0.0,2026-09-25 15:30,,FREEAGENT,ACTIVE
2026-09-26,4426689,Ulysses Bentley IV,RB,FA,0.1,0.0,0.0,2026-09-26 00:30,,FREEAGENT,ACTIVE
2026-09-26,4594749,Michael Trigg,TE,FA,0.1,0.0,0.0,2026-09-26 00:30,,FREEAGENT,ACTIVE
2026-09-26,4431325,Taylen Green,QB,CLE,0.0,0.0,0.0,2026-09-25 23:30,,FREEAGENT,ACTIVE
2026-09-26,4427238,Dillon Gabriel,QB,CLE,0.0,0.0,0.0,2026-09-25 19:30,,FREEAGENT,INJURY_RESERVE
2026-09-26,15795,DeAndre Hopkins,WR,FA,0.0,0.0,0.0,2026-09-25 17:30,,FREEAGENT,ACTIVE
2026-09-26,4431466,Jordan Watkins,WR,SF,0.0,0.0,0.0,2026-09-26 03:30,,FREEAGENT,ACTIVE
2026-09-26,4374033,Jermar Jefferson,RB,FA,0.0,0.0,0.0,2026-09-25 23:30,,FREEAGENT,QUESTIONABLE
2026-09-26,14012,Andy Dalton,QB,PHI,0.0,0.0,0.0,2026-09-25 08:30,,FREEAGENT,ACTIVE
2026-09-26,3126997,Tom Kennedy,WR,DET,0.0,0.0,0.0,2026-09-25 23:30,,FREEAGENT,ACTIVE
2026-09-26,4372414,Elijah Moore,WR,PHI,0.0,0.0,0.0,2026-09-25 20:30,,FREEAGENT,ACTIVE
2026-09-26,16728,Teddy Bridgewater,QB,DET,0.0,0.0,0.0,2026-09-25 20:30,,FREEAGENT,ACTIVE
2026-09-26,16760,Jimmy Garoppolo,QB,FA,0.0,0.0,0.0,2026-09-25 17:30,,FREEAGENT,ACTIVE
2026-09-26,14881,Russell Wilson,QB,FA,0.0,0.0,0.0,2026-09-26 00:30,,FREEAGENT,ACTIVE
2026-09-26,2468609,Taysom Hill,TE,FA,0.0,0.0,0.0,2026-09-25 15:30,,FREEAGENT,ACTIVE
2026-09-26,4361182,Adrian Martinez,QB,FA,0.0,0.0,0.0,2026-09-25 23:30,,FREEAGENT,ACTIVE
2026-09-26,4369466,Ryan Miller,WR,MIA,0.0,0.0,0.0,2026-09-25 13:30,,FREEAGENT,QUESTIONABLE
2026-09-26,4367567,Julius Chestnut,RB,TEN,0.0,0.0,0.0,2026-09-25 16:30,,FREEAGENT,ACTIVE
2026-09-26,4240600,Kadarius Toney,WR,FA,0.0,0.0,0.0,2026-09-25 22:30,,FREEAGENT,ACTIVE
2026-09-26,3120348,JuJu Smith-Schuster,WR,FA,0.0,0.0,0.0,2026-09-25 23:30,,FREEAGENT,ACTIVE
2026-09-26,4036032,Brittain Brown,RB,CHI,0.0,0.0,0.0,2026-09-25 08:30,,FREEAGENT,INJURY_RESERVE
2026-09-26,4683243,Mitchell Evans,TE,CAR,0.0,0.0,0.0,2026-09-25 21:30,,FREEAGENT,ACTIVE
2026-09-26,3116593,Dalvin Cook,RB,FA,0.0,0.0,0.0,2026-09-25 20:30,,FREEAGENT,ACTIVE
2026-09-26,4708049,Gavin Bartholomew,TE,MIN,0.0,0.0,0.0,2026-09-26 00:30,,FREEAGENT,ACTIVE
2026-09-26,4243176,Brady Russell,RB,SEA,0.0,0.0,0.0,2026-09-25 09:30,,FREEAGENT,ACTIVE
2026-09-26,4429466,Drake Dabney,TE,FA,0.0,0.0,0.0,2026-09-25 22:30,,FREEAGENT,ACTIVE
2026-09-26,4245144,Tay Martin,WR,DET,0.0,0.0,0.0,2026-09-25 08:30,,FREEAGENT,ACTIVE
2026-09-26,4685477,Jam Miller,RB,FA,0.0,0.0,0.0,2026-09-25 23:30,,FREEAGENT,QUESTIONABLE
2026-09-26,4429676,Tyler Goodson,RB,DAL,0.0,0.0,0.0,2026-09-25 21:30,,FREEAGENT,ACTIVE
2026-09-26,4433971,Kyle McCord,QB,MIA,0.0,0.0,0.0,2026-09-25 15:30,,FREEAGENT,ACTIVE
2026-09-26,3051738,Marquez Valdes-Scantling,WR,LAC,0.0,0.0,0.0,2026-09-24 18:30,,FREEAGENT,ACTIVE
2026-09-26,4635009,J. Michael Sturdivant,WR,GB,0.0,0.0,0.0,2026-09-25 23:30,2026-10-01 03:00,WAIVERS,ACTIVE
2026-09-26,4430388,DeWayne McBride,RB,FA,0.0,0.0,0.0,2026-09-25 23:30,,FREEAGENT,ACTIVE
2026-09-26,2976499,Amari Cooper,WR,LV,0.0,0.0,0.0,2026-09-24 22:30,,FREEAGENT,ACTIVE
2026-09-26,4567747,Garrett Nussmeier,QB,FA,0.0,0.0,0.0,2026-09-25 15:30,,FREEAGENT,ACTIVE
2026-09-26,4430681,Jared Wayne,WR,HOU,0.0,0.0,0.0,2026-09-26 00:30,,FREEAGENT,ACTIVE
