team,w1,opp1,first4,off
HOU,8.797548848916197,vs BUF,35.9878167191942,0.9172968443627453
SEA,8.502651790092669,vs NE,35.14943068978244,0.7594144914215688
DAL,8.650475319504432,@ NYG,34.174842454488314,0.5584733149509804
CHI,8.346181201857375,@ CAR,33.79665863095891,0.3395909620098041
LAC,8.66306355479855,vs ARI,33.57037186625302,0.3575321384803925
SF,8.178122378327961,@ LA,33.203607160370666,0.2427086090686278
MIN,8.340078260680903,vs GB,33.111195395664794,0.3548409620098041
IND,8.513122378327962,vs BAL,33.10361818978244,0.3001203737745099
BAL,8.281317231269137,@ IND,32.74491966037067,-0.029997273284313737
JAX,8.178240025386785,vs CLE,32.72719539566478,0.2570615502450983
KC,8.105181201857373,vs DEN,32.54750789566479,0.027414491421568824
DET,8.247651790092668,vs NO,32.522621866253026,0.04176743259803936
ATL,8.112534143033844,@ PIT,32.47860716037067,0.0561203737745099
TB,8.070298848916197,@ CIN,32.45468804272361,0.1135321384803925
TEN,8.13235767244561,vs NYJ,32.077460101547146,-0.13046786151960774
PIT,8.155240025386785,vs ATL,31.94478363095891,0.0561203737745099
MIA,8.077798848916197,@ LV,31.850327748605963,-0.05690903799019589
GB,7.949497378327962,@ MIN,31.683217454488315,-0.1878796262254901
NYJ,8.059504731269138,@ TEN,31.66282407213538,-0.11790903799019589
NO,7.869398113622079,@ DET,31.58035348390008,-0.24529139093137245
NE,7.847166495975021,@ SEA,31.566607160370673,0.027414491421568824
LA,7.635574584210314,vs SF,31.488500542723607,-0.11611492034313697
CIN,7.924254731269139,vs TB,31.234371866253028,-0.011159037990195892
WAS,7.730592966563256,@ PHI,31.129228483900082,-0.3009090379901959
DEN,7.880662819504432,@ KC,30.747717454488317,-0.17352668504901933
NYG,7.666651790092668,vs DAL,30.574077748605966,-0.503644332107843
ARI,7.725357672445609,@ LAC,30.523750542723615,-0.28835021446078407
LV,7.468785123426001,vs MIA,30.40673975840989,-0.44527570465686256
CLE,7.323372378327962,@ JAX,30.190313042723616,-0.3771590379901959
PHI,7.5743576724456085,vs WAS,30.119489513311848,-0.4749384497549017
CAR,7.3391223783279615,vs CHI,29.920118189782436,-0.5179972732843136
BUF,7.154769437151491,@ HOU,29.730765248605962,-0.4318796262254901
