player,pos,tm,depth,bye,vbd,goes_at,grade,flag
Jonathon Brooks,RB,CAR,2,5.0,-14.227841430000012,107.72,DISCOUNT,
Kenny Gainwell,RB,TB,2,10.0,-16.85748737,108.08,,
Kyle Monangai,RB,CHI,2,10.0,-5.25147856000001,116.81,,QUESTIONABLE
Rachaad White,RB,WAS,2,7.0,-24.06209138,124.52,,QUESTIONABLE
Blake Corum,RB,LAR,2,11.0,-17.575489680000004,125.88,,
RJ Harvey,RB,DEN,2,10.0,-43.44922682000001,127.4,,
Woody Marks,RB,HOU,2,8.0,-52.89016869000001,138.45,,
Alvin Kamara,RB,NO,2,8.0,-67.70755353000001,147.35,,QUESTIONABLE
Tyjae Spears,RB,TEN,2,9.0,-38.92532351,149.25,,
Isiah Pacheco,RB,DET,2,6.0,-53.66992574000001,151.51,,QUESTIONABLE
Brian Robinson Jr.,RB,ATL,2,11.0,-79.02736004,153.25,,
Tyler Allgeier,RB,ARI,2,14.0,-86.37688023000001,153.34,,
Chris Rodriguez Jr.,RB,JAX,2,7.0,-99.22392442,154.34,,
Mike Washington Jr.,RB,LV,2,13.0,-107.63720146,155.74,,
Tyrone Tracy Jr.,RB,NYG,2,8.0,-109.97639082,156.44,,
Keaton Mitchell,RB,LAC,2,7.0,-84.74973334,156.98,,
Jonah Coleman,RB,DEN,3,10.0,-102.85209574,157.66,,
Trevor Etienne,RB,CAR,3,5.0,-153.91897802,158.01,,
Devin Singletary,RB,NYG,3,8.0,-168.58885584,158.04,,
Kaleb Johnson,RB,PIT,3,9.0,-163.74218631000002,158.07,,
Rasheen Ali,RB,BAL,3,13.0,-168.09341588,158.07,,QUESTIONABLE
Brashard Smith,RB,KC,3,5.0,-167.60228374000002,158.08,,
Dylan Laube,RB,LV,3,13.0,-167.92311412,158.08,,
Will Shipley,RB,PHI,3,10.0,-146.20203128,158.13,,
Jawhar Jordan,RB,HOU,3,8.0,-161.69145522,158.14,,QUESTIONABLE
Phil Mafah,RB,DAL,3,14.0,-142.5707853,158.15,,QUESTIONABLE
Tahj Brooks,RB,CIN,3,6.0,-150.1966734,158.17,,
Seth McGowan,RB,IND,3,13.0,-155.04081039000002,158.17,,
James Conner,RB,ARI,3,14.0,-168.58885584,158.2,,QUESTIONABLE
DJ Giddens,RB,IND,2,13.0,-136.79750374,158.24,,QUESTIONABLE
Chris Brooks,RB,GB,2,11.0,-138.47784441000002,158.25,,
George Holani,RB,SEA,3,11.0,-131.14353571,158.29,,
Sean Tucker,RB,TB,3,10.0,-132.66480164,158.35,,
Emari Demercado,RB,KC,2,5.0,-112.66510151,158.36,,
LeQuint Allen Jr.,RB,JAX,3,7.0,-133.01299826000002,158.36,,QUESTIONABLE
Nicholas Singleton,RB,TEN,3,9.0,-150.92388644000002,158.36,,
Kaytron Allen,RB,WAS,3,7.0,-154.87556579,158.4,,
Jaylen Wright,RB,MIA,3,6.0,-128.91738693000002,158.46,,
MarShawn Lloyd,RB,GB,3,11.0,-90.35548736,158.5,,
Kaelon Black,RB,SF,3,8.0,-112.14827447000002,158.5,,
Isaiah Davis,RB,NYJ,3,13.0,-124.04398831,158.51,,QUESTIONABLE
Jaydon Blue,RB,DAL,2,14.0,-118.02620659000002,158.52,,
Ollie Gordon II,RB,MIA,2,6.0,-135.64268144000002,158.56,,QUESTIONABLE
Ty Johnson,RB,BUF,2,7.0,-94.66152221,158.58,,QUESTIONABLE
Braelon Allen,RB,NYJ,2,13.0,-98.28995528,158.73,,
Kimani Vidal,RB,LAC,3,7.0,-136.16319270000002,158.84,,
Jordan James,RB,SF,2,8.0,-141.41669932000002,158.84,,QUESTIONABLE
Justice Hill,RB,BAL,2,13.0,-74.12850057000001,158.88,,
Ray Davis,RB,BUF,3,7.0,-134.34779131,158.92,,
Samaje Perine,RB,CIN,2,6.0,-77.51740350000001,158.94,,
Dylan Sampson,RB,CLE,2,11.0,-96.48790223,158.96,,
Travis Hunter,WR,JAX,2,7.0,-72.25377599,109.68,,
De'Zhaun Stribling,WR,SF,2,8.0,-54.55271027999999,140.98,,QUESTIONABLE
Tank Dell,WR,HOU,2,8.0,-38.43050412999999,147.27,AVOID,QUESTIONABLE
Ja'Kobi Lane,WR,BAL,2,13.0,-78.85340693999999,154.87,,
Caleb Douglas,WR,MIA,2,6.0,-70.10103429999998,157.38,,
Cyrus Allen,WR,KC,2,5.0,-127.65157983,157.43,,
KaVontae Turpin,WR,DAL,2,14.0,-105.83166315,157.85,,
Malachi Fields,WR,NYG,2,8.0,-115.14963977,157.92,,
Mack Hollins,WR,NE,2,11.0,-140.85869455,157.94,,
Kyle Williams,WR,NE,2,11.0,-144.18279955999998,157.94,,
Jahdae Walker,WR,CHI,2,10.0,-156.46246343,157.94,,
Kaden Wetjen,WR,PIT,2,9.0,-159.45744158,157.94,,
Zavion Thomas,WR,CHI,2,10.0,-133.60131543,157.95,,
Hollywood Brown,WR,PHI,2,10.0,-135.99837509,157.95,,
Myles Price,WR,MIN,2,6.0,-161.58946289,157.95,,
Colbie Young,WR,CIN,2,6.0,-130.97387719,157.96,,
Konata Mumpfield,WR,LAR,2,11.0,-139.24225563,157.96,,
Skyler Bell,WR,BUF,2,7.0,-140.10910524,157.96,,QUESTIONABLE
KeAndre Lambert-Smith,WR,LAC,2,7.0,-148.60980967999998,157.96,,
Barion Brown,WR,NO,2,8.0,-152.63625173,157.96,,
Xavier Smith,WR,LAR,2,11.0,-153.76251707999998,157.96,,
CJ Daniels,WR,LAR,2,11.0,-155.61427060999998,157.96,,
Tai Felton,WR,MIN,2,6.0,-156.38742234999998,157.96,,
Skyy Moore,WR,GB,2,11.0,-163.14227133999998,157.96,,
Elijah Sarratt,WR,BAL,2,13.0,-135.49461528999998,157.97,,
Isaiah Bond,WR,CLE,2,11.0,-137.93582553,157.97,,
Brenen Thompson,WR,LAC,2,7.0,-140.78787193,157.97,,QUESTIONABLE
Tez Johnson,WR,TB,2,10.0,-145.30853994999998,157.97,,QUESTIONABLE
Jimmy Horn Jr.,WR,CAR,2,5.0,-145.64712451999998,157.97,,
Jalen Royals,WR,KC,2,5.0,-148.59229652,157.97,,
Greg Dortch,WR,DET,2,6.0,-149.58235736999998,157.97,,
Demarcus Robinson,WR,SF,2,8.0,-155.67895432999998,157.97,,
Cedric Tillman,WR,CLE,2,11.0,-157.68847333999997,157.97,,QUESTIONABLE
Ben Skowronek,WR,PIT,2,9.0,-160.54584036999998,157.97,,
LaJohntay Wester,WR,BAL,2,13.0,-161.67088704999998,157.97,,
David Moore,WR,CAR,2,5.0,-163.53957357,157.97,,
Malik Benson,WR,LV,2,13.0,-124.93449235999998,157.98,,
Bryce Lance,WR,NO,2,8.0,-131.57692175,157.98,,
Kevin Coleman Jr.,WR,MIA,2,6.0,-137.41369263,157.98,,
Dont'e Thornton Jr.,WR,LV,2,13.0,-150.50203172,157.98,,QUESTIONABLE
Reggie Virgil,WR,ARI,2,14.0,-157.13085970999998,157.98,,
Kameron Johnson,WR,TB,2,10.0,-159.93990354,157.98,,
Arian Smith,WR,NYJ,2,13.0,-160.02982425,157.98,,
Charlie Jones,WR,CIN,2,6.0,-161.07369959,157.98,,
Josh Cameron,WR,JAX,2,7.0,-163.20338092,157.98,,
Treylon Burks,WR,WAS,2,7.0,-126.10287868,157.99,,
Jaylin Lane,WR,WAS,2,7.0,-132.43369922,157.99,,
Elic Ayomanor,WR,TEN,2,9.0,-144.02735959999998,157.99,,
Mason Tipton,WR,NO,2,8.0,-149.5234051,157.99,,OUT
Derius Davis,WR,LAC,2,7.0,-153.60143688,157.99,,
Lewis Bond,WR,HOU,2,8.0,-156.87285279,157.99,,
Brycen Tremayne,WR,CAR,2,5.0,-157.19982666,157.99,,
Anthony Gould,WR,IND,2,13.0,-162.11089359,157.99,,QUESTIONABLE
Jacob Cowing,WR,SF,2,8.0,-162.47746605999998,157.99,,
Devin Duvernay,WR,ARI,2,14.0,-162.73706836999995,157.99,,
Dareke Young,WR,LV,2,13.0,-163.18292621999998,157.99,,
Laquon Treadwell,WR,IND,2,13.0,-163.53957357,157.99,,
Tylan Wallace,WR,CLE,2,11.0,-163.53957357,157.99,,
Chimere Dike,WR,TEN,2,9.0,-129.42674345999998,158.05,,
Marvin Mims Jr.,WR,DEN,2,10.0,-105.70524342,158.13,,QUESTIONABLE
Savion Williams,WR,GB,2,11.0,-113.20625690999998,158.16,,
Xavier Hutchinson,WR,HOU,2,8.0,-109.67031577,158.17,,
Ted Hurst III,WR,TB,2,10.0,-110.00539611,158.2,,
Keon Coleman,WR,BUF,2,7.0,-100.32684009,158.34,,QUESTIONABLE
Tory Horton,WR,SEA,2,11.0,-108.86786069,158.34,,QUESTIONABLE
Chris Bell,WR,MIA,2,6.0,-114.07429335,158.49,,QUESTIONABLE
Pat Bryant,WR,DEN,2,10.0,-104.91479164,158.53,,
Zachariah Branch,WR,ATL,2,11.0,-96.74068794,158.78,,
Antonio Williams,WR,WAS,2,7.0,-98.68551525,158.79,,
Kayshon Boutte,WR,NE,2,11.0,-91.21296992,158.82,,
Germie Bernard,WR,PIT,2,9.0,-74.96303930999998,159.14,,
