team_id,team,espn_id,player,pos,nfl,status
1,POT,4430878,Jaxon Smith-Njigba,WR,SEA,ACTIVE
1,POT,4685382,Omarion Hampton,RB,LAC,ACTIVE
1,POT,4595348,Malik Nabers,WR,NYG,ACTIVE
1,POT,4259545,D'Andre Swift,RB,CHI,QUESTIONABLE
1,POT,4426348,Jayden Daniels,QB,WSH,QUESTIONABLE
1,POT,4871023,Carnell Tate,WR,TEN,ACTIVE
1,POT,4360761,Michael Wilson,WR,ARI,ACTIVE
1,POT,4371733,Kenny Gainwell,RB,TB,ACTIVE
1,POT,4870795,Makai Lemon,WR,PHI,ACTIVE
1,POT,4426385,Zach Charbonnet,RB,SEA,OUT
1,POT,4373678,Khalil Shakir,WR,BUF,ACTIVE
1,POT,2473037,Jason Myers,K,SEA,ACTIVE
1,POT,-16021,Eagles D/ST,D/ST,PHI,ACTIVE
1,POT,5083315,Kenyon Sadiq,TE,NYJ,QUESTIONABLE
1,POT,4723086,Colston Loveland,TE,CHI,ACTIVE
1,POT,3912547,Sam Darnold,QB,SEA,ACTIVE
1,POT,4599739,Kendre Miller,RB,NO,ACTIVE
2,???,4374302,Amon-Ra St. Brown,WR,DET,ACTIVE
2,???,3043078,Derrick Henry,RB,BAL,ACTIVE
2,???,4241478,DeVonta Smith,WR,PHI,QUESTIONABLE
2,???,4882093,Bhayshul Tuten,RB,JAX,ACTIVE
2,???,2577417,Dak Prescott,QB,DAL,ACTIVE
2,???,5083076,Harold Fannin Jr.,TE,CLE,ACTIVE
2,???,4047365,Josh Jacobs,RB,GB,DAY_TO_DAY
2,???,3116165,Chris Godwin Jr.,WR,TB,ACTIVE
2,???,4575131,Jacory Croskey-Merritt,RB,WSH,ACTIVE
2,???,-16014,Rams D/ST,D/ST,LAR,ACTIVE
2,???,-16033,Ravens D/ST,D/ST,BAL,ACTIVE
2,???,4036378,Jordan Love,QB,GB,ACTIVE
2,???,4361370,Chris Olave,WR,NO,ACTIVE
2,???,3117256,Dalton Schultz,TE,HOU,ACTIVE
2,???,4366031,Tank Dell,WR,HOU,INJURY_RESERVE
2,???,3123076,David Njoku,TE,LAC,INJURY_RESERVE
2,???,3116406,Tyreek Hill,WR,?,OUT
2,???,4360234,Evan McPherson,K,CIN,ACTIVE
3,Boo,3918298,Josh Allen,QB,BUF,ACTIVE
3,Boo,4567048,Kenneth Walker III,RB,KC,ACTIVE
3,Boo,4372016,Jaylen Waddle,WR,DEN,ACTIVE
3,Boo,4431459,Tyler Warren,TE,IND,ACTIVE
3,Boo,4432708,Marvin Harrison Jr.,WR,ARI,ACTIVE
3,Boo,4426338,Bo Nix,QB,DEN,ACTIVE
3,Boo,4035687,Michael Pittman Jr.,WR,PIT,ACTIVE
3,Boo,4385690,Dalton Kincaid,TE,BUF,ACTIVE
3,Boo,-16034,Texans D/ST,D/ST,HOU,ACTIVE
3,Boo,4568490,RJ Harvey,RB,DEN,ACTIVE
3,Boo,-16026,Seahawks D/ST,D/ST,SEA,ACTIVE
3,Boo,15818,Keenan Allen,WR,IND,QUESTIONABLE
3,Boo,4689936,Jake Bates,K,DET,ACTIVE
3,Boo,4832800,Denzel Boston,WR,CLE,ACTIVE
3,Boo,4239996,Travis Etienne Jr.,RB,NO,INJURY_RESERVE
3,Boo,4428557,Tyjae Spears,RB,TEN,QUESTIONABLE
4,TURD,4379399,James Cook III,RB,BUF,ACTIVE
4,TURD,4430737,Kyren Williams,RB,LAR,ACTIVE
4,TURD,4567750,Emeka Egbuka,WR,TB,ACTIVE
4,TURD,4431299,Rome Odunze,WR,CHI,ACTIVE
4,TURD,4432620,Parker Washington,WR,JAX,ACTIVE
4,TURD,12483,Matthew Stafford,QB,LAR,ACTIVE
4,TURD,4701936,Matthew Golden,WR,GB,ACTIVE
4,TURD,4429025,Quentin Johnston,WR,LAC,ACTIVE
4,TURD,3116365,Mark Andrews,TE,BAL,ACTIVE
4,TURD,3054850,Alvin Kamara,RB,NO,ACTIVE
4,TURD,4870653,KC Concepcion,WR,CLE,ACTIVE
4,TURD,-16016,Vikings D/ST,D/ST,MIN,ACTIVE
4,TURD,3953687,Brandon Aubrey,K,DAL,ACTIVE
4,TURD,4241474,Brian Robinson Jr.,RB,ATL,ACTIVE
4,TURD,2576925,Darren Waller,TE,CAR,ACTIVE
5,LOOP,4429160,De'Von Achane,RB,MIA,INJURY_RESERVE
5,LOOP,4262921,Justin Jefferson,WR,MIN,QUESTIONABLE
5,LOOP,3916387,Lamar Jackson,QB,BAL,ACTIVE
5,LOOP,4239993,Tee Higgins,WR,CIN,ACTIVE
5,LOOP,4685512,Jadarian Price,RB,SEA,QUESTIONABLE
5,LOOP,3128429,Courtland Sutton,WR,DEN,ACTIVE
5,LOOP,2976212,Stefon Diggs,WR,WSH,ACTIVE
5,LOOP,3916433,Jakobi Meyers,WR,JAX,QUESTIONABLE
5,LOOP,3042519,Aaron Jones Sr.,RB,MIN,ACTIVE
5,LOOP,4697745,Tyler Loop,K,BAL,ACTIVE
5,LOOP,4696981,Cam Skattebo,RB,NYG,ACTIVE
5,LOOP,3046439,Hunter Henry,TE,NE,ACTIVE
5,LOOP,-16002,Bills D/ST,D/ST,BUF,ACTIVE
5,LOOP,14880,Kirk Cousins,QB,LV,ACTIVE
5,LOOP,4682745,Jaylen Wright,RB,MIA,ACTIVE
5,LOOP,4431492,Roman Wilson,WR,PIT,ACTIVE
6,BC,4242335,Jonathan Taylor,RB,IND,ACTIVE
6,BC,4870808,Jeremiyah Love,RB,ARI,ACTIVE
6,BC,3040151,George Kittle,TE,SF,ACTIVE
6,BC,3915511,Joe Burrow,QB,CIN,ACTIVE
6,BC,4047650,DK Metcalf,WR,PIT,ACTIVE
6,BC,4569987,Jaylen Warren,RB,PIT,ACTIVE
6,BC,3139477,Patrick Mahomes,QB,KC,ACTIVE
6,BC,4429205,Jordan Addison,WR,MIN,ACTIVE
6,BC,-16023,Steelers D/ST,D/ST,PIT,ACTIVE
6,BC,3055899,Harrison Butker,K,KC,ACTIVE
6,BC,3126486,Deebo Samuel Sr.,WR,SF,ACTIVE
6,BC,4428993,Haynes King,QB,CAR,ACTIVE
6,BC,4429615,Zay Flowers,WR,BAL,ACTIVE
6,BC,3929645,Juwan Johnson,TE,NO,ACTIVE
6,BC,4032473,Rashid Shaheed,WR,SEA,ACTIVE
7,ART,3117251,Christian McCaffrey,RB,SF,ACTIVE
7,ART,4361579,Javonte Williams,RB,DAL,ACTIVE
7,ART,4258173,Nico Collins,WR,HOU,QUESTIONABLE
7,ART,4612826,Ladd McConkey,WR,LAC,QUESTIONABLE
7,ART,4248528,Christian Watson,WR,GB,ACTIVE
7,ART,4431611,Caleb Williams,QB,CHI,DOUBTFUL
7,ART,16737,Mike Evans,WR,SF,QUESTIONABLE
7,ART,4360569,Jordan Mason,RB,MIN,INJURY_RESERVE
7,ART,15847,Travis Kelce,TE,KC,ACTIVE
7,ART,4695883,Jalen Coker,WR,CAR,QUESTIONABLE
7,ART,2971573,Ka'imi Fairbairn,K,HOU,ACTIVE
7,ART,-16030,Jaguars D/ST,D/ST,JAX,ACTIVE
7,ART,4569173,Rhamondre Stevenson,RB,NE,ACTIVE
7,ART,4869645,Caleb Douglas,WR,MIA,QUESTIONABLE
7,ART,4360689,Tyler Shough,QB,NO,ACTIVE
7,ART,4832955,Emmett Johnson,RB,KC,ACTIVE
9,JUG,4426515,Puka Nacua,WR,LAR,QUESTIONABLE
9,JUG,4890973,Ashton Jeanty,RB,LV,ACTIVE
9,JUG,4685702,Quinshon Judkins,RB,CLE,ACTIVE
9,JUG,16800,Davante Adams,WR,LAR,ACTIVE
9,JUG,4040715,Jalen Hurts,QB,PHI,ACTIVE
9,JUG,4430027,Sam LaPorta,TE,DET,ACTIVE
9,JUG,4038815,Rico Dowdle,RB,PIT,OUT
9,JUG,4241985,J.K. Dobbins,RB,DEN,ACTIVE
9,JUG,4686658,Mike Washington Jr.,RB,LV,ACTIVE
9,JUG,4034949,Eddy Pineiro,K,SF,ACTIVE
9,JUG,4426354,George Pickens,WR,DAL,ACTIVE
9,JUG,4702555,Jonah Coleman,RB,DEN,INJURY_RESERVE
9,JUG,-16004,Bengals D/ST,D/ST,CIN,ACTIVE
9,JUG,2973405,Kalif Raymond,WR,CHI,ACTIVE
9,JUG,-16009,Packers D/ST,D/ST,GB,ACTIVE
9,JUG,4576297,AJ Barner,TE,SEA,ACTIVE
9,JUG,4373626,Tyler Allgeier,RB,ARI,ACTIVE
9,JUG,4686612,Tre' Harris,WR,LAC,ACTIVE
10,Tets,3929630,Saquon Barkley,RB,PHI,ACTIVE
10,Tets,4362238,Chase Brown,RB,CIN,ACTIVE
10,Tets,4569618,Garrett Wilson,WR,NYJ,ACTIVE
10,Tets,4596448,Bucky Irving,RB,TB,QUESTIONABLE
10,Tets,4432710,TreVeyon Henderson,RB,NE,ACTIVE
10,Tets,4038941,Justin Herbert,QB,LAC,ACTIVE
10,Tets,4678008,Jonathon Brooks,RB,CAR,INJURY_RESERVE
10,Tets,4432773,Brian Thomas Jr.,WR,JAX,ACTIVE
10,Tets,4361050,Isaiah Likely,TE,NYG,ACTIVE
10,Tets,3046779,Jared Goff,QB,DET,ACTIVE
10,Tets,3121023,Dallas Goedert,TE,PHI,DOUBTFUL
10,Tets,3917232,Tyler Bass,K,BUF,ACTIVE
10,Tets,4685472,Tetairoa McMillan,WR,CAR,ACTIVE
10,Tets,-16025,49ers D/ST,D/ST,SF,ACTIVE
10,Tets,4597500,Adonai Mitchell,WR,NYJ,DOUBTFUL
10,Tets,4635008,Keon Coleman,WR,BUF,QUESTIONABLE
10,Tets,4711533,Ollie Gordon II,RB,MIA,ACTIVE
11,FLEM,4430807,Bijan Robinson,RB,ATL,ACTIVE
11,FLEM,4426502,Drake London,WR,ATL,ACTIVE
11,FLEM,4361307,Trey McBride,TE,ARI,ACTIVE
11,FLEM,3121422,Terry McLaurin,WR,WSH,ACTIVE
11,FLEM,4426388,Jameson Williams,WR,DET,ACTIVE
11,FLEM,3916148,Tony Pollard,RB,TEN,ACTIVE
11,FLEM,4569587,Wan'Dale Robinson,WR,TEN,ACTIVE
11,FLEM,4685415,Travis Hunter,WR,JAX,ACTIVE
11,FLEM,4362081,Cameron Dicker,K,LAC,ACTIVE
11,FLEM,4688813,Josh Downs,WR,IND,ACTIVE
11,FLEM,4242355,Jake Ferguson,TE,DAL,ACTIVE
11,FLEM,4361529,Isiah Pacheco,RB,DET,INJURY_RESERVE
11,FLEM,-16027,Buccaneers D/ST,D/ST,TB,ACTIVE
11,FLEM,4685720,Bryce Young,QB,CAR,ACTIVE
11,FLEM,-16029,Panthers D/ST,D/ST,CAR,ACTIVE
12,DUCK,4362628,Ja'Marr Chase,WR,CIN,ACTIVE
12,DUCK,4241389,CeeDee Lamb,WR,DAL,ACTIVE
12,DUCK,4427366,Breece Hall,RB,NYJ,DOUBTFUL
12,DUCK,4035538,David Montgomery,RB,HOU,ACTIVE
12,DUCK,4572680,Tucker Kraft,TE,GB,ACTIVE
12,DUCK,4361741,Brock Purdy,QB,SF,ACTIVE
12,DUCK,4710714,De'Zhaun Stribling,WR,SF,INJURY_RESERVE
12,DUCK,4429096,Blake Corum,RB,LAR,ACTIVE
12,DUCK,4880281,Jordyn Tyson,WR,NO,INJURY_RESERVE
12,DUCK,4686361,Cam Little,K,JAX,ACTIVE
12,DUCK,4428331,Rashee Rice,WR,KC,ACTIVE
12,DUCK,4570037,Terrance Ferguson,TE,LAR,DOUBTFUL
12,DUCK,4696044,Kaelon Black,RB,SF,ACTIVE
12,DUCK,4360939,Rashod Bateman,WR,BAL,ACTIVE
12,DUCK,4685278,Luther Burden III,WR,CHI,ACTIVE
12,DUCK,-16022,Cardinals D/ST,D/ST,ARI,ACTIVE
12,DUCK,4429059,Woody Marks,RB,HOU,ACTIVE
13,WGTS,4429795,Jahmyr Gibbs,RB,DET,ACTIVE
13,WGTS,4432665,Brock Bowers,TE,LV,ACTIVE
13,WGTS,4047646,A.J. Brown,WR,NE,INJURY_RESERVE
13,WGTS,3915416,DJ Moore,WR,BUF,QUESTIONABLE
13,WGTS,4241416,Chuba Hubbard,RB,CAR,ACTIVE
13,WGTS,4697815,Rachaad White,RB,WSH,QUESTIONABLE
13,WGTS,4360078,Alec Pierce,WR,IND,INJURY_RESERVE
13,WGTS,4608686,Kyle Monangai,RB,CHI,ACTIVE
13,WGTS,-16007,Broncos D/ST,D/ST,DEN,ACTIVE
13,WGTS,4360310,Trevor Lawrence,QB,JAX,ACTIVE
13,WGTS,4361432,Romeo Doubs,WR,NE,ACTIVE
13,WGTS,4685247,Braelon Allen,RB,NYJ,ACTIVE
13,WGTS,17427,Cairo Santos,K,CHI,ACTIVE
13,WGTS,4431452,Drake Maye,QB,NE,ACTIVE
13,WGTS,4428850,Dontayvion Wicks,WR,PHI,ACTIVE
13,WGTS,4036133,T.J. Hockenson,TE,MIN,ACTIVE
13,WGTS,4683062,Xavier Worthy,WR,KC,ACTIVE
