Player,k,pos,proj,actual,gp_a,adp,year,ppg_a,ppg_p,form,band
Travis Kelce,travis kelce,TE,184.02335035,261.3,17.0,14.0,2022,15.370588235294118,12.011968038511748,1.2796061549626379,1-24
Josh Allen,josh allen,QB,440.87908502,464.0,16.0,23.0,2022,29.0,28.778008160574412,1.0077139403876365,1-24
Stefon Diggs,stefon diggs,WR,211.85174931,262.6,16.0,12.0,2022,16.4125,13.828443166449086,1.186865347201225,1-24
Tyreek Hill,tyreek hill,WR,202.5076668,281.7,17.0,21.0,2022,16.570588235294117,13.218516109660575,1.2535891394937837,1-24
Patrick Mahomes,patrick mahomes,QB,423.24637382,497.5,17.0,34.0,2022,29.264705882352942,27.627047899477805,1.0592773425823065,25-48
Austin Ekeler,austin ekeler,RB,251.78332644,319.2,17.0,2.0,2022,18.776470588235295,16.43494297911227,1.1424725118973003,1-24
Justin Jefferson,justin jefferson,WR,238.40748393,304.5,17.0,6.0,2022,17.91176470588235,15.561846209530026,1.151005122702809,1-24
Christian McCaffrey,christian mccaffrey,RB,265.0845375,315.7,17.0,3.0,2022,18.570588235294117,17.303168244125327,1.0732478568830364,1-24
Davante Adams,davante adams,WR,205.28018367,285.5,17.0,11.0,2022,16.794117647058822,13.399489795691906,1.2533400825797358,1-24
Ja'Marr Chase,jamarr chase,WR,234.15984791,198.9,12.0,9.0,2022,16.575,15.284585372715403,1.0844258837134124,1-24
Derrick Henry,derrick henry,RB,250.02651639,288.1,16.0,4.0,2022,18.00625,16.32026869386423,1.1033059772336735,1-24
CeeDee Lamb,ceedee lamb,WR,209.09159834,248.1,17.0,16.0,2022,14.594117647058823,13.648276654046997,1.069301129877915,1-24
A.J. Brown,aj brown,WR,184.39704851,255.6,17.0,28.0,2022,15.035294117647059,12.036360868798955,1.2491561429187485,25-48
Joe Mixon,joe mixon,RB,237.91369867,209.5,14.0,10.0,2022,14.964285714285714,15.529614795691906,0.9635967093296467,1-24
Dalvin Cook,dalvin cook,RB,235.92089063,218.3,17.0,7.0,2022,12.841176470588236,15.399535941906006,0.8338677554330821,1-24
Jalen Hurts,jalen hurts,QB,364.55522805,421.0,15.0,66.0,2022,28.066666666666666,23.796033162532634,1.1794682951971271,49-84
Nick Chubb,nick chubb,RB,202.71579126,267.9,17.0,13.0,2022,15.758823529411764,13.232101257180156,1.1909539704331182,1-24
Jaylen Waddle,jaylen waddle,WR,175.35281827,221.7,17.0,39.0,2022,13.041176470588235,11.446006414490862,1.1393647704126617,25-48
Josh Jacobs,josh jacobs,RB,191.77239763,301.8,17.0,42.0,2022,17.75294117647059,12.517780524151435,1.4182179614204442,25-48
Amon-Ra St. Brown,amonra st brown,WR,168.87215669,214.6,16.0,70.0,2022,13.4125,11.02298672911227,1.216775482871344,49-84
Alvin Kamara,alvin kamara,RB,226.41662843,183.2,15.0,20.0,2022,12.213333333333333,14.779153291775456,0.8263892451897097,1-24
Mark Andrews,mark andrews,TE,194.03316472,154.0,15.0,24.0,2022,10.266666666666667,12.665350177545692,0.8106105652624092,1-24
Saquon Barkley,saquon barkley,RB,201.98416529,255.5,16.0,22.0,2022,15.96875,13.184344992819844,1.2111902418130394,1-24
Tee Higgins,tee higgins,WR,197.29907728,183.9,16.0,30.0,2022,11.49375,12.87852984856397,0.8924737633217987,25-48
George Kittle,george kittle,TE,138.20817299,170.5,15.0,43.0,2022,11.366666666666667,9.021421213446475,1.2599640785782835,25-48
Aaron Jones,aaron jones,RB,213.20544113,219.1,17.0,17.0,2022,12.888235294117647,13.916804251305482,0.9260915840580751,1-24
Joe Burrow,joe burrow,QB,354.64530383,419.9,16.0,53.0,2022,26.24375,23.14917126827676,1.1336798927209977,49-84
DK Metcalf,dk metcalf,WR,175.6866016,181.8,17.0,47.0,2022,10.694117647058825,11.467793838120103,0.9325348709627564,25-48
T.J. Hockenson,tj hockenson,TE,133.89986425,172.4,17.0,63.0,2022,10.141176470588235,8.740200016318537,1.160291120529734,49-84
Keenan Allen,keenan allen,WR,190.95043018,131.0,10.0,27.0,2022,13.1,12.464127296344648,1.0510162234817542,25-48
Travis Etienne Jr.,travis etienne,RB,178.12585959,187.6,17.0,46.0,2022,11.035294117647059,11.627014333550914,0.9491081546019611,25-48
Terry McLaurin,terry mclaurin,WR,183.35158751,190.5,17.0,41.0,2022,11.205882352941176,11.968119289164491,0.936311051234807,25-48
Mike Evans,mike evans,WR,186.47006274,186.9,15.0,26.0,2022,12.46,12.171675113577024,1.0236881845541015,25-48
Rhamondre Stevenson,rhamondre stevenson,RB,162.32860872,214.6,17.0,96.0,2022,12.623529411764705,10.595862187989557,1.1913640615365417,85-120
Justin Herbert,justin herbert,QB,395.51999962,328.9,17.0,37.0,2022,19.34705882352941,25.817232351174937,0.7493854709274803,25-48
Najee Harris,najee harris,RB,235.79035131,202.8,17.0,8.0,2022,11.929411764705883,15.391015098563969,0.7750893419511319,1-24
D'Andre Swift,dandre swift,RB,220.55108926,167.1,14.0,15.0,2022,11.935714285714285,14.396285199738903,0.8290829279994227,1-24
Leonard Fournette,leonard fournette,RB,229.37682953,189.6,16.0,25.0,2022,11.85,14.972377906657965,0.7914574474326155,25-48
Michael Pittman Jr.,michael pittman,WR,192.25066152,167.0,16.0,38.0,2022,10.4375,12.54899879373368,0.831739660793652,25-48
Ezekiel Elliott,ezekiel elliott,RB,193.75872246,177.3,15.0,29.0,2022,11.82,12.647436191906005,0.9345767648596212,25-48
Deebo Samuel,deebo samuel,WR,226.76713087,140.4,13.0,19.0,2022,10.8,14.802032041122715,0.7296295515369547,1-24
Tony Pollard,tony pollard,RB,157.16270148,229.3,16.0,84.0,2022,14.33125,10.258661976501307,1.3969901759924876,49-84
Amari Cooper,amari cooper,WR,159.88015464,207.0,17.0,61.0,2022,12.176470588235293,10.436041425587467,1.166771009396396,49-84
Chris Godwin,chris godwin,WR,160.67056547,170.8,15.0,64.0,2022,11.386666666666667,10.487634821801567,1.0857230309922885,49-84
Miles Sanders,miles sanders,RB,172.29480968,206.7,17.0,68.0,2022,12.158823529411764,11.246397498694515,1.081130515867251,49-84
James Conner,james conner,RB,217.68463816,177.2,13.0,32.0,2022,13.63076923076923,14.209180036553525,0.9592931608793529,25-48
Mike Williams,mike williams,WR,179.84543687,145.0,13.0,51.0,2022,11.153846153846153,11.739258281331592,0.9501321026034163,49-84
David Montgomery,david montgomery,RB,196.89650615,160.7,16.0,33.0,2022,10.04375,12.852252359660573,0.781477807852915,25-48
Christian Kirk,christian kirk,WR,159.36800101,199.9,17.0,104.0,2022,11.758823529411766,10.402611031984334,1.1303723164557014,85-120
DeVonta Smith,devonta smith,WR,159.87901218,207.1,17.0,89.0,2022,12.18235294117647,10.435966852480417,1.167343008403766,85-120
DJ Moore,dj moore,WR,195.01941117,167.6,17.0,48.0,2022,9.858823529411765,12.72972657767624,0.7744725284752701,25-48
DeAndre Hopkins,deandre hopkins,WR,121.94240059,119.7,9.0,86.0,2022,13.3,7.959686722584856,1.6709200328528648,85-120
Dalton Schultz,dalton schultz,TE,138.9679705,114.2,15.0,65.0,2022,7.613333333333333,9.071016351174935,0.8393032311475447,49-84
Tyler Lockett,tyler lockett,WR,157.4849923,195.3,16.0,95.0,2022,12.20625,10.279699236292426,1.1874131450175018,85-120
JuJu Smith-Schuster,juju smithschuster,WR,159.7505964,146.3,16.0,79.0,2022,9.14375,10.427584621409922,0.8768809203644388,49-84
Pat Freiermuth,pat freiermuth,TE,112.35496241,116.7,16.0,114.0,2022,7.29375,7.333874830939948,0.9945288361384803,85-120
Garrett Wilson,garrett wilson,WR,143.90804038,174.2,17.0,124.0,2022,10.24705882352941,9.39347522062663,1.0908698413371487,121-180
Lamar Jackson,lamar jackson,QB,362.76271454,268.8,13.0,50.0,2022,20.676923076923078,23.679028364229765,0.8732167029352541,49-84
Jerry Jeudy,jerry jeudy,WR,176.56356157,170.7,15.0,58.0,2022,11.379999999999999,11.525036656005222,0.9874155145589364,49-84
Devin Singletary,devin singletary,RB,173.39460003,158.9,16.0,78.0,2022,9.93125,11.318185380548302,0.8774595631794544,49-84
Dak Prescott,dak prescott,QB,367.03695881,243.8,12.0,71.0,2022,20.316666666666666,23.958026031984332,0.848010877003957,49-84
Chris Olave,chris olave,WR,144.48491036,162.2,15.0,116.0,2022,10.813333333333333,9.431129919060051,1.1465575626818465,85-120
Dallas Goedert,dallas goedert,TE,121.4642902,113.7,12.0,77.0,2022,9.475,7.928478472584856,1.1950590561307213,49-84
Brandon Aiyuk,brandon aiyuk,WR,153.64134924,188.8,17.0,98.0,2022,11.105882352941178,10.028808697127937,1.1073979660337618,85-120
Kirk Cousins,kirk cousins,QB,326.02126651,348.7,17.0,113.0,2022,20.511764705882353,21.28076152154047,0.963864224742158,85-120
Marquise Brown,marquise brown,WR,174.06804066,122.5,12.0,57.0,2022,10.208333333333334,11.362143646214099,0.8984513531242656,49-84
Cam Akers,cam akers,RB,134.76461502,134.8,15.0,31.0,2022,8.986666666666668,8.796645889033943,1.0216015035764494,25-48
Diontae Johnson,diontae johnson,WR,174.63534664,137.7,17.0,40.0,2022,8.1,11.399174062663185,0.7105777976082241,25-48
Christian Watson,christian watson,WR,91.12522518,143.6,14.0,143.0,2022,10.257142857142856,5.948121748041776,1.7244339123555574,121-180
Adam Thielen,adam thielen,WR,155.41306053,145.0,17.0,73.0,2022,8.529411764705882,10.144455648172324,0.8407954118506679,49-84
Jamaal Williams,jamaal williams,RB,111.43680287,219.9,17.0,148.0,2022,12.935294117647059,7.27394274608355,1.7783057372305693,121-180
Tom Brady,tom brady,QB,374.43891533,320.7,17.0,81.0,2022,18.86470588235294,24.441182462793734,0.7718409660035991,49-84
Evan Engram,evan engram,TE,99.09082001,140.4,17.0,177.0,2022,8.258823529411766,6.468069191253264,1.2768607269353471,121-180
Allen Lazard,allen lazard,WR,144.65289525,144.8,15.0,112.0,2022,9.653333333333334,9.442094990208878,1.022371978183179,85-120
David Njoku,david njoku,TE,107.82823133,113.0,14.0,172.0,2022,8.071428571428571,7.0383963009138375,1.1467709725837132,121-180
Courtland Sutton,courtland sutton,WR,177.64597772,127.4,15.0,59.0,2022,8.493333333333334,11.595690451697127,0.7324560248234518,49-84
Aaron Rodgers,aaron rodgers,QB,378.26908742,289.8,17.0,94.0,2022,17.04705882352941,24.691193695822456,0.6904104772550398,85-120
Cordarrelle Patterson,cordarrelle patterson,RB,145.52817533,144.2,13.0,87.0,2022,11.092307692307692,9.49922815469974,1.1677062085112437,85-120
Tua Tagovailoa,tua tagovailoa,QB,323.27708005,280.2,13.0,120.0,2022,21.553846153846152,21.10163707898172,1.0214300470229798,85-120
Darren Waller,darren waller,TE,153.449526,70.8,9.0,49.0,2022,7.866666666666666,10.016287597911226,0.7853874591527467,49-84
Jonathan Taylor,jonathan taylor,RB,295.3735579,132.4,11.0,1.0,2022,12.036363636363637,19.28025834856397,0.6242843544293134,1-24
Cooper Kupp,cooper kupp,WR,255.34436489,163.9,9.0,5.0,2022,18.211111111111112,16.667386742167103,1.092619460556376,1-24
J.K. Dobbins,jk dobbins,RB,197.54293594,77.7,8.0,52.0,2022,9.7125,12.894447515665796,0.7532311863846849,49-84
Raheem Mostert,raheem mostert,RB,123.74591894,152.8,16.0,128.0,2022,9.55,8.077409852480418,1.18230969759042,121-180
Dawson Knox,dawson knox,TE,121.59706849,111.7,15.0,92.0,2022,7.446666666666667,7.937145462793733,0.9382046356053015,85-120
AJ Dillon,aj dillon,RB,152.59493189,153.6,17.0,54.0,2022,9.035294117647059,9.960504692558747,0.9071120788083268,49-84
D'Onta Foreman,donta foreman,RB,63.85019522,128.5,17.0,176.0,2022,7.5588235294117645,4.167767312010444,1.8136385655766243,121-180
Antonio Gibson,antonio gibson,RB,167.13225992,142.9,15.0,36.0,2022,9.526666666666667,10.90941644386423,0.8732517193460645,25-48
Gerald Everett,gerald everett,TE,102.44725545,110.5,16.0,178.0,2022,6.90625,6.687157666449086,1.0327631475851313,121-180
Drake London,drake london,WR,155.9291049,142.6,17.0,102.0,2022,8.388235294117647,10.178140006527414,0.824142258677728,85-120
Brandin Cooks,brandin cooks,WR,172.73737875,117.1,13.0,62.0,2022,9.007692307692308,11.2752858191906,0.7988881569956449,49-84
Michael Carter,michael carter,RB,128.81749474,105.5,16.0,101.0,2022,6.59375,8.40845265926893,0.7841811409536189,85-120
Jakobi Meyers,jakobi meyers,WR,137.71268033,146.8,14.0,180.0,2022,10.485714285714286,8.989078350522194,1.1664949260460222,121-180
Tyler Boyd,tyler boyd,WR,134.90343141,138.0,16.0,126.0,2022,8.625,8.805707011096604,0.9794784211115718,121-180
Kareem Hunt,kareem hunt,RB,158.96077888,109.3,17.0,76.0,2022,6.429411764705883,10.376029953002611,0.6196408254243081,49-84
Tyler Allgeier,tyler allgeier,RB,75.33355031,151.4,16.0,139.0,2022,9.4625,4.917333571148825,1.924315254006512,121-180
Cole Kmet,cole kmet,TE,115.92273937,122.3,17.0,135.0,2022,7.194117647058824,7.566758444516971,0.950752914845832,121-180
Dameon Pierce,dameon pierce,RB,167.56394583,151.4,13.0,125.0,2022,11.646153846153847,10.93759437532637,1.0647820212117105,121-180
Rachaad White,rachaad white,RB,83.7968002,114.1,17.0,132.0,2022,6.711764705882352,5.469765026109661,1.2270663682706782,121-180
George Pickens,george pickens,WR,118.938362,140.5,17.0,165.0,2022,8.264705882352942,7.7636006527415145,1.0645454669843786,121-180
Kyler Murray,kyler murray,QB,364.86728699,227.6,11.0,56.0,2022,20.69090909090909,23.816402545039164,0.8687671889900477,49-84
Michael Gallup,michael gallup,WR,131.89313095,85.9,14.0,142.0,2022,6.135714285714286,8.609212203002611,0.7126917238228081,121-180
Damien Harris,damien harris,RB,165.59587693,82.4,11.0,55.0,2022,7.490909090909091,10.809130347911227,0.6930168153959441,49-84
Derek Carr,derek carr,QB,314.61997175,266.0,15.0,103.0,2022,17.733333333333334,20.5365516808094,0.8635010204709507,85-120
Chase Claypool,chase claypool,WR,150.42075114,84.0,15.0,110.0,2022,5.6,9.818586889033941,0.5703468394473808,85-120
James Cook,james cook,RB,106.67404201,95.2,16.0,106.0,2022,5.95,6.963057572454307,0.8545096659171771,85-120
Marquez Valdes-Scantling,marquez valdesscantling,WR,149.48492344,101.4,17.0,129.0,2022,5.964705882352941,9.757501530026108,0.61129438350567,121-180
James Robinson,james robinson,RB,138.10407526,83.1,11.0,105.0,2022,7.554545454545454,9.014626322454308,0.8380320142309199,85-120
Robert Woods,robert woods,WR,145.83141658,89.2,17.0,100.0,2022,5.247058823529412,9.51902196997389,0.551218270120644,85-120
Kyle Pitts,kyle pitts,TE,159.96338159,61.6,10.0,35.0,2022,6.16,10.441473994125326,0.5899550200925456,25-48
Russell Wilson,russell wilson,QB,361.48648183,255.7,15.0,75.0,2022,17.046666666666667,23.595723357049607,0.7224473015180396,49-84
Clyde Edwards-Helaire,clyde edwardshelaire,RB,172.12695099,89.8,10.0,60.0,2022,8.98,11.235440665143603,0.7992565906078971,49-84
Darnell Mooney,darnell mooney,WR,174.03644002,81.5,12.0,74.0,2022,6.791666666666667,11.360080941253262,0.5978537214469354,49-84
Mike Gesicki,mike gesicki,TE,109.6289329,82.2,17.0,108.0,2022,4.835294117647059,7.155935567885117,0.6757039763391964,85-120
Elijah Moore,elijah moore,WR,164.3093866,69.6,16.0,85.0,2022,4.35,10.725155783289818,0.40558851432045934,85-120
Treylon Burks,treylon burks,WR,136.25684784,71.6,11.0,115.0,2022,6.509090909090909,8.894050120104438,0.7318477882621237,85-120
Noah Fant,noah fant,TE,110.09530938,97.6,17.0,167.0,2022,5.741176470588235,7.186377896866841,0.7988971012909448,121-180
Kadarius Toney,kadarius toney,WR,149.27523485,49.3,9.0,119.0,2022,5.477777777777778,9.743814285248042,0.5621800269809158,85-120
Zach Ertz,zach ertz,TE,118.77815396,92.1,10.0,97.0,2022,9.209999999999999,7.753143208877284,1.1879053116747058,85-120
Allen Robinson II,allen robinson,WR,164.90941378,68.4,10.0,67.0,2022,6.840000000000001,10.764322048302871,0.6354324935009178,49-84
Breece Hall,breece hall,RB,193.04090449,105.6,7.0,44.0,2022,15.085714285714285,12.60058123302872,1.1972236841084378,25-48
Rondale Moore,rondale moore,WR,105.86232118,67.4,8.0,161.0,2022,8.425,6.910073184073107,1.2192345544789047,121-180
DJ Chark,dj chark,WR,122.59272674,83.2,11.0,171.0,2022,7.5636363636363635,8.002136210182767,0.9452021516469052,121-180
Matthew Stafford,matthew stafford,QB,348.63339439,127.5,9.0,83.0,2022,14.166666666666666,22.756748981070494,0.6225259450921911,49-84
Elijah Mitchell,elijah mitchell,RB,184.31509592,42.1,5.0,45.0,2022,8.42,12.03101148302872,0.6998580303806946,25-48
Michael Thomas,michael thomas,WR,168.77340753,43.1,3.0,69.0,2022,14.366666666666667,11.01654096148825,1.304099600490737,49-84
Hunter Renfrow,hunter renfrow,WR,159.30921799,61.0,10.0,80.0,2022,6.1,10.398774020234987,0.5866076124098862,49-84
Gus Edwards,gus edwards,RB,78.10051638,59.3,9.0,147.0,2022,6.588888888888889,5.097944933420366,1.2924597999665335,121-180
Hunter Henry,hunter henry,TE,120.17219357,83.4,17.0,163.0,2022,4.905882352941177,7.844137961488251,0.6254202025802201,121-180
Nyheim Hines,nyheim hines,RB,118.03978443,66.4,16.0,123.0,2022,4.15,7.704946764360313,0.538615012785821,121-180
Javonte Williams,javonte williams,RB,213.96320458,34.0,4.0,18.0,2022,8.5,13.966266617493472,0.6086093179227517,1-24
Rashod Bateman,rashod bateman,WR,159.58938552,46.0,7.0,88.0,2022,6.571428571428571,10.417061718015667,0.6308332185518004,85-120
Chase Edmonds,chase edmonds,RB,150.21806723,66.2,13.0,91.0,2022,5.092307692307693,9.805356868798956,0.5193393530134148,85-120
Mecole Hardman,mecole hardman,WR,117.33041643,81.3,8.0,152.0,2022,10.1625,7.658643370104438,1.3269321352224575,121-180
Melvin Gordon III,melvin gordon,RB,131.96687462,74.6,10.0,93.0,2022,7.459999999999999,8.614025758485639,0.8660294511716762,85-120
Jarvis Landry,jarvis landry,WR,117.54637108,47.7,9.0,130.0,2022,5.300000000000001,7.672739626631854,0.6907571816465472,121-180
Russell Gage,russell gage,WR,135.97471448,98.1,13.0,107.0,2022,7.546153846153846,8.87563410443864,0.8502101097633203,85-120
Robert Tonyan,robert tonyan,TE,99.07405012,85.5,17.0,179.0,2022,5.029411764705882,6.466974550913838,0.7777070599412185,121-180
Jameson Williams,jameson williams,WR,76.72060378,14.6,6.0,151.0,2022,2.433333333333333,5.007872309399478,0.485901633068022,121-180
Julio Jones,julio jones,WR,106.66755901,58.4,10.0,157.0,2022,5.84,6.962634400130549,0.838762983144785,121-180
Alexander Mattison,alexander mattison,RB,98.42910872,80.9,17.0,111.0,2022,4.758823529411765,6.424876548302872,0.7406871546300459,85-120
Darrell Henderson Jr.,darrell henderson,RB,178.30816223,65.0,10.0,118.0,2022,6.5,11.638913983681462,0.5584713495703668,85-120
Skyy Moore,skyy moore,WR,111.64529434,32.4,16.0,136.0,2022,2.025,7.287551849869452,0.2778710932994975,121-180
Rashaad Penny,rashaad penny,RB,150.2032576,50.2,5.0,82.0,2022,10.040000000000001,9.804390182767625,1.0240310527060101,49-84
Trey Lance,trey lance,QB,328.74541135,12.3,2.0,99.0,2022,6.15,21.45857776436031,0.28659867711336806,85-120
Irv Smith Jr.,irv smith,TE,119.02819216,42.7,8.0,155.0,2022,5.3375,7.769464240208877,0.6869843061220532,121-180
J.D. McKissic,jd mckissic,RB,119.14172512,42.3,8.0,131.0,2022,5.2875,7.776875007832898,0.6799003448910275,121-180
DeVante Parker,devante parker,WR,120.58685046,87.4,13.0,137.0,2022,6.723076923076923,7.871204338120104,0.8541357375919184,121-180
Kenny Golladay,kenny golladay,WR,123.87727985,17.1,12.0,149.0,2022,1.425,8.085984324412532,0.17623086353231707,121-180
Kenneth Gainwell,kenneth gainwell,RB,101.9636698,76.4,17.0,134.0,2022,4.4941176470588236,6.655592023498695,0.6752393522907624,121-180
Jameis Winston,jameis winston,QB,292.49331478,51.6,4.0,170.0,2022,12.9,19.0922529229765,0.6756667247203468,121-180
Mark Ingram II,mark ingram,RB,84.32484758,42.1,11.0,150.0,2022,3.8272727272727276,5.50423287075718,0.6953326316563048,121-180
Albert Okwuegbunam,albert okwuegbunam,TE,99.23137497,20.5,8.0,141.0,2022,2.5625,6.4772437969973895,0.39561580207740216,121-180
Ronald Jones,ronald jones,RB,36.66858365,15.7,7.0,109.0,2022,2.242857142857143,2.393510682114883,0.937057502862438,85-120
Isaiah Spiller,isaiah spiller,RB,48.29251243,6.9,6.0,122.0,2022,1.1500000000000001,3.1522527695822453,0.3648184597050587,121-180
Amon-Ra St. Brown,amonra st brown,WR,229.16291066,260.6,17.0,8.0,2024,15.329411764705883,14.958414533942559,1.0248019086462328,1-24
Justin Jefferson,justin jefferson,WR,229.08037155,265.9,17.0,7.0,2024,15.641176470588235,14.953026863577023,1.0460207564187172,1-24
Ja'Marr Chase,jamarr chase,WR,236.96890888,339.5,17.0,6.0,2024,19.970588235294116,15.467944443864228,1.2910951618536477,1-24
Bijan Robinson,bijan robinson,RB,260.56557318,311.2,17.0,5.0,2024,18.305882352941175,17.008196682767625,1.0762976636722656,1-24
Jahmyr Gibbs,jahmyr gibbs,RB,213.15543621,336.9,17.0,12.0,2024,19.81764705882353,13.913540222584857,1.4243425283419209,1-24
Lamar Jackson,lamar jackson,QB,347.44558696,511.1,17.0,40.0,2024,30.064705882352943,22.679215859007833,1.325650148984834,25-48
Derrick Henry,derrick henry,RB,213.2045033,326.9,17.0,13.0,2024,19.22941176470588,13.916743035248041,1.381746556360351,1-24
Jonathan Taylor,jonathan taylor,RB,236.09254601,235.7,14.0,11.0,2024,16.835714285714285,15.410740601174934,1.0924662689105746,1-24
Josh Jacobs,josh jacobs,RB,195.81681734,275.1,17.0,29.0,2024,16.18235294117647,12.781776588772846,1.2660488022760934,25-48
De'Von Achane,devon achane,RB,187.75666575,260.9,17.0,32.0,2024,15.34705882352941,12.255657033289816,1.2522428444140103,25-48
Brock Bowers,brock bowers,TE,115.70355506,206.7,17.0,125.0,2024,12.158823529411764,7.5524513746736295,1.6099174858887713,121-180
George Kittle,george kittle,TE,143.97420373,197.6,15.0,67.0,2024,13.173333333333334,9.397793977154047,1.4017474063974578,49-84
Trey McBride,trey mcbride,TE,140.91997468,188.3,16.0,52.0,2024,11.76875,9.19843176762402,1.2794300482200456,49-84
Malik Nabers,malik nabers,WR,181.37907658,219.1,15.0,42.0,2024,14.606666666666666,11.839365312010443,1.2337373061585433,25-48
Jayden Daniels,jayden daniels,QB,286.09485678,404.3,17.0,74.0,2024,23.78235294117647,18.674599006527416,1.2735134464126228,49-84
Joe Burrow,joe burrow,QB,332.01774281,457.1,17.0,75.0,2024,26.88823529411765,21.672176423629242,1.2406799745687433,49-84
Davante Adams,davante adams,WR,189.40226648,198.8,14.0,20.0,2024,14.200000000000001,12.363072224543082,1.1485818202865679,1-24
Breece Hall,breece hall,RB,255.45499906,212.4,16.0,3.0,2024,13.275,16.67460829373368,0.7961206504016497,1-24
Mike Evans,mike evans,WR,196.78103126,203.4,14.0,18.0,2024,14.528571428571428,12.844714834203655,1.131093341977815,1-24
Tyreek Hill,tyreek hill,WR,245.9454057,177.7,17.0,4.0,2024,10.452941176470588,16.053877656657964,0.6511162848021007,1-24
Nico Collins,nico collins,WR,190.59734926,176.6,12.0,27.0,2024,14.716666666666667,12.441080238903393,1.1829090709219519,25-48
Josh Allen,josh allen,QB,359.30057997,433.8,17.0,28.0,2024,25.51764705882353,23.453040468015665,1.0880315110368524,25-48
Saquon Barkley,saquon barkley,RB,229.32776262,338.8,16.0,15.0,2024,21.175,14.969175105744124,1.4145736054536842,1-24
Garrett Wilson,garrett wilson,WR,211.29993108,201.4,17.0,9.0,2024,11.847058823529412,13.792423699738903,0.8589540954831371,1-24
Drake London,drake london,WR,183.87855781,230.8,17.0,19.0,2024,13.576470588235296,12.00251682832898,1.131135309570355,1-24
A.J. Brown,aj brown,WR,214.84410308,183.4,13.0,10.0,2024,14.107692307692307,14.023766519582244,1.0059845397449303,1-24
Tee Higgins,tee higgins,WR,169.21221698,185.6,12.0,56.0,2024,15.466666666666667,11.045183875979111,1.4003086630638468,49-84
Aaron Jones,aaron jones,RB,168.26870502,216.1,17.0,61.0,2024,12.711764705882352,10.983596933420365,1.1573407858042932,49-84
Joe Mixon,joe mixon,RB,197.28794814,222.5,14.0,46.0,2024,15.892857142857142,12.877803403394255,1.2341279521838482,25-48
Sam LaPorta,sam laporta,TE,167.71846238,144.6,16.0,30.0,2024,9.0375,10.947680312010444,0.8255173463628792,25-48
Puka Nacua,puka nacua,WR,213.68173858,167.1,11.0,14.0,2024,15.19090909090909,13.947894163185378,1.0891184657110873,1-24
Terry McLaurin,terry mclaurin,WR,156.15299054,226.8,17.0,60.0,2024,13.341176470588236,10.192753951697128,1.308888307694986,49-84
James Cook,james cook,RB,197.22423363,250.7,16.0,41.0,2024,15.66875,12.873644492819842,1.2171184320600978,25-48
DK Metcalf,dk metcalf,WR,190.17805151,158.2,15.0,37.0,2024,10.546666666666665,12.413710934073107,0.8495982162528221,25-48
Brian Thomas Jr.,brian thomas,WR,140.91758296,240.5,17.0,87.0,2024,14.147058823529411,9.19827565013055,1.538012053740597,85-120
Zay Flowers,zay flowers,WR,177.19767568,172.5,17.0,55.0,2024,10.147058823529411,11.566427916449086,0.87728544169621,49-84
Bucky Irving,bucky irving,RB,98.78158788,220.9,17.0,160.0,2024,12.994117647058824,6.447884326370757,2.01525290922405,121-180
Alvin Kamara,alvin kamara,RB,197.13917086,231.3,14.0,59.0,2024,16.521428571428572,12.868092092689295,1.2839066158700274,49-84
Kyren Williams,kyren williams,RB,215.52710673,255.1,16.0,17.0,2024,15.94375,14.068349003263709,1.1333064026419317,1-24
George Pickens,george pickens,WR,173.69375192,134.9,14.0,49.0,2024,9.635714285714286,11.337712266318539,0.8498817097642832,49-84
Chase Brown,chase brown,RB,146.22301001,228.0,16.0,94.0,2024,14.25,9.544582898825064,1.4929934760956576,85-120
DJ Moore,dj moore,WR,184.88111745,189.1,17.0,33.0,2024,11.123529411764705,12.067958058093994,0.9217408080320714,25-48
Travis Kelce,travis kelce,TE,167.71440915,146.9,16.0,35.0,2024,9.18125,10.947415740861619,0.8386682498711233,25-48
Marvin Harrison Jr.,marvin harrison,WR,186.70091815,165.5,17.0,16.0,2024,9.735294117647058,12.18674400456919,0.7988429160403298,1-24
Baker Mayfield,baker mayfield,QB,292.28056875,446.8,17.0,150.0,2024,26.28235294117647,19.078366106396867,1.3775997794886716,121-180
Jaxon Smith-Njigba,jaxon smithnjigba,WR,153.67843712,203.0,17.0,86.0,2024,11.941176470588236,10.031229577023499,1.1904000779664603,85-120
Brian Robinson Jr.,brian robinson,RB,161.2541004,149.8,14.0,83.0,2024,10.700000000000001,10.5257245691906,1.0165570958715293,49-84
Cooper Kupp,cooper kupp,WR,178.87748591,141.5,12.0,24.0,2024,11.791666666666666,11.676076103785899,1.0098997781320804,1-24
D'Andre Swift,dandre swift,RB,163.27544146,193.5,17.0,72.0,2024,11.382352941176471,10.657665891644909,1.067996788124094,49-84
Jordan Addison,jordan addison,WR,153.38125619,181.0,15.0,100.0,2024,12.066666666666666,10.011831343994777,1.2052407049290144,85-120
Patrick Mahomes,patrick mahomes,QB,373.8713249,333.6,16.0,39.0,2024,20.85,24.40413347911227,0.8543634633799112,25-48
Jalen Hurts,jalen hurts,QB,355.79489514,349.8,15.0,31.0,2024,23.32,23.224209865535247,1.0041245809876576,25-48
Kyler Murray,kyler murray,QB,298.59377113,338.0,17.0,50.0,2024,19.88235294117647,19.4904550345953,1.0201071707092295,49-84
Mark Andrews,mark andrews,TE,153.11723351,161.3,17.0,48.0,2024,9.488235294117647,9.994597487597911,0.9493364095844181,25-48
Zach Charbonnet,zach charbonnet,RB,122.19144394,165.9,17.0,123.0,2024,9.758823529411766,7.975942815926893,1.2235322838479605,121-180
Rachaad White,rachaad white,RB,198.44393203,174.1,16.0,45.0,2024,10.88125,12.95325927088773,0.8400395431330135,25-48
Najee Harris,najee harris,RB,160.97303981,186.6,17.0,64.0,2024,10.976470588235294,10.507378577676239,1.0446440572300002,49-84
Deebo Samuel Sr.,deebo samuel,WR,190.04361349,128.1,15.0,25.0,2024,8.54,12.404935606396867,0.6884356574649342,25-48
DeVonta Smith,devonta smith,WR,183.21214452,165.4,13.0,38.0,2024,12.723076923076924,11.959017266318538,1.0638898364090743,25-48
Ladd McConkey,ladd mcconkey,WR,146.10345017,199.9,16.0,111.0,2024,12.49375,9.536778731723238,1.310059754080344,85-120
T.J. Hockenson,tj hockenson,TE,100.82755418,66.0,10.0,166.0,2024,6.6,6.581433040469975,1.00282111196997,121-180
Courtland Sutton,courtland sutton,WR,153.93596432,201.6,17.0,90.0,2024,11.858823529411765,10.048039446475196,1.1802126765706302,85-120
Tony Pollard,tony pollard,RB,153.72345976,180.2,16.0,80.0,2024,11.2625,10.034168391644908,1.1224148888489731,49-84
CeeDee Lamb,ceedee lamb,WR,260.24454362,212.9,15.0,2.0,2024,14.193333333333333,16.987241750652743,0.8355290129892893,1-24
Rhamondre Stevenson,rhamondre stevenson,RB,168.82795892,159.4,15.0,63.0,2024,10.626666666666667,11.020101757180155,0.9642984158238698,49-84
Jayden Reed,jayden reed,WR,149.25008093,169.5,17.0,77.0,2024,9.970588235294118,9.742172384464752,1.0234460900315834,49-84
Travis Etienne Jr.,travis etienne,RB,201.97153211,110.7,15.0,21.0,2024,7.38,13.183520372715405,0.5597897823462721,1-24
Calvin Ridley,calvin ridley,WR,182.86752751,167.2,17.0,69.0,2024,9.835294117647058,11.936522683420366,0.8239664413580112,49-84
Jameson Williams,jameson williams,WR,134.7409316,183.2,15.0,105.0,2024,12.213333333333333,8.79509997389034,1.3886520186911537,85-120
James Conner,james conner,RB,161.16368516,230.3,16.0,58.0,2024,14.39375,10.519822791122715,1.3682502344190006,49-84
J.K. Dobbins,jk dobbins,RB,140.23205445,175.8,13.0,140.0,2024,13.523076923076925,9.153528358355091,1.4773622141819693,121-180
Kenneth Walker III,kenneth walker,RB,197.05726393,158.2,12.0,43.0,2024,13.183333333333332,12.862745687336815,1.0249237335316463,25-48
Jared Goff,jared goff,QB,280.84739123,396.8,17.0,101.0,2024,23.341176470588238,18.332075145561358,1.2732424608372668,85-120
Keenan Allen,keenan allen,WR,159.89897471,149.4,15.0,79.0,2024,9.96,10.437269889686684,0.9542725353726567,49-84
Tyrone Tracy Jr.,tyrone tracy,RB,71.90390487,163.3,17.0,176.0,2024,9.605882352941178,4.693466375326371,2.046649871284784,121-180
Jerry Jeudy,jerry jeudy,WR,145.95356223,195.9,17.0,152.0,2024,11.523529411764706,9.526994923629243,1.2095660283373908,121-180
Isiah Pacheco,isiah pacheco,RB,209.76733161,50.9,7.0,22.0,2024,7.271428571428571,13.692384569843343,0.5310564083515049,1-24
Rico Dowdle,rico dowdle,RB,134.58617644,178.3,16.0,134.0,2024,11.14375,8.784998462140992,1.2684976608731422,121-180
Brock Purdy,brock purdy,QB,307.47042575,305.5,15.0,85.0,2024,20.366666666666667,20.069871132506528,1.0147881135957784,85-120
Jakobi Meyers,jakobi meyers,WR,138.80615116,174.5,15.0,124.0,2024,11.633333333333333,9.060453731070497,1.2839680747377813,121-180
Jaylen Waddle,jaylen waddle,WR,178.78269569,120.6,15.0,34.0,2024,8.04,11.669888752610966,0.6889525830485032,25-48
Justin Herbert,justin herbert,QB,297.69869877,329.8,17.0,135.0,2024,19.400000000000002,19.432029945822457,0.9983516932656158,121-180
Darnell Mooney,darnell mooney,WR,146.18260417,161.2,16.0,156.0,2024,10.075,9.541945441906005,1.0558643477202188,121-180
Jordan Love,jordan love,QB,248.04032453,282.5,15.0,76.0,2024,18.833333333333332,16.190621705613577,1.163224839402151,49-84
Xavier Worthy,xavier worthy,WR,148.01834896,157.7,17.0,97.0,2024,9.276470588235293,9.66177212532637,0.9601210283068995,85-120
David Njoku,david njoku,TE,138.65289211,116.5,11.0,102.0,2024,10.590909090909092,9.050449876631854,1.1702080267031458,85-120
Michael Pittman Jr.,michael pittman,WR,181.20596303,131.3,16.0,36.0,2024,8.20625,11.828065471932113,0.6937947730736995,25-48
DeAndre Hopkins,deandre hopkins,WR,144.98205179,119.0,16.0,96.0,2024,7.4375,9.463580404046999,0.785907625069623,85-120
Khalil Shakir,khalil shakir,WR,123.46551311,144.5,15.0,110.0,2024,9.633333333333333,8.059106599869452,1.1953351421718856,85-120
Dalton Kincaid,dalton kincaid,TE,134.49286055,78.8,13.0,66.0,2024,6.061538461538461,8.778907346605743,0.6904661619286916,49-84
Chuba Hubbard,chuba hubbard,RB,121.21877145,220.1,15.0,119.0,2024,14.673333333333334,7.912452444516972,1.854460856001908,85-120
C.J. Stroud,cj stroud,QB,329.95217908,259.5,17.0,62.0,2024,15.264705882352942,21.537348503916448,0.7087551134522032,49-84
Kyle Pitts,kyle pitts,TE,137.22523421,107.7,17.0,81.0,2024,6.335294117647059,8.957260718668406,0.7072803077444495,49-84
Jaylen Warren,jaylen warren,RB,150.59169588,105.1,15.0,88.0,2024,7.006666666666666,9.829745161879895,0.7128024736428337,85-120
Javonte Williams,javonte williams,RB,160.728818,131.9,17.0,78.0,2024,7.758823529411765,10.491437206266317,0.7395386710962327,49-84
David Montgomery,david montgomery,RB,166.44032993,205.6,14.0,57.0,2024,14.685714285714285,10.864251300913837,1.351746556569343,49-84
Amari Cooper,amari cooper,WR,172.82659708,100.7,14.0,44.0,2024,7.192857142857143,11.28110946997389,0.6376019275410676,25-48
Jake Ferguson,jake ferguson,TE,132.95359321,74.9,14.0,98.0,2024,5.3500000000000005,8.678432977154047,0.6164707400614675,85-120
Adam Thielen,adam thielen,WR,134.37803845,115.5,10.0,149.0,2024,11.55,8.77141243146214,1.3167776672513263,121-180
Tank Dell,tank dell,WR,176.6066652,114.5,14.0,53.0,2024,8.178571428571429,11.527850208877284,0.7094619795001615,49-84
Chris Olave,chris olave,WR,202.50900878,60.7,8.0,23.0,2024,7.5875,13.218603706266318,0.5740016244229429,1-24
Josh Downs,josh downs,WR,88.1378619,147.5,14.0,129.0,2024,10.535714285714286,5.753124144908616,1.831303135538654,121-180
Hunter Henry,hunter henry,TE,88.61234136,112.4,16.0,173.0,2024,7.025,5.784095389033943,1.2145373697188133,121-180
Rome Odunze,rome odunze,WR,145.32833443,117.9,17.0,84.0,2024,6.935294117647059,9.486183709530026,0.7310942239796296,49-84
Christian McCaffrey,christian mccaffrey,RB,301.76150255,40.3,4.0,1.0,2024,10.075,19.697226015013054,0.5114933439013657,1-24
Cade Otton,cade otton,TE,87.90617368,111.1,14.0,177.0,2024,7.935714285714285,5.738000892950391,1.3830102911737023,121-180
Pat Freiermuth,pat freiermuth,TE,109.77827086,135.8,17.0,130.0,2024,7.988235294117648,7.1656834765013055,1.114790420245852,121-180
Jerome Ford,jerome ford,RB,127.74141977,115.5,14.0,103.0,2024,8.25,8.338212778720626,0.9894206611102864,85-120
Tyjae Spears,tyjae spears,RB,150.46620563,98.6,12.0,93.0,2024,8.216666666666667,9.821553892297649,0.8365953856965972,85-120
Tua Tagovailoa,tua tagovailoa,QB,285.89751515,218.9,11.0,116.0,2024,19.900000000000002,18.66171769908616,1.0663541438618203,85-120
Evan Engram,evan engram,TE,139.67933788,66.0,9.0,92.0,2024,7.333333333333333,9.117450253263707,0.8043184365835474,85-120
Christian Watson,christian watson,WR,161.32381583,90.8,15.0,99.0,2024,6.053333333333333,10.530275184725848,0.5748504409565369,85-120
Nick Chubb,nick chubb,RB,125.71628162,60.8,8.0,121.0,2024,7.6,8.206023604438643,0.9261489323390631,121-180
Anthony Richardson,anthony richardson,QB,307.41767865,177.9,11.0,47.0,2024,16.172727272727272,20.066428110313318,0.8059594454887143,25-48
Dallas Goedert,dallas goedert,TE,119.05047886,82.6,10.0,114.0,2024,8.26,7.770918985639686,1.062937345668397,85-120
Aaron Rodgers,aaron rodgers,QB,319.34890284,311.1,17.0,145.0,2024,18.3,20.845228644908616,0.8778987418048648,121-180
Tyler Lockett,tyler lockett,WR,135.76215061,96.5,17.0,113.0,2024,5.676470588235294,8.861759178198433,0.6405579833629943,85-120
Austin Ekeler,austin ekeler,RB,148.72518442,114.8,12.0,104.0,2024,9.566666666666666,9.707910210182767,0.9854506747118501,85-120
Keon Coleman,keon coleman,WR,140.48289281,97.0,13.0,120.0,2024,7.461538461538462,9.169901619451698,0.8136988564534473,85-120
Devin Singletary,devin singletary,RB,150.52537527,86.1,15.0,89.0,2024,5.739999999999999,9.825416140339426,0.5841991746724844,85-120
Gus Edwards,gus edwards,RB,134.47771153,62.6,11.0,106.0,2024,5.690909090909091,8.777918507180155,0.6483210212368736,85-120
Geno Smith,geno smith,QB,266.62101085,306.4,17.0,155.0,2024,18.023529411764706,17.403460238250652,1.035629074047655,121-180
Caleb Williams,caleb williams,QB,297.79342204,293.1,17.0,95.0,2024,17.241176470588236,19.438212926892948,0.8869733311098218,85-120
Dalton Schultz,dalton schultz,TE,106.3130008,91.7,17.0,128.0,2024,5.394117647058824,6.93949091383812,0.7773074010807264,121-180
Kirk Cousins,kirk cousins,QB,300.29416084,211.4,14.0,132.0,2024,15.1,19.60144653002611,0.7703513093724663,121-180
Romeo Doubs,romeo doubs,WR,110.79689752,109.1,13.0,118.0,2024,8.392307692307693,7.232173467362924,1.1604129422752618,85-120
Diontae Johnson,diontae johnson,WR,172.67385267,72.6,12.0,68.0,2024,6.05,11.271139208224543,0.5367691666504588,49-84
Wan'Dale Robinson,wandale robinson,WR,102.40278888,136.2,17.0,180.0,2024,8.011764705882353,6.684255148825065,1.1986024661686698,121-180
Raheem Mostert,raheem mostert,RB,157.53510706,61.4,13.0,65.0,2024,4.723076923076923,10.282970434725849,0.4593105613847701,49-84
Chris Godwin,chris godwin,WR,173.30329762,112.8,7.0,71.0,2024,16.114285714285714,11.312225693211488,1.4245017869433034,49-84
Matthew Stafford,matthew stafford,QB,286.60942872,253.3,16.0,133.0,2024,15.83125,18.708187253263706,0.846220415996648,121-180
Stefon Diggs,stefon diggs,WR,183.30603541,98.3,8.0,54.0,2024,12.2875,11.965145914490861,1.0269410910500254,49-84
Tyler Allgeier,tyler allgeier,RB,127.23718128,99.7,17.0,143.0,2024,5.864705882352942,8.30529903916449,0.7061402430782227,121-180
Brandon Aiyuk,brandon aiyuk,WR,184.81942444,49.9,7.0,26.0,2024,7.128571428571428,12.06393109921671,0.5908995475806617,25-48
Cole Kmet,cole kmet,TE,88.80008322,96.9,17.0,165.0,2024,5.7,5.796350079634465,0.9833774567942348,121-180
Jonathon Brooks,jonathon brooks,RB,128.1330437,6.0,3.0,112.0,2024,2.0,8.36377569843342,0.2391264510327089,85-120
Rashee Rice,rashee rice,WR,171.6850711,52.9,4.0,51.0,2024,13.225,11.206597330287206,1.1801084316876285,49-84
Zack Moss,zack moss,RB,140.137956,70.4,8.0,91.0,2024,8.8,9.147386161879895,0.9620234506631452,85-120
Dak Prescott,dak prescott,QB,329.56950796,137.6,8.0,70.0,2024,17.2,21.512369971279373,0.7995399866664291,49-84
Christian Kirk,christian kirk,WR,163.63874643,57.4,8.0,82.0,2024,7.175,10.68138031527415,0.6717296630417606,49-84
Blake Corum,blake corum,RB,108.16452777,30.0,17.0,117.0,2024,1.7647058823529411,7.060347765665797,0.24994602828696894,85-120
Zamir White,zamir white,RB,164.80245766,26.3,8.0,73.0,2024,3.2875,10.75734057832898,0.30560527261010756,49-84
DeMario Douglas,demario douglas,WR,134.98534389,114.7,17.0,157.0,2024,6.747058823529412,8.811053778720627,0.7657493635805603,121-180
Ezekiel Elliott,ezekiel elliott,RB,144.32593493,51.5,15.0,127.0,2024,3.433333333333333,9.420752932767623,0.3644436233319931,121-180
Jordan Mason,jordan mason,RB,76.87192948,109.5,12.0,163.0,2024,9.125,5.017749966057441,1.8185441805044178,121-180
Mike Williams,mike williams,WR,135.58700976,46.3,17.0,131.0,2024,2.7235294117647055,8.850327007832899,0.30773206564619265,121-180
Rashod Bateman,rashod bateman,WR,91.8728187,152.1,17.0,161.0,2024,8.947058823529412,5.996920280678851,1.4919422644912341,121-180
Rashid Shaheed,rashid shaheed,WR,131.54717354,69.8,7.0,108.0,2024,9.971428571428572,8.586630126631853,1.1612737970978508,85-120
Antonio Gibson,antonio gibson,RB,122.09642566,91.9,17.0,162.0,2024,5.405882352941177,7.969740578328981,0.6783009183060047,121-180
Taysom Hill,taysom hill,TE,111.3137192,90.6,8.0,142.0,2024,11.325,7.265908563968668,1.558648846224159,121-180
Ray Davis,ray davis,RB,68.6320772,107.6,17.0,169.0,2024,6.329411764705882,4.479900600522193,1.4128464734168664,121-180
Jaleel McLaughlin,jaleel mclaughlin,RB,117.81423405,85.2,16.0,147.0,2024,5.325,7.690224154699738,0.69243755355892,121-180
Trey Benson,trey benson,RB,110.79529286,44.0,13.0,122.0,2024,3.3846153846153846,7.2320687245430815,0.4680009985426712,121-180
Brandin Cooks,brandin cooks,WR,126.8173044,56.6,10.0,136.0,2024,5.66,8.277891932114882,0.6837489600512279,121-180
Ty Chandler,ty chandler,RB,125.96747285,25.4,17.0,153.0,2024,1.4941176470588236,8.222419898825065,0.18171264243903723,121-180
Trevor Lawrence,trevor lawrence,QB,289.74378408,166.2,10.0,109.0,2024,16.619999999999997,18.912779639686683,0.8787708796185885,85-120
Gabe Davis,gabe davis,WR,144.4887777,43.9,10.0,141.0,2024,4.39,9.431382356396867,0.46546729144349314,121-180
Will Levis,will levis,QB,270.15601078,145.3,12.0,164.0,2024,12.108333333333334,17.634204359007832,0.6866390502698357,121-180
Joshua Palmer,joshua palmer,WR,136.47099701,87.9,15.0,115.0,2024,5.86,8.908028525456919,0.657833546811574,85-120
Curtis Samuel,curtis samuel,WR,134.87734982,48.2,14.0,126.0,2024,3.442857142857143,8.804004557441253,0.3910558110680665,121-180
Dontayvion Wicks,dontayvion wicks,WR,102.34776261,91.0,17.0,137.0,2024,5.352941176470588,6.680663355744126,0.8012589306521568,121-180
Michael Wilson,michael wilson,WR,113.75047116,101.0,16.0,148.0,2024,6.3125,7.424965480417755,0.850172302706091,121-180
Khalil Herbert,khalil herbert,RB,96.62638159,26.5,14.0,139.0,2024,1.8928571428571428,6.307205064621409,0.3001102902892157,121-180
Deshaun Watson,deshaun watson,QB,299.55770509,86.2,7.0,144.0,2024,12.314285714285715,19.553375005874674,0.629778015845652,121-180
Adonai Mitchell,adonai mitchell,WR,107.28360835,42.1,17.0,146.0,2024,2.476470588235294,7.002846498041775,0.353637708455811,121-180
MarShawn Lloyd,marshawn lloyd,RB,65.94202462,2.3,1.0,159.0,2024,2.3,4.304309701044386,0.5343481672431549,121-180
Ja'Lynn Polk,jalynn polk,WR,114.69769504,26.7,15.0,171.0,2024,1.78,7.4867947154047,0.23775194427830412,121-180
Jahan Dotson,jahan dotson,WR,60.12637388,32.4,17.0,174.0,2024,1.9058823529411764,3.924698033942559,0.48561248189242745,121-180
Luke Musgrave,luke musgrave,TE,63.39152177,8.0,7.0,138.0,2024,1.1428571428571428,4.1378277917754565,0.2761973674034333,121-180
