Player,Pos,RosteredBy,ProjPts,VBD,YourRank,ConsensusRank,MoveUpBy,ConsensusTier,ExpertStdDev
Jahmyr Gibbs,RB,FLEM,331.5,163.5,1,1,0,1,1.2
Bijan Robinson,RB,BATE,315.0,147.0,2,2,0,1,1.2
Christian McCaffrey,RB,Tets,303.8,135.8,3,7,4,1,3.8
Puka Nacua,WR,BC,295.0,126.5,4,4,0,1,1.3
Jonathan Taylor,RB,???,291.3,123.3,5,8,3,1,3.2
Ja'Marr Chase,WR,DUCK,276.6,108.1,6,3,-3,1,1.3
Jaxon Smith-Njigba,WR,Tets,268.3,99.8,7,5,-2,1,1.4
Amon-Ra St. Brown,WR,AAT,265.5,97.0,8,6,-2,1,1.1
Derrick Henry,RB,POT,263.7,95.7,9,21,12,3,6.0
James Cook III,RB,TURD,261.3,93.3,10,11,1,2,3.3
De'Von Achane,RB,???,260.3,92.3,11,18,7,2,5.3
Josh Jacobs,RB,Tets,255.6,87.6,12,37,25,4,9.1
Saquon Barkley,RB,WGTS,252.1,84.1,13,17,4,2,6.4
Omarion Hampton,RB,Boo,251.4,83.4,14,20,6,2,7.1
Ashton Jeanty,RB,BC,249.0,81.0,15,12,-3,2,5.5
Kenneth Walker III,RB,???,248.5,80.5,16,23,7,3,10.0
Josh Allen,QB,Boo,421.4,79.7,17,27,10,3,4.6
Breece Hall,RB,Tets,246.9,78.9,18,38,20,4,6.9
Jeremiyah Love,RB,FA,246.2,78.2,19,33,14,3,9.2
CeeDee Lamb,WR,POT,242.4,73.9,20,9,-11,2,2.4
Chase Brown,RB,JUG,240.4,72.4,21,14,-7,2,5.4
Javonte Williams,RB,FLEM,240.1,72.1,22,40,18,4,8.4
Justin Jefferson,WR,TURD,238.3,69.8,23,10,-13,2,4.0
Rashee Rice,WR,DUCK,222.0,53.5,24,25,1,3,8.6
Brock Bowers,TE,WGTS,191.0,53.3,25,15,-10,2,4.0
Travis Etienne Jr.,RB,Boo,219.7,51.7,26,46,20,4,9.8
Trey McBride,TE,Tets,188.1,50.4,27,24,-3,3,6.2
Drake London,WR,AAT,218.6,50.1,28,13,-15,2,5.3
Cam Skattebo,RB,BATE,217.7,49.7,29,50,21,4,8.2
Kyren Williams,RB,DUCK,215.4,47.4,30,30,0,3,8.2
Quinshon Judkins,RB,DUCK,209.3,41.3,31,54,23,4,7.8
Nico Collins,WR,BATE,205.8,37.3,32,19,-13,2,5.3
A.J. Brown,WR,POT,205.4,36.9,33,16,-17,2,6.6
Lamar Jackson,QB,FLEM,374.1,32.4,34,36,2,4,11.3
Chris Olave,WR,???,199.6,31.1,35,26,-9,3,5.7
Drake Maye,QB,WGTS,372.5,30.8,36,44,8,4,14.0
George Pickens,WR,JUG,199.1,30.6,37,22,-15,3,5.3
Davante Adams,WR,BATE,198.8,30.3,38,48,10,4,7.0
Tetairoa McMillan,WR,Tets,198.6,30.1,39,32,-7,3,7.5
Zay Flowers,WR,BC,198.1,29.6,40,29,-11,3,8.5
Garrett Wilson,WR,FA,197.8,29.3,41,39,-2,4,6.9
D'Andre Swift,RB,POT,196.7,28.7,42,55,13,4,6.7
Joe Burrow,QB,WGTS,370.2,28.5,43,49,6,4,14.9
Colston Loveland,TE,POT,165.9,28.2,44,42,-2,4,11.9
Tyler Warren,TE,JUG,165.5,27.8,45,53,8,4,11.1
Emeka Egbuka,WR,JUG,194.6,26.1,46,35,-11,4,8.3
Jalen Hurts,QB,TURD,367.6,25.9,47,62,15,5,12.5
DeVonta Smith,WR,FLEM,193.6,25.1,48,28,-20,3,6.5
Jayden Daniels,QB,JUG,362.8,21.1,51,56,5,4,13.9
Bucky Irving,RB,TURD,189.1,21.1,51,57,6,4,7.7
Matthew Stafford,QB,AAT,362.8,21.1,51,103,52,6,15.8
Bhayshul Tuten,RB,FA,187.8,19.8,53,64,11,5,12.5
TreVeyon Henderson,RB,JUG,186.6,18.6,54,60,6,5,8.9
Rome Odunze,WR,POT,183.1,14.6,55,63,8,5,10.1
Tee Higgins,WR,Boo,182.0,13.5,56,31,-25,3,5.9
Jadarian Price,RB,FA,180.5,12.5,57,65,8,5,10.1
Ladd McConkey,WR,Boo,180.4,11.9,58,41,-17,4,7.9
Sam LaPorta,TE,BATE,149.6,11.9,58,81,23,5,10.4
Terry McLaurin,WR,WGTS,177.5,9.0,60,45,-15,4,6.8
David Montgomery,RB,WGTS,176.4,8.4,61,59,-2,4,8.9
Jameson Williams,WR,???,176.7,8.2,62,51,-11,4,9.8
Harold Fannin Jr.,TE,AAT,145.7,8.0,63,76,13,5,13.6
DJ Moore,WR,WGTS,176.2,7.7,64,61,-3,5,13.0
Kyle Pitts Sr.,TE,FLEM,144.8,7.1,65,82,17,5,9.0
Tony Pollard,RB,Boo,174.7,6.7,66,73,7,5,9.2
Jaylen Waddle,WR,BATE,174.6,6.1,67,43,-24,4,9.5
Bo Nix,QB,POT,347.6,5.9,68,98,30,6,11.7
Brock Purdy,QB,DUCK,346.4,4.7,69,93,24,6,11.8
Dak Prescott,QB,DUCK,346.1,4.4,71,79,8,5,12.7
Carnell Tate,WR,FA,172.2,3.7,72,69,-3,5,21.0
Dallas Goedert,TE,Boo,141.4,3.7,72,118,46,7,17.8
Rhamondre Stevenson,RB,AAT,171.6,3.6,74,77,3,5,9.8
Mark Andrews,TE,BATE,140.6,2.9,75,121,46,7,20.6
Rico Dowdle,RB,BATE,170.8,2.8,76,85,9,6,11.8
Travis Kelce,TE,???,140.1,2.4,77,102,25,6,12.7
Jaxson Dart,QB,BATE,342.9,1.2,78,90,12,6,14.1
Courtland Sutton,WR,BATE,169.4,0.9,80,84,4,5,15.0
