season,posteam,proe,n
2021,ARI,3.8007374542454877,588
2021,ATL,0.13723623864527598,639
2021,BAL,-2.9827533497801286,788
2021,BUF,5.64885275556862,692
2021,CAR,-3.0509048816477677,603
2021,CHI,-3.0856316597144633,579
2021,CIN,3.082078995870786,818
2021,CLE,-5.023288149052037,668
2021,DAL,2.0496213039407483,770
2021,DEN,-5.042329487800598,625
2021,DET,-9.617535658635017,656
2021,GB,3.425863800675236,746
2021,HOU,-5.14012847472151,574
2021,IND,-2.891330133801346,659
2021,JAX,-2.2821396749220084,559
2021,KC,11.253250247583265,851
2021,LA,3.6360721673120926,782
2021,LAC,3.749098047082616,757
2021,LV,1.5768940250078838,795
2021,MIA,4.354736428874964,691
2021,MIN,-1.7750527939196494,763
2021,NE,-7.961806208615142,621
2021,NO,-3.3450259537554445,653
2021,NYG,2.333286960394547,681
2021,NYJ,0.3761230697967176,583
2021,PHI,-4.756404379648822,644
2021,PIT,-0.8879867600543159,700
2021,SEA,-3.688641671265847,619
2021,SF,-8.4938059425859,779
2021,TB,6.059174891167198,709
2021,TEN,-7.953956994143399,693
2021,WAS,-1.3511349108180588,742
2022,ARI,-0.6103272044448956,739
2022,ATL,-12.23828614870114,670
2022,BAL,-4.477287710826729,776
2022,BUF,5.816231180773714,838
2022,CAR,-7.6721586684868175,618
2022,CHI,-10.593108670396168,688
2022,CIN,10.504857802695895,743
2022,CLE,-5.899176339400893,752
2022,DAL,-6.638041143110413,835
2022,DEN,-2.1680650773436523,860
2022,DET,-3.589668305151635,649
2022,GB,-2.019524182383803,654
2022,HOU,-3.747030679326858,685
2022,IND,-3.7942899771489262,754
2022,JAX,-0.9056009403875566,721
2022,KC,11.109641887247562,900
2022,LA,-3.1430079612169375,623
2022,LAC,5.8161136934734845,852
2022,LV,-4.111178513551493,747
2022,MIA,0.4364694968974295,726
2022,MIN,3.3343497504007438,723
2022,NE,-2.3619883371733525,697
2022,NO,-10.023829607611736,637
2022,NYG,-2.4721326358597393,786
2022,NYJ,-3.089390971341217,739
2022,PHI,-0.8144729207677079,789
2022,PIT,-3.7382745035994605,818
2022,SEA,3.5314615720870512,745
2022,SF,-4.5390634055654155,757
2022,TB,2.2089678622360127,759
2022,TEN,-9.48788288007739,693
2022,WAS,-10.268673603515701,753
2023,ARI,-6.855910980119938,656
2023,ATL,-8.775896245686878,789
2023,BAL,2.967677247642681,755
2023,BUF,0.5337082921665842,827
2023,CAR,-5.651921033859253,700
2023,CHI,-3.922439616598539,596
2023,CIN,7.67880627499993,691
2023,CLE,-1.5165107978365353,758
2023,DAL,3.8788285317058904,619
2023,DEN,-2.636268040818027,585
2023,DET,-3.6435156067212424,765
2023,GB,-1.0059649055578035,781
2023,HOU,-1.9502088777701474,766
2023,IND,-2.0917529961274517,744
2023,JAX,2.4391036797343673,647
2023,KC,5.749860458853941,929
2023,LA,0.9379510235226185,766
2023,LAC,3.1112440830446864,803
2023,LV,-2.0925354832339247,583
2023,MIA,3.257520927212672,599
2023,MIN,2.298224201863476,779
2023,NE,-3.0393162029130116,700
2023,NO,-2.6812404305054645,669
2023,NYG,-2.1590592311741705,601
2023,NYJ,-3.896971317644445,644
2023,PHI,0.7071507480418252,749
2023,PIT,-6.416136935499574,713
2023,SEA,1.7908503066566088,797
2023,SF,-1.0443665522004943,754
2023,TB,-0.5069970114807014,799
2023,TEN,-4.452673006491079,729
2023,WAS,9.002082247587177,633
2024,ARI,-0.5590644186345216,642
2024,ATL,-6.112233712609275,858
2024,BAL,-5.602107912949894,690
2024,BUF,-2.8866529090790407,797
2024,CAR,-0.10713758601193445,598
2024,CHI,-2.783921383859192,651
2024,CIN,10.662142525713419,774
2024,CLE,0.822901614802949,658
2024,DAL,0.17702472214092754,716
2024,DEN,-0.5285149907204254,678
2024,DET,-7.084927964904845,661
2024,GB,-8.984122299078692,602
2024,HOU,0.2271558621420932,796
2024,IND,-7.939410367062394,710
2024,JAX,-3.1187448917484994,670
2024,KC,6.000794962224214,933
2024,LA,-2.1555081710884454,829
2024,LAC,-0.528011720784953,710
2024,LV,-1.7151950740478408,710
2024,MIA,-4.357940022434507,700
2024,MIN,4.870778088942885,626
2024,NE,-1.1150928346190865,635
2024,NO,-6.155073313519012,645
2024,NYG,-3.289923013601088,665
2024,NYJ,2.8106171737114587,750
2024,PHI,-7.489194730684782,768
2024,PIT,-5.191593764650087,763
2024,SEA,1.603254591150117,686
2024,SF,-0.7775159292580802,623
2024,TB,-1.2176254650469227,737
2024,TEN,-6.656474850689456,643
2024,WAS,1.3851011142680782,764
2025,ARI,4.709929556531065,612
2025,ATL,-5.248867993619008,758
2025,BAL,-9.12030891148965,633
2025,BUF,-2.5633419177905528,744
2025,CAR,-3.417179827150461,740
2025,CHI,-3.697123464649123,865
2025,CIN,3.5088782792377193,684
2025,CLE,-3.8971345235396475,685
2025,DAL,-0.19601981252269016,732
2025,DEN,1.5805057775643137,900
2025,DET,-5.394312291669204,669
2025,GB,-3.5947214411881268,782
2025,HOU,-0.9823755088530418,837
2025,IND,-1.2401723169484622,719
2025,JAX,2.4573126300800663,687
2025,KC,4.498770916751214,783
2025,LA,3.7953548557883083,860
2025,LAC,1.0894805693200655,700
2025,LV,-1.2029822730146769,602
2025,MIA,-4.482267367540061,517
2025,MIN,-1.1824536147952664,611
2025,NE,2.141936773025408,820
2025,NO,-1.9137761095878596,707
2025,NYG,-4.7205167595931075,711
2025,NYJ,-10.322695014855036,520
2025,PHI,-2.1402702312444015,749
2025,PIT,-0.8806462267983542,778
2025,SEA,-6.090622604062852,703
2025,SF,0.6184208612982306,759
2025,TB,-2.9842901000164335,772
2025,TEN,-4.6025374867621816,559
2025,WAS,-2.136113676356106,615
