rank,player,pos,team_c,bye,proj_leaguepts,vbd,adp_pick,eff_pick,flag,bye_clash_pickens,espn_order,our_order,move
1,Jahmyr Gibbs,RB,DET,6.0,330.89643543,162.30757959,1.45,1.45,,,1.0,1.0,0.0
2,Bijan Robinson,RB,ATL,11.0,314.80173722,146.21288138,2.5,2.5,,,2.0,2.0,0.0
3,Christian McCaffrey,RB,SF,8.0,303.53146435,134.94260851,7.19,7.19,QUESTIONABLE,,6.0,3.0,3.0
4,Puka Nacua,WR,LAR,11.0,294.81598247,131.2764089,5.08,5.08,QUESTIONABLE,,4.0,4.0,0.0
5,Jonathan Taylor,RB,IND,13.0,291.09685621,122.50800037,7.74,7.74,,,7.0,5.0,2.0
6,Ja'Marr Chase,WR,CIN,6.0,277.62466125,114.08508768,3.93,3.93,,,3.0,6.0,-3.0
7,Jaxon Smith-Njigba,WR,SEA,11.0,268.32240853,104.78283496000005,5.77,5.77,,,5.0,7.0,-2.0
8,Amon-Ra St. Brown,WR,DET,6.0,264.86492225,101.32534868000002,8.3,8.3,,,8.0,8.0,0.0
9,Derrick Henry,RB,BAL,13.0,263.97186677,95.38301093,19.1,19.1,,,16.0,9.0,7.0
10,James Cook III,RB,BUF,7.0,261.56406004,92.9752042,12.56,12.56,,,12.0,10.0,2.0
11,De'Von Achane,RB,MIA,6.0,261.05412939,92.46527355,12.02,12.02,,,10.0,11.0,-1.0
12,Saquon Barkley,RB,PHI,10.0,251.95070045,83.36184460999999,15.81,15.81,,,13.0,12.0,1.0
13,Kenneth Walker III,RB,KC,5.0,249.78663691,81.19778106999999,22.47,21.47,,,20.0,13.0,7.0
14,Josh Allen,QB,BUF,7.0,421.91279972,80.30993954000002,21.9,21.9,,,19.0,14.0,5.0
15,Ashton Jeanty,RB,LV,13.0,248.167882,79.57902615999998,16.58,16.58,QUESTIONABLE,,14.0,15.0,-1.0
16,Breece Hall,RB,NYJ,13.0,248.10089077,79.51203493,33.13,31.130000000000003,QUESTIONABLE,,26.0,16.0,10.0
17,CeeDee Lamb,WR,DAL,14.0,241.82555453,78.28598096000002,10.67,10.67,,YES,9.0,17.0,-8.0
18,Jeremiyah Love,RB,ARI,14.0,245.82419971,77.23534386999998,21.74,21.74,QUESTIONABLE,YES,18.0,18.0,0.0
19,Justin Jefferson,WR,MIN,6.0,238.31112208,74.77154851,12.14,12.14,,,11.0,19.0,-8.0
20,Josh Jacobs,RB,GB,11.0,241.04521308,72.45635723999999,36.42,33.42,QUESTIONABLE,,28.0,20.0,8.0
21,Chase Brown,RB,CIN,6.0,239.88301887,71.29416302999999,22.88,21.88,,,21.0,21.0,0.0
22,Omarion Hampton,RB,LAC,7.0,235.84349928,67.25464344,26.63,25.63,,,23.0,22.0,1.0
23,Drake London,WR,ATL,11.0,218.66905755,55.12948398,18.63,18.63,,,15.0,23.0,-8.0
24,Brock Bowers,TE,LV,13.0,191.49916989,51.20428572,24.24,23.24,,,22.0,24.0,-2.0
25,Trey McBride,TE,ARI,14.0,187.94196931,47.64708514,20.45,20.45,,YES,17.0,25.0,-8.0
26,Kyren Williams,RB,LAR,11.0,215.35434319,46.76548735,42.5,36.5,,,32.0,26.0,6.0
27,Nico Collins,WR,HOU,8.0,205.62270835,42.08313478000002,27.16,26.16,,,25.0,27.0,-2.0
28,A.J. Brown,WR,NE,11.0,205.51413427,41.97456070000001,27.06,26.06,,,24.0,28.0,-4.0
29,Quinshon Judkins,RB,CLE,11.0,210.42358342,41.83472757999999,55.12,45.12,QUESTIONABLE,,40.0,29.0,11.0
30,Malik Nabers,WR,NYG,8.0,202.86935902,39.32978545,34.54,32.54,QUESTIONABLE,,27.0,30.0,-3.0
31,Garrett Wilson,WR,NYJ,13.0,199.91933031,36.379756740000005,36.43,33.43,,,29.0,31.0,-2.0
32,Davante Adams,WR,LAR,11.0,198.54438683,35.00481326000002,46.44,38.44,,,33.0,32.0,1.0
33,Lamar Jackson,QB,BAL,13.0,374.62477822,33.02191804,38.39,34.39,,,30.0,33.0,-3.0
34,Emeka Egbuka,WR,TB,10.0,194.21179436,30.67222079000001,47.33,39.33,QUESTIONABLE,,34.0,34.0,0.0
35,DeVonta Smith,WR,PHI,10.0,193.95278086,30.413207290000003,41.11,37.11,QUESTIONABLE,,31.0,35.0,-4.0
36,Joe Burrow,QB,CIN,6.0,370.52589529,28.92303511,58.79,48.79,,,43.0,36.0,7.0
37,Tyler Warren,TE,IND,13.0,168.3745814,28.079697230000026,49.51,39.51,QUESTIONABLE,,35.0,37.0,-2.0
38,D'Andre Swift,RB,CHI,10.0,196.40713191,27.81827607,65.82,55.81999999999999,,,48.0,38.0,10.0
39,Jalen Hurts,QB,PHI,10.0,366.93636856,25.33350838000001,51.24,41.24,,,37.0,39.0,-2.0
40,Jayden Daniels,QB,WAS,7.0,362.84559681,21.242736630000024,50.6,40.6,,,36.0,40.0,-4.0
41,Matthew Stafford,QB,LAR,11.0,362.7902125,21.18735232,79.8,69.8,,,59.0,41.0,18.0
42,Bucky Irving,RB,TB,10.0,188.61918636,20.03033051999998,54.49,44.49,,,39.0,42.0,-3.0
43,Bhayshul Tuten,RB,JAX,7.0,188.35241461,19.763558770000003,74.18,64.18,,,52.0,43.0,9.0
44,Rome Odunze,WR,CHI,10.0,182.95503605,19.41546248,65.51,55.510000000000005,,,47.0,44.0,3.0
45,Tee Higgins,WR,CIN,6.0,182.70311848,19.163544910000013,56.35,46.35,,,41.0,45.0,-4.0
46,Ladd McConkey,WR,LAC,7.0,181.20249727,17.66292370000002,51.35,41.35,,,38.0,46.0,-8.0
47,Terry McLaurin,WR,WAS,7.0,180.18088793,16.641314360000024,60.54,50.54,,,44.0,47.0,-3.0
48,Jameson Williams,WR,DET,6.0,176.27414101,12.734567440000006,68.04,58.040000000000006,,,49.0,48.0,1.0
49,DJ Moore,WR,BUF,7.0,175.91468397,12.375110400000011,63.37,53.37,,,45.0,49.0,-4.0
50,Jadarian Price,RB,SEA,11.0,180.47373164,11.884875800000003,77.9,67.9,,,56.0,50.0,6.0
51,Jaylen Waddle,WR,DEN,10.0,174.9726214,11.43304783000002,57.96,47.96,,,42.0,51.0,-9.0
52,TreVeyon Henderson,RB,NE,11.0,177.91749335,9.328637509999991,78.23,68.23,,,57.0,52.0,5.0
53,Sam LaPorta,TE,DET,6.0,149.4234344,9.128550230000002,69.29,59.290000000000006,QUESTIONABLE,,50.0,53.0,-3.0
54,David Montgomery,RB,HOU,8.0,176.8676357,8.278779859999986,71.13,61.13,,,51.0,54.0,-3.0
55,Bo Nix,QB,DEN,10.0,348.99206467,7.389204489999997,87.19,77.19,,,63.0,55.0,8.0
56,Courtland Sutton,WR,DEN,10.0,169.73554919,6.195975620000013,81.28,71.28,,,60.0,56.0,4.0
57,Harold Fannin Jr.,TE,CLE,11.0,146.12994417,5.835059999999999,75.85,65.85,,,53.0,57.0,-4.0
58,Brock Purdy,QB,SF,8.0,346.39185378,4.788993600000026,103.14,92.14,,,77.0,58.0,19.0
59,Luther Burden III,WR,CHI,10.0,168.31327669,4.773703120000022,77.22,67.22,QUESTIONABLE,,55.0,59.0,-4.0
60,Tucker Kraft,TE,GB,11.0,144.96205564,4.66717147,91.28,81.28,QUESTIONABLE,,65.0,60.0,5.0
61,Kyle Pitts Sr.,TE,ATL,11.0,144.88675305,4.591868880000021,65.15,55.150000000000006,,,46.0,61.0,-15.0
62,Dak Prescott,QB,DAL,14.0,346.11179059,4.508930410000005,85.51,75.51,,YES,61.0,62.0,-1.0
63,Rico Dowdle,RB,PIT,9.0,171.41887987,2.830024030000004,105.29,94.29,,,81.0,63.0,18.0
64,Tony Pollard,RB,TEN,9.0,170.8876847,2.298828859999986,107.73,96.73,,,84.0,64.0,20.0
65,Patrick Mahomes,QB,KC,5.0,343.86620556,2.2633453800000325,107.33,96.33,QUESTIONABLE,,82.0,65.0,17.0
66,George Kittle,TE,SF,8.0,141.93761149,1.642727320000006,97.54,87.54,QUESTIONABLE,,72.0,66.0,6.0
67,Carnell Tate,WR,TEN,9.0,165.11524848,1.5756749100000036,78.76,68.76,,,58.0,67.0,-9.0
68,Dallas Goedert,TE,PHI,10.0,141.72729722,1.432413050000008,98.81,87.81,,,74.0,68.0,6.0
69,Travis Kelce,TE,KC,5.0,140.58667369,0.2917895200000089,97.52,87.52,,,71.0,69.0,2.0
70,DK Metcalf,WR,PIT,9.0,163.53957357,0.0,87.07,77.07,QUESTIONABLE,,62.0,70.0,-8.0
71,Jaxson Dart,QB,NYG,8.0,341.60286018,0.0,76.3,66.3,,,54.0,71.0,-17.0
72,Jaylen Warren,RB,PIT,9.0,168.58885584,0.0,99.93,88.93,,,75.0,72.0,3.0
73,Mark Andrews,TE,BAL,13.0,140.29488417,0.0,121.46,110.46,,,93.0,73.0,20.0
74,Trevor Lawrence,QB,JAX,7.0,337.76890988,-3.8339502999999695,93.21,83.21,,,68.0,74.0,-6.0
75,Marvin Harrison Jr.,WR,ARI,14.0,159.39641849,-4.1431550799999854,87.3,77.3,,YES,64.0,75.0,-11.0
76,J.K. Dobbins,RB,DEN,10.0,164.30503433,-4.283821509999996,118.06,107.06,,,89.0,76.0,13.0
77,Kyle Monangai,RB,CHI,10.0,163.33737728,-5.25147856000001,128.81,117.81,QUESTIONABLE,,99.0,77.0,22.0
78,Christian Watson,WR,GB,11.0,157.68727688,-5.852296689999974,97.61,87.61,,,73.0,78.0,-5.0
79,Justin Herbert,QB,LAC,7.0,334.49140805,-7.111452129999975,107.39,96.39,,,83.0,79.0,4.0
80,Alec Pierce,WR,IND,13.0,156.42337233,-7.116201239999981,101.41,90.41,OUT,,76.0,80.0,-4.0
81,Parker Washington,WR,JAX,7.0,155.34283677,-8.196736799999996,96.45,86.45,QUESTIONABLE,,70.0,81.0,-11.0
82,Mike Evans,WR,SF,8.0,153.97947782,-9.560095749999988,94.13,84.13,QUESTIONABLE,,69.0,82.0,-13.0
83,Caleb Williams,QB,CHI,10.0,331.94279182,-9.660068359999968,92.39,82.39,,,67.0,83.0,-16.0
84,Jake Ferguson,TE,DAL,14.0,130.05760239,-10.23728177999999,111.48,100.48,,YES,85.0,84.0,1.0
85,Michael Pittman Jr.,WR,PIT,9.0,153.09602995,-10.443543619999986,91.39,81.39,QUESTIONABLE,,66.0,85.0,-19.0
86,Matthew Golden,WR,GB,11.0,151.59715004,-11.942423529999983,104.23,93.23,,,79.0,86.0,-7.0
87,Jonathon Brooks,RB,CAR,5.0,154.36101441,-14.227841430000012,118.72,107.72,,,90.0,87.0,3.0
88,Dalton Kincaid,TE,BUF,7.0,125.76459218,-14.530291989999997,132.46,120.46,,,101.0,88.0,13.0
89,Aaron Jones Sr.,RB,MIN,6.0,153.46190142,-15.126954420000004,133.74,121.74,,,105.0,89.0,16.0
90,Jared Goff,QB,DET,6.0,326.4020052,-15.200854979999974,137.21,125.21,,,107.0,90.0,17.0
91,Brian Thomas Jr.,WR,JAX,7.0,148.09080489,-15.44876868,104.19,93.19,,,78.0,91.0,-13.0
92,Isaiah Likely,TE,NYG,8.0,123.98478792,-16.310096249999987,128.33,117.33,,,97.0,92.0,5.0
93,Chuba Hubbard,RB,CAR,5.0,152.2613561,-16.327499740000007,122.03,111.03,QUESTIONABLE,,94.0,93.0,1.0
94,Jakobi Meyers,WR,JAX,7.0,147.02705771,-16.51251585999998,114.05,103.05,QUESTIONABLE,,86.0,94.0,-8.0
95,Kenny Gainwell,RB,TB,10.0,151.73136847,-16.85748737,119.08,108.08,,,91.0,95.0,-4.0
96,Jacory Croskey-Merritt,RB,WAS,7.0,151.43111919,-17.157736650000004,132.52,120.52,QUESTIONABLE,,102.0,96.0,6.0
97,Blake Corum,RB,LAR,11.0,151.01336616,-17.575489680000004,137.88,125.88,,,108.0,97.0,11.0
98,Kenyon Sadiq,TE,NYJ,13.0,122.40006786,-17.894816309999996,146.23,134.23,QUESTIONABLE,,115.0,98.0,17.0
99,Xavier Worthy,WR,KC,5.0,145.54509586,-17.994477709999984,126.84,115.84,QUESTIONABLE,,96.0,99.0,-3.0
100,Hunter Henry,TE,NE,11.0,121.98714452,-18.307739649999988,142.99,130.99,,,112.0,100.0,12.0
101,T.J. Hockenson,TE,MIN,6.0,119.36073238,-20.934151789999987,133.01,121.01,,,104.0,101.0,3.0
102,Michael Wilson,WR,ARI,14.0,141.22526789,-22.31430567999999,104.93,93.93,,YES,80.0,102.0,-22.0
103,Jordan Addison,WR,MIN,6.0,140.237745,-23.30182857,117.23,106.23,,,88.0,103.0,-15.0
104,Rachaad White,RB,WAS,7.0,144.52676446,-24.06209138,136.52,124.52,QUESTIONABLE,,106.0,104.0,2.0
105,Quentin Johnston,WR,LAC,7.0,139.00305871,-24.536514859999983,138.8,126.8,QUESTIONABLE,,109.0,105.0,4.0
106,Jordan Mason,RB,MIN,6.0,143.75998585,-24.82886999000001,141.79,129.79,,,111.0,106.0,5.0
107,Jayden Reed,WR,GB,11.0,138.5079444,-25.03162916999997,128.77,117.77,,,98.0,107.0,-9.0
108,Brenton Strange,TE,JAX,7.0,112.92305319,-27.371830979999984,167.82,155.82,,,147.0,108.0,39.0
109,Khalil Shakir,WR,BUF,7.0,136.05463953,-27.484934039999985,125.13,114.13,QUESTIONABLE,,95.0,109.0,-14.0
110,Terrance Ferguson,TE,LAR,11.0,112.80390616,-27.490978009999992,165.48,153.48,,,138.0,110.0,28.0
111,Wan'Dale Robinson,WR,TEN,9.0,135.58125009,-27.95832347999999,115.61,104.61,,,87.0,111.0,-24.0
112,Baker Mayfield,QB,TB,10.0,313.61934511,-27.98351507000001,147.89,135.89,,,118.0,112.0,6.0
113,Deebo Samuel Sr.,WR,SF,8.0,135.17997955,-28.35959401999997,132.69,120.69,,,103.0,113.0,-10.0
114,Juwan Johnson,TE,NO,8.0,111.88779323,-28.40709093999999,163.59,151.59,,,134.0,114.0,20.0
115,Jordan Love,QB,GB,11.0,308.71794654,-32.88491363999998,158.34,146.34,,,126.0,115.0,11.0
116,Pat Freiermuth,TE,PIT,9.0,106.3872872,-33.907596969999986,168.93,156.93,,,155.0,116.0,39.0
117,Tyler Shough,QB,NO,8.0,306.82836097,-34.77449920999999,155.44,143.44,,,123.0,117.0,6.0
118,Makai Lemon,WR,PHI,10.0,128.34222711,-35.19734645999998,143.7,131.7,QUESTIONABLE,,113.0,118.0,-5.0
119,Daniel Jones,QB,IND,13.0,306.12543484,-35.47742533999997,158.43,146.43,,,127.0,119.0,8.0
120,Chris Godwin Jr.,WR,TB,10.0,127.18547883,-36.35409474,144.77,132.77,,,114.0,120.0,-6.0
121,Dalton Schultz,TE,HOU,8.0,103.46282279,-36.83206137999999,167.93,155.93,,,148.0,121.0,27.0
122,Tank Dell,WR,HOU,8.0,125.10906944,-38.43050412999999,159.27,147.27,QUESTIONABLE,,128.0,122.0,6.0
123,KC Concepcion,WR,CLE,11.0,125.0990036,-38.440569969999984,146.59,134.59,,,116.0,123.0,-7.0
124,Tyjae Spears,RB,TEN,9.0,129.66353233,-38.92532351,161.25,149.25,,,131.0,124.0,7.0
125,Romeo Doubs,WR,NE,11.0,123.90411368,-39.63545988999999,152.15,140.15,,,120.0,125.0,-5.0
126,Rashid Shaheed,WR,SEA,11.0,123.03462274,-40.504950829999984,155.9,143.9,,,124.0,126.0,-2.0
127,Josh Downs,WR,IND,13.0,122.49173546,-41.04783810999999,131.81,119.81,,,100.0,127.0,-27.0
129,RJ Harvey,RB,DEN,10.0,125.13962902,-43.44922682000001,139.4,127.4,,,110.0,128.0,-18.0
131,Zach Charbonnet,RB,SEA,11.0,123.81253415,-44.77632169,156.93,144.93,OUT,,125.0,129.0,-4.0
133,Jalen Coker,WR,CAR,5.0,116.48729482,-47.05227874999999,160.43,148.43,,,130.0,130.0,0.0
136,Tre Tucker,WR,LV,13.0,113.76498145,-49.77459212,168.29,156.29,,,150.0,131.0,19.0
137,Calvin Ridley,WR,TEN,9.0,113.69278258,-49.84679098999999,168.19,156.19,,,149.0,132.0,17.0
138,Denzel Boston,WR,CLE,11.0,113.22725815,-50.31231541999999,166.1,154.1,,,140.0,133.0,7.0
139,Jerry Jeudy,WR,CLE,11.0,112.65363682,-50.88593674999999,165.62,153.62,,,139.0,134.0,5.0
140,Sam Darnold,QB,SEA,11.0,290.26848972,-51.33437046,162.01,150.01,,,132.0,135.0,-3.0
141,C.J. Stroud,QB,HOU,8.0,289.37432451,-52.22853566999999,165.34,153.34,,,136.0,136.0,0.0
142,Kyler Murray,QB,MIN,6.0,289.27855615,-52.32430403000001,146.72,134.72,,,117.0,137.0,-20.0
143,Woody Marks,RB,HOU,8.0,115.69868715,-52.89016869000001,150.45,138.45,,,119.0,138.0,-19.0
144,Isiah Pacheco,RB,DET,6.0,114.9189301,-53.66992574000001,163.51,151.51,QUESTIONABLE,,133.0,139.0,-6.0
145,Jalen McMillan,WR,TB,10.0,109.25905559,-54.28051797999999,168.6,156.6,QUESTIONABLE,,152.0,140.0,12.0
146,De'Zhaun Stribling,WR,SF,8.0,108.98686329,-54.55271027999999,152.98,140.98,QUESTIONABLE,,121.0,141.0,-20.0
153,Bryce Young,QB,CAR,5.0,277.66061452,-63.94224565999997,168.72,156.72,,,153.0,142.0,11.0
155,Keenan Allen,WR,IND,13.0,96.86468605,-66.67488751999998,167.76,155.76,,,146.0,143.0,3.0
156,Alvin Kamara,RB,NO,8.0,100.88130231,-67.70755353000001,159.35,147.35,QUESTIONABLE,,129.0,144.0,-15.0
163,Travis Hunter,WR,JAX,7.0,91.28579758,-72.25377599,120.68,109.68,,,92.0,145.0,-53.0
167,Malik Willis,QB,MIA,6.0,265.15101997,-76.45184021,166.67,154.67,,,142.0,146.0,-4.0
171,Ja'Kobi Lane,WR,BAL,13.0,84.68616663,-78.85340693999999,166.87,154.87,,,143.0,147.0,-4.0
173,Brian Robinson Jr.,RB,ATL,11.0,89.5614958,-79.02736004,165.25,153.25,,,135.0,148.0,-13.0
174,Cooper Kupp,WR,SEA,11.0,82.57886643,-80.96070713999998,168.83,156.83,,,154.0,149.0,5.0
175,Jordyn Tyson,WR,NO,8.0,81.98456534,-81.55500822999998,154.4,142.4,DOUBTFUL,,122.0,150.0,-28.0
179,Keaton Mitchell,RB,LAC,7.0,83.8391225,-84.74973334,168.98,156.98,,,157.0,151.0,6.0
180,Tyler Allgeier,RB,ARI,14.0,82.21197561,-86.37688023000001,165.34,153.34,,YES,137.0,152.0,-15.0
183,Cam Ward,QB,TEN,9.0,252.68961014,-88.91325003999998,168.94,156.94,,,156.0,153.0,3.0
202,Chris Rodriguez Jr.,RB,JAX,7.0,69.36493142,-99.22392442,166.34,154.34,,,141.0,154.0,-13.0
212,Mike Washington Jr.,RB,LV,13.0,60.95165438,-107.63720146,167.74,155.74,,,145.0,155.0,-10.0
220,Tyrone Tracy Jr.,RB,NYG,8.0,58.61246502,-109.97639082,168.44,156.44,,,151.0,156.0,-5.0
265,Fernando Mendoza,QB,LV,13.0,215.55374803,-126.04911214999998,167.28,155.28,,,144.0,157.0,-13.0
