player,health,job,role,source
Isiah Pacheco,On IR since Sept 1 with a back injury. Must miss at least four games; the Lions only say they HOPE he returns this season. Not a dart at any pick.,,,https://www.espn.com/nfl/story/_/id/49796729/ | detroitnews.com 2026-09-02 | clickondetroit 2026-09-01
Alec Pierce,Ankle: practiced Tuesday Sept 1. GM Chris Ballard on Week 1 at Baltimore: 'That's the plan.' The board's OUT flag was wrong and has been corrected.,,,https://www.nbcsports.com/fantasy/football/player-news/2026-09-01/alec-pierce-ankle-practicing-tuesday | Yahoo 2026-09-01
Ja'Marr Chase,"Left knee, landed awkwardly at practice Sept 1; sat the next day, limited since. Zac Taylor 'feels good about where Chase is right now' for the Sept 13 opener.",,,Fox19 Cincinnati 2026-09-01
Quinshon Judkins,"The ankle rest was precautionary, not a setback. Todd Monken, Aug 20: out 'out of precaution... I think it was smart.' ESPN now lists him ACTIVE. No Week 1 concern.",,,NBC Sports / Todd Monken 2026-08-20
Tee Higgins,"Heel contusion. Did not practice Wed Sept 3 but 'did run up the hill' (Ben Baby, ESPN). Bengals are positive he plays the Sept 13 opener.",,,https://www.totalprosports.com/nfl/bengals-injury-uodate-tee-higgins-week-1/ 2026-09-03
D'Andre Swift,Left practice Sept 3 with a leg issue; Schefter reported it was only cramping. Healthy - and with Monangai's knee he is the clear lead back to open the year.,,,Chicago Sun-Times 2026-09-03 | NBC Sports 2026-09-03
Kyle Monangai,Right knee hyperextension (Aug 16). Ben Johnson still called him 'week-to-week' on Sept 1 with minimal progress and Week 1 in doubt. Roschon Johnson is next up.,,,https://www.cbssports.com/fantasy/football/news/bears-kyle-monangai-remains-week-to-week/ 2026-09-01
Rome Odunze,Left practice Sept 3 with a right-leg issue. Dan Wiederer (The Athletic): 'Preliminary indications are that Bears WR Rome Odunze should be all good.' Expected Week 1.,,,ClutchPoints / Dan Wiederer 2026-09-03
TreVeyon Henderson,"Right ankle from an Aug 27 practice slip. Did NOT practice Sept 1 or Sept 3. A league source says he should be good for Week 1, but he has missed every practice since.",,,985 The Sports Hub 2026-09-02 | SI Fantasy 2026-09-03
Carnell Tate,Aug 19 concussion cleared. DNP Sept 1 with what Robert Saleh called 'working out some stiffness.' No structural issue reported.,,,NBC Sports 2026-09-01 | Athlon 2026-08-19
Bhayshul Tuten,"Sent home with an illness Sept 2 - that is what ESPN's QUESTIONABLE is, not an injury. Still listed a co-starter with Chris Rodriguez Jr.",,,CBS Sports / marconews 2026-09-02
Parker Washington,The late-August undisclosed issue resolved; reported back at practice the week of Aug 24 and ESPN now lists him ACTIVE.,,,NBC Sports 2026-08-18 | FOX Sports Radio 2026-08-21
Tank Dell,"On IR DESIGNATED FOR RETURN (Aug 30) - must miss at least the first four games but can come back. Costs an IR slot, not a bench spot.",,,https://www.4for4.com/news/texans-placing-tank-dell-injured-reserve-designated-return 2026-08-30
Jordyn Tyson,"On IR (Saints). Garafolo and Rapoport: out roughly two months with a hamstring, so back around week 9-10. An IR-slot stash, not a bench body.",,,https://www.nfl.com/news/saints-rookie-wr-jordyn-tyson-hamstring-expected-to-miss-2-months
DeVonta Smith,Hamstring from early August; back at practice Aug 17 and no September absence reported anywhere. ESPN lists him ACTIVE.,,,NBC Sports PFT 2026-08-17 | Philadelphia Inquirer 2026-08-17
George Kittle,"AVOID WAS WRONG twice: he is 32, not 38, and was NOT out - in pads Aug 31, flew to Australia Sept 2. Rapoport: 'trending in the right direction to play.' Now DISCOUNT.",,,NFL Network/Rapoport 2026-09-02 | 49erswebzone 2026-09-01 | Athlon 2026-09-02
J.K. Dobbins,"THE IR LINE WAS A STALE ARTICLE - ESPN's 'Broncos will place Dobbins on IR' is dated 2025-11-15, last season. No 2026 IR. Sean Payton Sept 2: 'moving well,' on track. AVOID -> DISCOUNT.",,,"CBS Sports 2026-09-02 (Payton via Tomasson, Denver Gazette) | NBC Sports 2026-08-10"
Brian Thomas Jr.,"AVOID WAS THE WRONG INJURY. Aug 25 issue is a SHOULDER. Liam Coen Sept 2: 'B.T. was full go yesterday. No issues.' Only ankle on record is Nov 2025, Grade 1. Now NEUTRAL.",,,SI/Onsi 2026-09-02 | NBC Sports 2026-09-02 | Coen 2026-08-26
Jeremiyah Love,"WORSE than the sheet. Still not practising as of Sept 1 (present, street clothes). Mike Garafolo Sept 1: 'I'll put it at about 50-50' for Week 1, 'Nobody really knows right now.'",,,SI/Cardinals 2026-09-01 | CBS Sports 2026-09-01 | ProFootballRumors 2026-09
Emeka Egbuka,"Still unresolved 2 days before your draft. Todd Bowles Sept 3: 'headed in the right direction - I don't know how fast. I'll have a better gauge next week.' May be a sprain, not turf toe.",,,SI/Bucs 2026-09-02 | FantasyPros 2026-09-01 | JoeBucsFan 2026-09-01
Ashton Jeanty,"BETTER than the sheet. Klint Kubiak Sept 3, asked if optimistic for Week 1: 'Yes.' GM John Spytek Sept 1: 'He's in a good spot... hard to knock him down.' Not full practice yet.",,,Las Vegas Review-Journal 2026-09-04 | Yahoo/AP 2026-09-01
Breece Hall,"Holds, one caveat: as of Sept 2 he had still NOT returned to practice. Aaron Glenn says he 'will be ready'; NYJets.com expects him starting Week 1. Take at 32 on sight, eyes open.",,,Yahoo Sports 2026-09-02 | NBC Sports 2026-08-24 | NFL.com
Malik Nabers,The team is more confident than he is. Harbaugh: Week 1 is 'reasonable to assume.' Nabers Sept 1: 'there are still some things you're going to have to check off the box.' Not cleared.,,,Yahoo Sports 2026-09-01 | CBS Sports 2026-09-01 | Empire Sports 2026-09-03
Bo Nix,"NO BASIS FOR THE DISCOUNT. The Jan-2026 ankle fracture is healed - Nix, Aug 2: 'I feel great. I feel normal. Nothing's holding me back.' Unquestioned starter. Now NEUTRAL.",,,CBS Sports 2026-08-02 | DenverBroncos.com 2026-09-01 | Denver7/AP 2026-09-03
Patrick Mahomes,"Left-knee ligaments, surgery 2025-12-15. Cleared for practice since camp opened and has taken every first-team rep - but zero preseason contact, and Andy Reid: 'I'm taking it day by day.'",,,Heavy 2026-08-25 (Reid + Mahomes) | KCTV5 2026-09-03 | NBC/Schefter 2026-08-21
Tucker Kraft,"BETTER than the sheet. Activated off PUP 2026-07-31, padded joint practices in late August, and SI's Sept 3 projected depth chart has him the Week 1 starting TE. Now NEUTRAL.",,,NBC Sports 2026-07-31 | PrizePicks 2026-09-02 | SI/Packers 2026-09-03
Christian McCaffrey,"Confirmed, and worse than 'load management' - out of full practice nearly 3 weeks in August, back Sept 1. Shanahan Aug 23: 'if it wasn't Christian and we were in a game week, he would play today.'",,,Bleacher Report 2026-08-23 | Heavy 2026-09-01
Tony Pollard,BETTER. The August foot issue resolved - back at practice Aug 19 - and he is still the listed lead back over Tyjae Spears into September.,,,NBC Sports/PFT 2026-08-19 | TennesseeTitans.com 2026-08-09
Mike Evans,"WORSE. Still had NOT returned to practice as of Sept 1, nine days out. GM John Lynch hopes to have him back 'next week.' Shanahan Aug 31 said 'ahead of schedule' - the field says otherwise.",,,Yahoo Sports 2026-09-01 | Heavy 2026-08-31
Chuba Hubbard,"Hamstring since Aug 13; Dave Canales Aug 24: 'Absolutely. He's ahead of schedule.' Still QUESTIONABLE on the Sept 3 report. ESPN's Graziano, Sept 2, picks HUBBARD as the lead back if healthy.",,,Yahoo/AP 2026-08-24 | CBS injury report 2026-09-03 | Graziano via LWOS 2026-09-03
Jonathon Brooks,"Undisclosed soreness, NOT the ACL; missed practice, QUESTIONABLE on the Sept 3 report. Dave Canales Sept 2: 'I'm very optimistic for Week 1.' Canales describes a series rotation, not a starter.",,,ESPN/Mike Kaye 2026-09-02 | CBS injury report 2026-09-03
Michael Pittman Jr.,"The sheet showed no injury; there was one. Right hamstring from Aug 8 cost him most of August. GM Omar Khan, Sept 1: 'we never got a sense that either issue was serious.' Starting outside WR.",,,Draft Sharks 2026-09-01 (Khan) | ProFootballNetwork 2026-08-29
Christian Watson,"Better than the grade reads: full participant, no injury designation, and SI's Sept 3 projected depth chart has him a Week 1 starter. The 2025 ACL and the availability record are why DISCOUNT stays.",,,SI/Packers 2026-09-03 | Packers.com 2026-07-31
Zach Charbonnet,"CONFIRMED and specific: moved to RESERVE/PUP on Aug 30, so he is out a minimum of four games by rule. That is the IR-slot stash case, not a bench spot. ACL tear was Jan 17.",,,CBS Sports 2026-08-30
Alvin Kamara,"MCL sprain Aug 19; still NOT practising as of Sept 3, not on PUP or IR, week to week on a ~1-month timeline. Travis Etienne is New Orleans' RB1. Week 1 looks unlikely.",,,Yahoo/Mike Triplett 2026-09-03 | CBS Sports 2026-08-19
Khalil Shakir,"Reason corrected: the current issue is UNDISCLOSED, not confirmed as the ankle. Zenitz: Bills 'being cautious' but optimistic for the opener. March-2026 ankle surgery is real; AVOID stands on history.",,,DraftSharks 2026-09-03 | FantasyPros 2026-09-01 | ClutchPoints 2026-09-02
Jacory Croskey-Merritt,"The sheet missed an injury: groin, cost him the last two preseason games. Back at practice Sept 1. On a healthy depth chart he is AHEAD of Rachaad White and Kaytron Allen, not behind.",,,FantasyPros 2026-09-01 | RotoWire 2026-09-01 | Commanders.com 2026-08-31
Wan'Dale Robinson,No source found for ESPN's QUESTIONABLE. Last confirmed status is Aug 28: he AVOIDED a concussion after a joint-practice hit and was expected for the opener. Re-check the app Sept 7.,,,NBC Sports/PFT 2026-08-28 | CBS Sports 2026-08-28
