week,team,opp,side,kick,tbd
1,ARI,LAC,away,1789331100000,0
1,ATL,PIT,away,1789318800000,0
1,BAL,IND,away,1789318800000,0
1,BUF,HOU,away,1789318800000,0
1,CAR,CHI,home,1789318800000,0
1,CHI,CAR,away,1789318800000,0
1,CIN,TB,home,1789318800000,0
1,CLE,JAX,away,1789318800000,0
1,DAL,NYG,away,1789345200000,0
1,DEN,KC,away,1789431300000,0
1,DET,NO,home,1789318800000,0
1,GB,MIN,away,1789331100000,0
1,HOU,BUF,home,1789318800000,0
1,IND,BAL,home,1789318800000,0
1,JAX,CLE,home,1789318800000,0
1,KC,DEN,home,1789431300000,0
1,LAC,ARI,home,1789331100000,0
1,LAR,SF,home,1789086900000,0
1,LV,MIA,home,1789331100000,0
1,MIA,LV,away,1789331100000,0
1,MIN,GB,home,1789331100000,0
1,NE,SEA,away,1788999600000,0
1,NO,DET,away,1789318800000,0
1,NYG,DAL,home,1789345200000,0
1,NYJ,TEN,away,1789318800000,0
1,PHI,WSH,home,1789331100000,0
1,PIT,ATL,home,1789318800000,0
1,SEA,NE,home,1788999600000,0
1,SF,LAR,away,1789086900000,0
1,TB,CIN,away,1789318800000,0
1,TEN,NYJ,home,1789318800000,0
1,WSH,PHI,away,1789331100000,0
2,ARI,SEA,home,1789935900000,0
2,ATL,CAR,home,1789923600000,0
2,BAL,NO,home,1789923600000,0
2,BUF,DET,home,1789690500000,0
2,CAR,ATL,away,1789923600000,0
2,CHI,MIN,home,1789923600000,0
2,CIN,HOU,away,1789923600000,0
2,CLE,TB,away,1789923600000,0
2,DAL,WSH,home,1789935900000,0
2,DEN,JAX,home,1789934700000,0
2,DET,BUF,away,1789690500000,0
2,GB,NYJ,away,1789923600000,0
2,HOU,CIN,home,1789923600000,0
2,IND,KC,away,1789950000000,0
2,JAX,DEN,away,1789934700000,0
2,KC,IND,home,1789950000000,0
2,LAC,LV,home,1789934700000,0
2,LAR,NYG,home,1790036100000,0
2,LV,LAC,away,1789934700000,0
2,MIA,SF,away,1789935900000,0
2,MIN,CHI,away,1789923600000,0
2,NE,PIT,home,1789923600000,0
2,NO,BAL,away,1789923600000,0
2,NYG,LAR,away,1790036100000,0
2,NYJ,GB,home,1789923600000,0
2,PHI,TEN,away,1789923600000,0
2,PIT,NE,away,1789923600000,0
2,SEA,ARI,away,1789935900000,0
2,SF,MIA,home,1789935900000,0
2,TB,CLE,home,1789923600000,0
2,TEN,PHI,home,1789923600000,0
2,WSH,DAL,away,1789935900000,0
3,ARI,SF,away,1790539500000,0
3,ATL,GB,away,1790295300000,0
3,BAL,DAL,away,1790540700000,0
3,BUF,LAC,home,1790528400000,0
3,CAR,CLE,away,1790528400000,0
3,CHI,PHI,home,1790640900000,0
3,CIN,PIT,away,1790528400000,0
3,CLE,CAR,home,1790528400000,0
3,DAL,BAL,home,1790540700000,0
3,DEN,LAR,home,1790554800000,0
3,DET,NYJ,home,1790528400000,0
3,GB,ATL,home,1790295300000,0
3,HOU,IND,away,1790528400000,0
3,IND,HOU,home,1790528400000,0
3,JAX,NE,home,1790528400000,0
3,KC,MIA,away,1790528400000,0
3,LAC,BUF,away,1790528400000,0
3,LAR,DEN,away,1790554800000,0
3,LV,NO,away,1790540700000,0
3,MIA,KC,home,1790528400000,0
3,MIN,TB,away,1790539500000,0
3,NE,JAX,away,1790528400000,0
3,NO,LV,home,1790540700000,0
3,NYG,TEN,home,1790528400000,0
3,NYJ,DET,away,1790528400000,0
3,PHI,CHI,away,1790640900000,0
3,PIT,CIN,home,1790528400000,0
3,SEA,WSH,away,1790528400000,0
3,SF,ARI,home,1790539500000,0
3,TB,MIN,home,1790539500000,0
3,TEN,NYG,away,1790528400000,0
3,WSH,SEA,home,1790528400000,0
4,ARI,NYG,away,1791133200000,0
4,ATL,NO,away,1791245700000,0
4,BAL,TEN,home,1791133200000,0
4,BUF,NE,home,1791133200000,0
4,CAR,DET,home,1791159600000,0
4,CHI,NYJ,home,1791133200000,0
4,CIN,JAX,home,1791133200000,0
4,CLE,PIT,home,1790900100000,0
4,DAL,HOU,away,1791133200000,0
4,DEN,SF,away,1791145500000,0
4,DET,CAR,away,1791159600000,0
4,GB,TB,away,1791133200000,0
4,HOU,DAL,home,1791133200000,0
4,IND,WSH,away,1791120600000,0
4,JAX,CIN,away,1791133200000,0
4,KC,LV,away,1791145500000,0
4,LAC,SEA,away,1791145500000,0
4,LAR,PHI,away,1791133200000,0
4,LV,KC,home,1791145500000,0
4,MIA,MIN,away,1791144300000,0
4,MIN,MIA,home,1791144300000,0
4,NE,BUF,away,1791133200000,0
4,NO,ATL,home,1791245700000,0
4,NYG,ARI,home,1791133200000,0
4,NYJ,CHI,away,1791133200000,0
4,PHI,LAR,home,1791133200000,0
4,PIT,CLE,away,1790900100000,0
4,SEA,LAC,home,1791145500000,0
4,SF,DEN,home,1791145500000,0
4,TB,GB,home,1791133200000,0
4,TEN,BAL,away,1791133200000,0
4,WSH,IND,home,1791120600000,0
5,ARI,DET,home,1791750300000,0
5,ATL,BAL,home,1791764400000,0
5,BAL,ATL,away,1791764400000,0
5,BUF,LAR,away,1791850500000,0
5,CHI,GB,away,1791750300000,0
5,CIN,MIA,away,1791738000000,0
5,CLE,NYJ,away,1791738000000,0
5,DAL,TB,home,1791504900000,0
5,DEN,LAC,away,1791749100000,0
5,DET,ARI,away,1791750300000,0
5,GB,CHI,home,1791750300000,0
5,HOU,TEN,away,1791738000000,0
5,IND,PIT,away,1791738000000,0
5,JAX,PHI,home,1791725400000,0
5,LAC,DEN,home,1791749100000,0
5,LAR,BUF,home,1791850500000,0
5,LV,NE,away,1791738000000,0
5,MIA,CIN,home,1791738000000,0
5,MIN,NO,away,1791738000000,0
5,NE,LV,home,1791738000000,0
5,NO,MIN,home,1791738000000,0
5,NYG,WSH,away,1791738000000,0
5,NYJ,CLE,home,1791738000000,0
5,PHI,JAX,away,1791725400000,0
5,PIT,IND,home,1791738000000,0
5,SEA,SF,home,1791750300000,0
5,SF,SEA,away,1791750300000,0
5,TB,DAL,away,1791504900000,0
5,TEN,HOU,home,1791738000000,0
5,WSH,NYG,home,1791738000000,0
6,ARI,LAR,away,1792353900000,0
6,ATL,CHI,home,1792342800000,0
6,BAL,CLE,away,1792342800000,0
6,BUF,LV,away,1792355100000,0
6,CAR,PHI,away,1792342800000,0
6,CHI,ATL,away,1792342800000,0
6,CLE,BAL,home,1792342800000,0
6,DAL,GB,away,1792369200000,0
6,DEN,SEA,home,1792109700000,0
6,GB,DAL,home,1792369200000,0
6,HOU,JAX,away,1792330200000,0
6,IND,TEN,home,1792342800000,0
6,JAX,HOU,home,1792330200000,0
6,KC,LAC,home,1792355100000,0
6,LAC,KC,away,1792355100000,0
6,LAR,ARI,home,1792353900000,0
6,LV,BUF,home,1792355100000,0
6,NE,NYJ,home,1792342800000,0
6,NO,NYG,away,1792342800000,0
6,NYG,NO,home,1792342800000,0
6,NYJ,NE,away,1792342800000,0
6,PHI,CAR,home,1792342800000,0
6,PIT,TB,away,1792342800000,0
6,SEA,DEN,away,1792109700000,0
6,SF,WSH,home,1792455300000,0
6,TB,PIT,home,1792342800000,0
6,TEN,IND,away,1792342800000,0
6,WSH,SF,away,1792455300000,0
7,ARI,DEN,home,1792958700000,0
7,ATL,SF,home,1792947600000,0
7,BAL,CIN,home,1792947600000,0
7,CAR,TB,home,1792947600000,0
7,CHI,NE,home,1792714500000,0
7,CIN,BAL,away,1792947600000,0
7,CLE,TEN,away,1792947600000,0
7,DAL,PHI,away,1793060100000,0
7,DEN,ARI,away,1792958700000,0
7,DET,GB,home,1792959900000,0
7,GB,DET,away,1792959900000,0
7,HOU,NYG,home,1792947600000,0
7,IND,MIN,away,1792947600000,0
7,KC,SEA,away,1792974000000,0
7,LAR,LV,away,1792959900000,0
7,LV,LAR,home,1792959900000,0
7,MIA,NYJ,away,1792947600000,0
7,MIN,IND,home,1792947600000,0
7,NE,CHI,away,1792714500000,0
7,NO,PIT,home,1792935000000,0
7,NYG,HOU,away,1792947600000,0
7,NYJ,MIA,home,1792947600000,0
7,PHI,DAL,home,1793060100000,0
7,PIT,NO,away,1792935000000,0
7,SEA,KC,home,1792974000000,0
7,SF,ATL,away,1792947600000,0
7,TB,CAR,away,1792947600000,0
7,TEN,CLE,home,1792947600000,0
8,ARI,DAL,away,1793556000000,0
8,ATL,TB,away,1793556000000,0
8,BAL,BUF,away,1793556000000,0
8,BUF,BAL,home,1793556000000,0
8,CAR,GB,away,1793319300000,0
8,CHI,SEA,away,1793668500000,0
8,CIN,TEN,home,1793556000000,0
8,CLE,PIT,away,1793556000000,0
8,DAL,ARI,home,1793556000000,0
8,DEN,KC,home,1793568300000,0
8,DET,MIN,home,1793556000000,0
8,GB,CAR,home,1793319300000,0
8,IND,JAX,away,1793556000000,0
8,JAX,IND,home,1793556000000,0
8,KC,DEN,away,1793568300000,0
8,LAC,LAR,away,1793567100000,0
8,LAR,LAC,home,1793567100000,0
8,LV,NYJ,away,1793556000000,0
8,MIA,NE,home,1793568300000,0
8,MIN,DET,away,1793556000000,0
8,NE,MIA,away,1793568300000,0
8,NYJ,LV,home,1793556000000,0
8,PHI,WSH,away,1793582400000,0
8,PIT,CLE,home,1793556000000,0
8,SEA,CHI,home,1793668500000,0
8,TB,ATL,home,1793556000000,0
8,TEN,CIN,away,1793556000000,0
8,WSH,PHI,home,1793582400000,0
9,ARI,SEA,away,1794173100000,0
9,ATL,CIN,home,1794148200000,0
9,BAL,JAX,home,1793927700000,0
9,BUF,MIN,away,1794273300000,0
9,CAR,DEN,home,1794160800000,0
9,CHI,TB,home,1794187200000,0
9,CIN,ATL,away,1794148200000,0
9,CLE,NO,away,1794160800000,0
9,DAL,IND,away,1794160800000,0
9,DEN,CAR,away,1794160800000,0
9,DET,MIA,away,1794160800000,0
9,GB,NE,away,1794173100000,0
9,HOU,LAC,away,1794171900000,0
9,IND,DAL,home,1794160800000,0
9,JAX,BAL,away,1793927700000,0
9,KC,NYJ,home,1794160800000,0
9,LAC,HOU,home,1794171900000,0
9,LAR,WSH,away,1794160800000,0
9,LV,SF,away,1794171900000,0
9,MIA,DET,home,1794160800000,0
9,MIN,BUF,home,1794273300000,0
9,NE,GB,home,1794173100000,0
9,NO,CLE,home,1794160800000,0
9,NYG,PHI,away,1794160800000,0
9,NYJ,KC,away,1794160800000,0
9,PHI,NYG,home,1794160800000,0
9,SEA,ARI,home,1794173100000,0
9,SF,LV,home,1794171900000,0
9,TB,CHI,away,1794187200000,0
9,WSH,LAR,home,1794160800000,0
10,ARI,LAR,home,1794776700000,0
10,ATL,KC,home,1794765600000,0
10,BAL,LAC,home,1794878100000,0
10,BUF,NYJ,away,1794765600000,0
10,CAR,NO,away,1794765600000,0
10,CIN,PIT,home,1794792000000,0
10,CLE,HOU,home,1794765600000,0
10,DAL,SF,home,1794777900000,0
10,DET,NE,home,1794753000000,0
10,GB,MIN,home,1794765600000,0
10,HOU,CLE,away,1794765600000,0
10,IND,MIA,home,1794765600000,0
10,JAX,TEN,away,1794765600000,0
10,KC,ATL,away,1794765600000,0
10,LAC,BAL,away,1794878100000,0
10,LAR,ARI,away,1794776700000,0
10,LV,SEA,home,1794776700000,0
10,MIA,IND,away,1794765600000,0
10,MIN,GB,away,1794765600000,0
10,NE,DET,away,1794753000000,0
10,NO,CAR,home,1794765600000,0
10,NYG,WSH,home,1794532500000,0
10,NYJ,BUF,home,1794765600000,0
10,PIT,CIN,away,1794792000000,0
10,SEA,LV,away,1794776700000,0
10,SF,DAL,away,1794777900000,0
10,TEN,JAX,home,1794765600000,0
10,WSH,NYG,away,1794532500000,0
11,ARI,KC,away,1795370400000,0
11,BAL,CAR,away,1795370400000,0
11,BUF,MIA,home,1795370400000,0
11,CAR,BAL,home,1795370400000,0
11,CHI,NO,home,1795370400000,0
11,CIN,WSH,away,1795482900000,0
11,DAL,TEN,home,1795370400000,0
11,DEN,LV,home,1795382700000,0
11,DET,TB,home,1795370400000,0
11,HOU,IND,home,1795137300000,0
11,IND,HOU,away,1795137300000,0
11,JAX,NYG,away,1795370400000,0
11,KC,ARI,home,1795370400000,0
11,LAC,NYJ,home,1795381500000,0
11,LV,DEN,away,1795382700000,0
11,MIA,BUF,away,1795370400000,0
11,MIN,SF,away,1795396800000,0
11,NO,CHI,away,1795370400000,0
11,NYG,JAX,home,1795370400000,0
11,NYJ,LAC,away,1795381500000,0
11,PHI,PIT,home,1795382700000,0
11,PIT,PHI,away,1795382700000,0
11,SF,MIN,home,1795396800000,0
11,TB,DET,away,1795370400000,0
11,TEN,DAL,away,1795370400000,0
11,WSH,CIN,home,1795482900000,0
12,ARI,WSH,home,1795987500000,0
12,ATL,MIN,away,1795975200000,0
12,BAL,HOU,away,1795975200000,0
12,BUF,KC,home,1795742400000,0
12,CAR,TB,away,1796087700000,0
12,CHI,DET,away,1795716000000,0
12,CIN,NO,home,1795975200000,0
12,CLE,LV,home,1795975200000,0
12,DAL,PHI,home,1795728600000,0
12,DEN,PIT,away,1795809600000,0
12,DET,CHI,home,1795716000000,0
12,GB,LAR,away,1795654800000,0
12,HOU,BAL,home,1795975200000,0
12,IND,NYG,home,1795975200000,0
12,JAX,TEN,home,1795986300000,0
12,KC,BUF,away,1795742400000,0
12,LAC,NE,home,1796001600000,0
12,LAR,GB,home,1795654800000,0
12,LV,CLE,away,1795975200000,0
12,MIA,NYJ,home,1795975200000,0
12,MIN,ATL,home,1795975200000,0
12,NE,LAC,away,1796001600000,0
12,NO,CIN,away,1795975200000,0
12,NYG,IND,away,1795975200000,0
12,NYJ,MIA,away,1795975200000,0
12,PHI,DAL,away,1795728600000,0
12,PIT,DEN,home,1795809600000,0
12,SEA,SF,away,1795987500000,0
12,SF,SEA,home,1795987500000,0
12,TB,CAR,home,1796087700000,0
12,TEN,JAX,away,1795986300000,0
12,WSH,ARI,away,1795987500000,0
13,ARI,PHI,home,1796591100000,0
13,ATL,DET,home,1796580000000,0
13,BUF,NE,away,1796592300000,0
13,CAR,MIN,away,1796592300000,0
13,CHI,JAX,home,1796580000000,0
13,CIN,CLE,away,1796580000000,0
13,CLE,CIN,home,1796580000000,0
13,DAL,SEA,away,1796692500000,0
13,DEN,MIA,home,1796591100000,0
13,DET,ATL,away,1796580000000,0
13,GB,NO,away,1796580000000,0
13,HOU,PIT,away,1796606400000,0
13,JAX,CHI,away,1796580000000,0
13,KC,LAR,away,1796346900000,0
13,LAC,TB,away,1796580000000,0
13,LAR,KC,home,1796346900000,0
13,MIA,DEN,away,1796591100000,0
13,MIN,CAR,home,1796592300000,0
13,NE,BUF,home,1796592300000,0
13,NO,GB,home,1796580000000,0
13,NYG,SF,home,1796580000000,0
13,PHI,ARI,away,1796591100000,0
13,PIT,HOU,home,1796606400000,0
13,SEA,DAL,home,1796692500000,0
13,SF,NYG,away,1796580000000,0
13,TB,LAC,home,1796580000000,0
13,TEN,WSH,home,1796580000000,0
13,WSH,TEN,away,1796580000000,0
14,ATL,CLE,away,1797184800000,0
14,BAL,TB,home,1797184800000,0
14,BUF,GB,away,1797211200000,0
14,CAR,NO,home,1797184800000,0
14,CHI,MIA,away,1797184800000,0
14,CIN,KC,home,1797197100000,0
14,CLE,ATL,home,1797184800000,0
14,DEN,NYJ,away,1797184800000,0
14,DET,TEN,home,1797184800000,0
14,GB,BUF,home,1797211200000,0
14,HOU,WSH,away,1797184800000,0
14,IND,PHI,away,1797184800000,0
14,JAX,PIT,home,1797297300000,0
14,KC,CIN,away,1797197100000,0
14,LAC,LV,away,1797195900000,0
14,LAR,SF,away,1797197100000,0
14,LV,LAC,home,1797195900000,0
14,MIA,CHI,home,1797184800000,0
14,MIN,NE,away,1796951700000,0
14,NE,MIN,home,1796951700000,0
14,NO,CAR,away,1797184800000,0
14,NYG,SEA,away,1797197100000,0
14,NYJ,DEN,home,1797184800000,0
14,PHI,IND,home,1797184800000,0
14,PIT,JAX,away,1797297300000,0
14,SEA,NYG,home,1797197100000,0
14,SF,LAR,home,1797197100000,0
14,TB,BAL,away,1797184800000,0
14,TEN,DET,away,1797184800000,0
14,WSH,HOU,home,1797184800000,0
15,ARI,NYJ,home,1797800700000,0
15,ATL,WSH,away,1797789600000,0
15,BAL,PIT,away,1797789600000,0
15,BUF,CHI,home,1797729600000,0
15,CAR,CIN,home,1797789600000,0
15,CHI,BUF,away,1797729600000,0
15,CIN,CAR,away,1797789600000,0
15,CLE,NYG,away,1797789600000,0
15,DAL,LAR,away,1797801900000,0
15,DEN,LV,away,1797801900000,0
15,DET,MIN,away,1797816000000,0
15,GB,MIA,home,1797789600000,0
15,HOU,JAX,home,1797789600000,0
15,IND,TEN,away,1797789600000,0
15,JAX,HOU,away,1797789600000,0
15,KC,NE,home,1797902100000,0
15,LAC,SF,home,1797556500000,0
15,LAR,DAL,home,1797801900000,0
15,LV,DEN,home,1797801900000,0
15,MIA,GB,away,1797789600000,0
15,MIN,DET,home,1797816000000,0
15,NE,KC,away,1797902100000,0
15,NO,TB,away,1797789600000,0
15,NYG,CLE,home,1797789600000,0
15,NYJ,ARI,away,1797800700000,0
15,PHI,SEA,home,1797717600000,0
15,PIT,BAL,home,1797789600000,0
15,SEA,PHI,away,1797717600000,0
15,SF,LAC,away,1797556500000,0
15,TB,NO,home,1797789600000,0
15,TEN,IND,home,1797789600000,0
15,WSH,ATL,home,1797789600000,0
16,ARI,NO,away,1798394400000,0
16,ATL,TB,home,1798358460000,1
16,BAL,CLE,home,1798394400000,0
16,BUF,DEN,away,1798234200000,0
16,CAR,PIT,away,1798358460000,1
16,CHI,GB,home,1798221600000,0
16,CIN,IND,away,1798358460000,1
16,CLE,BAL,away,1798394400000,0
16,DAL,JAX,home,1798420800000,0
16,DEN,BUF,home,1798234200000,0
16,DET,NYG,home,1798506900000,0
16,GB,CHI,away,1798221600000,0
16,HOU,PHI,away,1798161300000,0
16,IND,CIN,home,1798358460000,1
16,JAX,DAL,away,1798420800000,0
16,KC,SF,home,1798406700000,0
16,LAC,MIA,away,1798394400000,0
16,LAR,SEA,away,1798247700000,0
16,LV,TEN,home,1798405500000,0
16,MIA,LAC,home,1798394400000,0
16,MIN,WSH,home,1798358460000,1
16,NE,NYJ,away,1798394400000,0
16,NO,ARI,home,1798394400000,0
16,NYG,DET,away,1798506900000,0
16,NYJ,NE,home,1798394400000,0
16,PHI,HOU,home,1798161300000,0
16,PIT,CAR,home,1798358460000,1
16,SEA,LAR,home,1798247700000,0
16,SF,KC,away,1798406700000,0
16,TB,ATL,away,1798358460000,1
16,TEN,LV,away,1798405500000,0
16,WSH,MIN,away,1798358460000,1
17,ARI,LV,home,1799010300000,0
17,ATL,NO,home,1798999200000,0
17,BAL,CIN,away,1798766100000,0
17,BUF,MIA,away,1798999200000,0
17,CAR,SEA,home,1798999200000,0
17,CHI,DET,home,1799011500000,0
17,CIN,BAL,home,1798766100000,0
17,CLE,IND,home,1798999200000,0
17,DAL,NYG,home,1798999200000,0
17,DEN,NE,away,1798963260000,1
17,DET,CHI,away,1799011500000,0
17,GB,HOU,home,1799111700000,0
17,HOU,GB,away,1799111700000,0
17,IND,CLE,away,1798999200000,0
17,JAX,WSH,home,1798963260000,1
17,KC,LAC,away,1798963260000,1
17,LAC,KC,home,1798963260000,1
17,LAR,TB,away,1798963260000,1
17,LV,ARI,away,1799010300000,0
17,MIA,BUF,home,1798999200000,0
17,MIN,NYJ,away,1798999200000,0
17,NE,DEN,home,1798963260000,1
17,NO,ATL,away,1798999200000,0
17,NYG,DAL,away,1798999200000,0
17,NYJ,MIN,home,1798999200000,0
17,PHI,SF,away,1799025600000,0
17,PIT,TEN,away,1798999200000,0
17,SEA,CAR,away,1798999200000,0
17,SF,PHI,home,1799025600000,0
17,TB,LAR,home,1798963260000,1
17,TEN,PIT,home,1798999200000,0
17,WSH,JAX,away,1798963260000,1
18,ARI,SF,home,1799568060000,1
18,ATL,CAR,away,1799568060000,1
18,BAL,PIT,home,1799568060000,1
18,BUF,NYJ,home,1799568060000,1
18,CAR,ATL,home,1799568060000,1
18,CHI,MIN,away,1799568060000,1
18,CIN,CLE,home,1799568060000,1
18,CLE,CIN,away,1799568060000,1
18,DAL,WSH,away,1799568060000,1
18,DEN,LAC,home,1799568060000,1
18,DET,GB,away,1799568060000,1
18,GB,DET,home,1799568060000,1
18,HOU,TEN,home,1799568060000,1
18,IND,JAX,home,1799568060000,1
18,JAX,IND,away,1799568060000,1
18,KC,LV,home,1799568060000,1
18,LAC,DEN,away,1799568060000,1
18,LAR,SEA,home,1799568060000,1
18,LV,KC,away,1799568060000,1
18,MIA,NE,away,1799568060000,1
18,MIN,CHI,home,1799568060000,1
18,NE,MIA,home,1799568060000,1
18,NO,TB,home,1799568060000,1
18,NYG,PHI,home,1799568060000,1
18,NYJ,BUF,away,1799568060000,1
18,PHI,NYG,away,1799568060000,1
18,PIT,BAL,away,1799568060000,1
18,SEA,LAR,away,1799568060000,1
18,SF,ARI,away,1799568060000,1
18,TB,NO,away,1799568060000,1
18,TEN,HOU,away,1799568060000,1
18,WSH,DAL,home,1799568060000,1
