asof,week,matchup_id,playoff,home_id,home,home_pts,away_id,away,away_pts,winner
2026-10-02,1,1,NONE,9,JUG,98.9,12,DUCK,95.7,HOME
2026-10-02,1,2,NONE,3,Boo,124.0,2,???,121.3,HOME
2026-10-02,1,3,NONE,4,TURD,74.2,10,Tets,112.4,AWAY
2026-10-02,1,4,NONE,13,WGTS,105.9,6,BC,111.1,AWAY
2026-10-02,1,5,NONE,1,POT,108.6,5,LOOP,118.1,AWAY
2026-10-02,1,6,NONE,11,FLEM,112.0,7,ART,148.3,AWAY
2026-10-02,2,10,NONE,5,LOOP,76.6,4,TURD,138.8,AWAY
2026-10-02,2,11,NONE,7,ART,89.1,13,WGTS,66.3,HOME
2026-10-02,2,12,NONE,11,FLEM,79.9,1,POT,96.2,AWAY
2026-10-02,2,7,NONE,12,DUCK,142.6,2,???,144.0,AWAY
2026-10-02,2,8,NONE,10,Tets,78.6,9,JUG,106.3,AWAY
2026-10-02,2,9,NONE,6,BC,122.5,3,Boo,136.8,AWAY
2026-10-02,3,13,NONE,10,Tets,77.1,12,DUCK,117.9,AWAY
2026-10-02,3,14,NONE,2,???,110.4,6,BC,110.1,HOME
2026-10-02,3,15,NONE,9,JUG,88.4,5,LOOP,90.5,AWAY
2026-10-02,3,16,NONE,3,Boo,78.6,7,ART,133.1,AWAY
2026-10-02,3,17,NONE,4,TURD,132.7,11,FLEM,137.3,AWAY
2026-10-02,3,18,NONE,13,WGTS,117.0,1,POT,108.1,HOME
2026-10-02,4,19,NONE,12,DUCK,0.0,6,BC,0.0,UNDECIDED
2026-10-02,4,20,NONE,5,LOOP,0.0,10,Tets,0.0,UNDECIDED
2026-10-02,4,21,NONE,7,ART,0.0,2,???,0.0,UNDECIDED
2026-10-02,4,22,NONE,11,FLEM,0.0,9,JUG,0.0,UNDECIDED
2026-10-02,4,23,NONE,1,POT,0.0,3,Boo,0.0,UNDECIDED
2026-10-02,4,24,NONE,13,WGTS,0.0,4,TURD,0.0,UNDECIDED
2026-10-02,5,25,NONE,5,LOOP,0.0,12,DUCK,0.0,UNDECIDED
2026-10-02,5,26,NONE,6,BC,0.0,7,ART,0.0,UNDECIDED
2026-10-02,5,27,NONE,10,Tets,0.0,11,FLEM,0.0,UNDECIDED
2026-10-02,5,28,NONE,2,???,0.0,1,POT,0.0,UNDECIDED
2026-10-02,5,29,NONE,9,JUG,0.0,13,WGTS,0.0,UNDECIDED
2026-10-02,5,30,NONE,3,Boo,0.0,4,TURD,0.0,UNDECIDED
2026-10-02,6,31,NONE,12,DUCK,0.0,7,ART,0.0,UNDECIDED
2026-10-02,6,32,NONE,11,FLEM,0.0,5,LOOP,0.0,UNDECIDED
2026-10-02,6,33,NONE,1,POT,0.0,6,BC,0.0,UNDECIDED
2026-10-02,6,34,NONE,13,WGTS,0.0,10,Tets,0.0,UNDECIDED
2026-10-02,6,35,NONE,4,TURD,0.0,2,???,0.0,UNDECIDED
2026-10-02,6,36,NONE,3,Boo,0.0,9,JUG,0.0,UNDECIDED
2026-10-02,7,37,NONE,11,FLEM,0.0,12,DUCK,0.0,UNDECIDED
2026-10-02,7,38,NONE,7,ART,0.0,1,POT,0.0,UNDECIDED
2026-10-02,7,39,NONE,5,LOOP,0.0,13,WGTS,0.0,UNDECIDED
2026-10-02,7,40,NONE,6,BC,0.0,4,TURD,0.0,UNDECIDED
2026-10-02,7,41,NONE,10,Tets,0.0,3,Boo,0.0,UNDECIDED
2026-10-02,7,42,NONE,2,???,0.0,9,JUG,0.0,UNDECIDED
2026-10-02,8,43,NONE,12,DUCK,0.0,1,POT,0.0,UNDECIDED
2026-10-02,8,44,NONE,13,WGTS,0.0,11,FLEM,0.0,UNDECIDED
2026-10-02,8,45,NONE,4,TURD,0.0,7,ART,0.0,UNDECIDED
2026-10-02,8,46,NONE,3,Boo,0.0,5,LOOP,0.0,UNDECIDED
2026-10-02,8,47,NONE,9,JUG,0.0,6,BC,0.0,UNDECIDED
2026-10-02,8,48,NONE,2,???,0.0,10,Tets,0.0,UNDECIDED
2026-10-02,9,49,NONE,13,WGTS,0.0,12,DUCK,0.0,UNDECIDED
2026-10-02,9,50,NONE,1,POT,0.0,4,TURD,0.0,UNDECIDED
2026-10-02,9,51,NONE,11,FLEM,0.0,3,Boo,0.0,UNDECIDED
2026-10-02,9,52,NONE,7,ART,0.0,9,JUG,0.0,UNDECIDED
2026-10-02,9,53,NONE,5,LOOP,0.0,2,???,0.0,UNDECIDED
2026-10-02,9,54,NONE,6,BC,0.0,10,Tets,0.0,UNDECIDED
2026-10-02,10,55,NONE,12,DUCK,0.0,4,TURD,0.0,UNDECIDED
2026-10-02,10,56,NONE,3,Boo,0.0,13,WGTS,0.0,UNDECIDED
2026-10-02,10,57,NONE,9,JUG,0.0,1,POT,0.0,UNDECIDED
2026-10-02,10,58,NONE,2,???,0.0,11,FLEM,0.0,UNDECIDED
2026-10-02,10,59,NONE,10,Tets,0.0,7,ART,0.0,UNDECIDED
2026-10-02,10,60,NONE,6,BC,0.0,5,LOOP,0.0,UNDECIDED
2026-10-02,11,61,NONE,3,Boo,0.0,12,DUCK,0.0,UNDECIDED
2026-10-02,11,62,NONE,4,TURD,0.0,9,JUG,0.0,UNDECIDED
2026-10-02,11,63,NONE,13,WGTS,0.0,2,???,0.0,UNDECIDED
2026-10-02,11,64,NONE,1,POT,0.0,10,Tets,0.0,UNDECIDED
2026-10-02,11,65,NONE,11,FLEM,0.0,6,BC,0.0,UNDECIDED
2026-10-02,11,66,NONE,7,ART,0.0,5,LOOP,0.0,UNDECIDED
2026-10-02,12,67,NONE,12,DUCK,0.0,9,JUG,0.0,UNDECIDED
2026-10-02,12,68,NONE,2,???,0.0,3,Boo,0.0,UNDECIDED
2026-10-02,12,69,NONE,10,Tets,0.0,4,TURD,0.0,UNDECIDED
2026-10-02,12,70,NONE,6,BC,0.0,13,WGTS,0.0,UNDECIDED
2026-10-02,12,71,NONE,5,LOOP,0.0,1,POT,0.0,UNDECIDED
2026-10-02,12,72,NONE,7,ART,0.0,11,FLEM,0.0,UNDECIDED
2026-10-02,13,73,NONE,2,???,0.0,12,DUCK,0.0,UNDECIDED
2026-10-02,13,74,NONE,9,JUG,0.0,10,Tets,0.0,UNDECIDED
2026-10-02,13,75,NONE,3,Boo,0.0,6,BC,0.0,UNDECIDED
2026-10-02,13,76,NONE,4,TURD,0.0,5,LOOP,0.0,UNDECIDED
2026-10-02,13,77,NONE,13,WGTS,0.0,7,ART,0.0,UNDECIDED
2026-10-02,13,78,NONE,1,POT,0.0,11,FLEM,0.0,UNDECIDED
2026-10-02,14,79,NONE,12,DUCK,0.0,10,Tets,0.0,UNDECIDED
2026-10-02,14,80,NONE,6,BC,0.0,2,???,0.0,UNDECIDED
2026-10-02,14,81,NONE,5,LOOP,0.0,9,JUG,0.0,UNDECIDED
2026-10-02,14,82,NONE,7,ART,0.0,3,Boo,0.0,UNDECIDED
2026-10-02,14,83,NONE,11,FLEM,0.0,4,TURD,0.0,UNDECIDED
2026-10-02,14,84,NONE,1,POT,0.0,13,WGTS,0.0,UNDECIDED
