player,pos,eff_adp,vbd,bye,p8_old,p17_old,p32_old,p41_old,p56_old,p65_old,p80_old,p8_new,p17_new,p32_new,p41_new,p56_new,p65_new,p80_new
Jahmyr Gibbs,RB,1.4,162.3,6.0,0.0,0.0,0.0,0.0,0.0,0.0,0.0,0.0,0.0,0.0,0.0,0.0,0.0,0.0
Bijan Robinson,RB,2.5,146.2,11.0,0.0,0.0,0.0,0.0,0.0,0.0,0.0,0.0,0.0,0.0,0.0,0.0,0.0,0.0
Ja'Marr Chase,WR,3.9,114.1,6.0,0.0,0.0,0.0,0.0,0.0,0.0,0.0,0.01,0.0,0.0,0.0,0.0,0.0,0.0
Puka Nacua,WR,5.1,131.3,11.0,0.0,0.0,0.0,0.0,0.0,0.0,0.0,0.1,0.0,0.0,0.0,0.0,0.0,0.0
Jaxon Smith-Njigba,WR,5.8,104.8,11.0,0.0,0.0,0.0,0.0,0.0,0.0,0.0,0.2,0.0,0.0,0.0,0.0,0.0,0.0
Christian McCaffrey,RB,7.2,134.9,8.0,0.14,0.0,0.0,0.0,0.0,0.0,0.0,0.47,0.0,0.0,0.0,0.0,0.0,0.0
Jonathan Taylor,RB,7.7,122.5,13.0,0.33,0.0,0.0,0.0,0.0,0.0,0.0,0.57,0.0,0.0,0.0,0.0,0.0,0.0
Amon-Ra St. Brown,WR,8.3,101.3,6.0,0.57,0.0,0.0,0.0,0.0,0.0,0.0,0.64,0.0,0.0,0.0,0.0,0.0,0.0
CeeDee Lamb,WR,10.7,78.3,14.0,0.97,0.0,0.0,0.0,0.0,0.0,0.0,0.85,0.04,0.0,0.0,0.0,0.0,0.0
De'Von Achane,RB,12.0,92.5,6.0,0.99,0.0,0.0,0.0,0.0,0.0,0.0,0.9,0.11,0.0,0.0,0.0,0.0,0.0
Justin Jefferson,WR,12.1,74.8,6.0,0.99,0.0,0.0,0.0,0.0,0.0,0.0,0.91,0.11,0.0,0.0,0.0,0.0,0.0
James Cook III,RB,12.6,93.0,7.0,1.0,0.0,0.0,0.0,0.0,0.0,0.0,0.92,0.15,0.0,0.0,0.0,0.0,0.0
Saquon Barkley,RB,15.8,83.4,10.0,1.0,0.05,0.0,0.0,0.0,0.0,0.0,0.97,0.42,0.0,0.0,0.0,0.0,0.0
Ashton Jeanty,RB,16.6,79.6,13.0,1.0,0.1,0.0,0.0,0.0,0.0,0.0,0.97,0.49,0.0,0.0,0.0,0.0,0.0
Drake London,WR,18.6,55.1,11.0,1.0,0.37,0.0,0.0,0.0,0.0,0.0,0.98,0.63,0.01,0.0,0.0,0.0,0.0
Derrick Henry,RB,19.1,95.4,13.0,1.0,0.44,0.0,0.0,0.0,0.0,0.0,0.98,0.66,0.01,0.0,0.0,0.0,0.0
Trey McBride,TE,20.4,47.6,14.0,1.0,1.0,0.36,0.01,0.0,0.0,0.0,1.0,0.96,0.62,0.3,0.03,0.0,0.0
Kenneth Walker III,RB,21.5,81.2,5.0,1.0,0.76,0.0,0.0,0.0,0.0,0.0,0.99,0.77,0.05,0.0,0.0,0.0,0.0
Jeremiyah Love,RB,21.7,77.2,14.0,1.0,0.78,0.0,0.0,0.0,0.0,0.0,0.99,0.78,0.06,0.0,0.0,0.0,0.0
Chase Brown,RB,21.9,71.3,6.0,1.0,0.8,0.0,0.0,0.0,0.0,0.0,0.99,0.78,0.06,0.0,0.0,0.0,0.0
Josh Allen,QB,21.9,80.3,7.0,1.0,0.8,0.0,0.0,0.0,0.0,0.0,0.99,0.78,0.06,0.0,0.0,0.0,0.0
Brock Bowers,TE,23.2,51.2,13.0,1.0,1.0,0.6,0.05,0.0,0.0,0.0,1.0,0.97,0.69,0.4,0.07,0.02,0.0
Omarion Hampton,RB,25.6,67.3,7.0,1.0,0.96,0.0,0.0,0.0,0.0,0.0,0.99,0.88,0.2,0.03,0.0,0.0,0.0
A.J. Brown,WR,26.1,42.0,11.0,1.0,0.97,0.0,0.0,0.0,0.0,0.0,0.99,0.88,0.22,0.03,0.0,0.0,0.0
Nico Collins,WR,26.2,42.1,8.0,1.0,0.97,0.0,0.0,0.0,0.0,0.0,0.99,0.89,0.21,0.03,0.0,0.0,0.0
Breece Hall,RB,31.1,79.5,13.0,1.0,1.0,0.07,0.0,0.0,0.0,0.0,0.99,0.94,0.45,0.14,0.01,0.0,0.0
Malik Nabers,WR,32.5,39.3,8.0,1.0,1.0,0.16,0.0,0.0,0.0,0.0,0.99,0.95,0.51,0.2,0.01,0.0,0.0
Josh Jacobs,RB,33.4,72.5,11.0,1.0,1.0,0.21,0.0,0.0,0.0,0.0,1.0,0.95,0.54,0.22,0.02,0.0,0.0
Garrett Wilson,WR,33.4,36.4,13.0,1.0,1.0,0.21,0.0,0.0,0.0,0.0,1.0,0.95,0.54,0.21,0.02,0.0,0.0
Lamar Jackson,QB,34.4,33.0,13.0,1.0,1.0,0.27,0.0,0.0,0.0,0.0,1.0,0.96,0.58,0.25,0.02,0.0,0.0
Kyren Williams,RB,36.5,46.8,11.0,1.0,1.0,0.46,0.02,0.0,0.0,0.0,1.0,0.97,0.65,0.34,0.05,0.01,0.0
DeVonta Smith,WR,37.1,30.4,10.0,1.0,1.0,0.51,0.03,0.0,0.0,0.0,1.0,0.97,0.67,0.37,0.05,0.01,0.0
Davante Adams,WR,38.4,35.0,11.0,1.0,1.0,0.62,0.06,0.0,0.0,0.0,1.0,0.97,0.7,0.42,0.08,0.02,0.0
Emeka Egbuka,WR,39.3,30.7,10.0,1.0,1.0,0.67,0.08,0.0,0.0,0.0,1.0,0.97,0.71,0.43,0.09,0.02,0.0
Tyler Warren,TE,39.5,28.1,13.0,1.0,1.0,0.99,0.86,0.03,0.0,0.0,1.0,0.99,0.91,0.8,0.48,0.3,0.1
Jayden Daniels,QB,40.6,21.2,7.0,1.0,1.0,0.75,0.13,0.0,0.0,0.0,1.0,0.98,0.76,0.48,0.12,0.04,0.0
Jalen Hurts,QB,41.2,25.3,10.0,1.0,1.0,0.77,0.16,0.0,0.0,0.0,1.0,0.98,0.77,0.51,0.13,0.04,0.01
Ladd McConkey,WR,41.4,17.7,7.0,1.0,1.0,0.78,0.16,0.0,0.0,0.0,1.0,0.98,0.76,0.51,0.13,0.04,0.0
Bucky Irving,RB,44.5,20.0,10.0,1.0,1.0,0.89,0.34,0.0,0.0,0.0,1.0,0.98,0.81,0.59,0.2,0.08,0.01
Quinshon Judkins,RB,45.1,41.8,11.0,1.0,1.0,0.91,0.38,0.0,0.0,0.0,1.0,0.98,0.83,0.61,0.22,0.09,0.01
Tee Higgins,WR,46.4,19.2,6.0,1.0,1.0,0.93,0.47,0.0,0.0,0.0,1.0,0.98,0.84,0.64,0.27,0.12,0.02
Jaylen Waddle,WR,48.0,11.4,10.0,1.0,1.0,0.95,0.58,0.0,0.0,0.0,1.0,0.99,0.86,0.68,0.31,0.15,0.03
Joe Burrow,QB,48.8,28.9,6.0,1.0,1.0,0.96,0.63,0.0,0.0,0.0,1.0,0.98,0.87,0.7,0.33,0.16,0.04
Terry McLaurin,WR,50.5,16.6,7.0,1.0,1.0,0.98,0.7,0.01,0.0,0.0,1.0,0.99,0.88,0.73,0.37,0.2,0.05
DJ Moore,WR,53.4,12.4,7.0,1.0,1.0,0.99,0.82,0.02,0.0,0.0,1.0,0.99,0.9,0.78,0.44,0.26,0.09
Kyle Pitts Sr.,TE,55.2,4.6,11.0,1.0,1.0,1.0,0.99,0.58,0.18,0.0,1.0,0.99,0.96,0.91,0.75,0.62,0.41
Rome Odunze,WR,55.5,19.4,10.0,1.0,1.0,0.99,0.88,0.05,0.0,0.0,1.0,0.99,0.92,0.81,0.51,0.32,0.12
D'Andre Swift,RB,55.8,27.8,10.0,1.0,1.0,1.0,0.88,0.05,0.0,0.0,1.0,0.99,0.93,0.81,0.51,0.34,0.13
Jameson Williams,WR,58.0,12.7,6.0,1.0,1.0,1.0,0.92,0.1,0.0,0.0,1.0,0.99,0.93,0.84,0.57,0.38,0.17
Sam LaPorta,TE,59.3,9.1,6.0,1.0,1.0,1.0,1.0,0.74,0.33,0.02,1.0,1.0,0.97,0.93,0.81,0.7,0.5
David Montgomery,RB,61.1,8.3,8.0,1.0,1.0,1.0,0.96,0.19,0.01,0.0,1.0,0.99,0.95,0.87,0.64,0.46,0.23
Bhayshul Tuten,RB,64.2,19.8,7.0,1.0,1.0,1.0,0.98,0.32,0.05,0.0,1.0,0.99,0.95,0.88,0.68,0.52,0.29
Harold Fannin Jr.,TE,65.8,5.8,11.0,1.0,1.0,1.0,1.0,0.88,0.57,0.09,1.0,1.0,0.98,0.95,0.86,0.77,0.6
Jaxson Dart,QB,66.3,0.0,8.0,1.0,1.0,1.0,0.99,0.42,0.08,0.0,1.0,0.99,0.95,0.9,0.71,0.56,0.34
Luther Burden III,WR,67.2,4.8,10.0,1.0,1.0,1.0,0.99,0.46,0.1,0.0,1.0,0.99,0.96,0.9,0.72,0.58,0.35
Jadarian Price,RB,67.9,11.9,11.0,1.0,1.0,1.0,0.99,0.5,0.12,0.0,1.0,0.99,0.96,0.91,0.74,0.59,0.36
TreVeyon Henderson,RB,68.2,9.3,11.0,1.0,1.0,1.0,0.99,0.51,0.13,0.0,1.0,0.99,0.96,0.91,0.73,0.59,0.37
Carnell Tate,WR,68.8,1.6,9.0,1.0,1.0,1.0,0.99,0.52,0.13,0.0,1.0,0.99,0.96,0.91,0.75,0.61,0.38
Matthew Stafford,QB,69.8,21.2,11.0,1.0,1.0,1.0,0.99,0.57,0.16,0.0,1.0,0.99,0.96,0.91,0.76,0.62,0.4
Courtland Sutton,WR,71.3,6.2,10.0,1.0,1.0,1.0,1.0,0.63,0.2,0.01,1.0,1.0,0.97,0.92,0.77,0.64,0.43
Dak Prescott,QB,75.5,4.5,14.0,1.0,1.0,1.0,1.0,0.77,0.37,0.03,1.0,0.99,0.97,0.94,0.82,0.71,0.51
DK Metcalf,WR,77.1,0.0,9.0,1.0,1.0,1.0,1.0,0.81,0.43,0.04,1.0,1.0,0.98,0.94,0.82,0.72,0.53
Bo Nix,QB,77.2,7.4,10.0,1.0,1.0,1.0,1.0,0.81,0.43,0.04,1.0,1.0,0.97,0.94,0.82,0.72,0.54
Marvin Harrison Jr.,WR,77.3,-4.1,14.0,1.0,1.0,1.0,1.0,0.81,0.44,0.04,1.0,0.99,0.97,0.94,0.83,0.73,0.54
Tucker Kraft,TE,81.3,4.7,11.0,1.0,1.0,1.0,1.0,0.98,0.92,0.52,1.0,1.0,0.99,0.97,0.92,0.88,0.77
Michael Pittman Jr.,WR,81.4,-10.4,9.0,1.0,1.0,1.0,1.0,0.89,0.59,0.1,1.0,1.0,0.98,0.95,0.87,0.77,0.61
Caleb Williams,QB,82.4,-9.7,10.0,1.0,1.0,1.0,1.0,0.9,0.62,0.12,1.0,1.0,0.98,0.95,0.86,0.77,0.61
Trevor Lawrence,QB,83.2,-3.8,7.0,1.0,1.0,1.0,1.0,0.91,0.65,0.14,1.0,1.0,0.98,0.96,0.87,0.79,0.63
Mike Evans,WR,84.1,-9.6,8.0,1.0,1.0,1.0,1.0,0.92,0.67,0.16,1.0,1.0,0.98,0.95,0.87,0.79,0.64
Parker Washington,WR,86.5,-8.2,7.0,1.0,1.0,1.0,1.0,0.94,0.75,0.22,1.0,1.0,0.98,0.96,0.89,0.82,0.68
Travis Kelce,TE,87.5,0.3,5.0,1.0,1.0,1.0,1.0,0.99,0.96,0.7,1.0,1.0,0.99,0.98,0.94,0.9,0.81
George Kittle,TE,87.5,1.6,8.0,1.0,1.0,1.0,1.0,0.99,0.96,0.7,1.0,1.0,0.99,0.98,0.94,0.9,0.81
Christian Watson,WR,87.6,-5.9,11.0,1.0,1.0,1.0,1.0,0.95,0.77,0.25,1.0,1.0,0.98,0.96,0.89,0.82,0.69
Dallas Goedert,TE,87.8,1.4,10.0,1.0,1.0,1.0,1.0,0.99,0.96,0.7,1.0,1.0,0.99,0.98,0.94,0.9,0.82
Jaylen Warren,RB,88.9,0.0,9.0,1.0,1.0,1.0,1.0,0.96,0.8,0.29,1.0,1.0,0.98,0.96,0.9,0.84,0.7
