PLAYER,TYPE,ACTION,C/A,YDS,TD,INT,CAR,YDS.1,TD.1,REC,YDS.2,TD.2,TAR,%ROST,+/-,TOT,AVG,pos,nm,key,RK,BEST,STD.DEV,prk,best_prk,ceil_pts,ceil_VBD,VBD,upside_pts,age,rookie,Pos,youth,score
Caleb Williams CHI QB,POT,,317/528,3823,25,10,71,382,2,0,0,0,0,89.5,-0.1,332.4,19.6,QB,Caleb Williams,calebwilliams,67,27,14.2,7,1,421.4,79.69999999999999,-9.300000000000011,89.0,24.0,False,,3.0,92.5
Justin Herbert LAC QB,JUG,,345/528,3846,26,11,78,406,2,0,0,0,0,86.7,-0.1,333.5,19.6,QB,Justin Herbert,justinherbert,68,36,14.6,8,1,421.4,79.69999999999999,-8.199999999999989,87.89999999999998,27.0,False,,0.0,80.4
RJ Harvey DEN RB,JUG,,0/0,0,0,0,106,431,4,49,366,3,62,81.4,-0.4,142.5,8.4,RB,RJ Harvey,rjharvey,92,55,17.9,33,20,209.3,41.30000000000001,-25.5,66.80000000000001,24.0,False,,3.0,75.0
Jadarian Price SEA RB,FA,,0/0,0,0,0,223,923,8,27,212,1,35,90.0,-0.2,180.5,10.6,RB,Jadarian Price,jadarianprice,65,40,10.1,26,16,240.1,72.1,12.5,59.6,,True,,4.0,73.1
TreVeyon Henderson NE RB,JUG,,0/0,0,0,0,194,854,7,43,300,2,52,92.1,-0.2,186.6,11.0,RB,TreVeyon Henderson,treveyonhenderson,60,37,8.9,24,14,246.2,78.19999999999999,18.599999999999994,59.6,23.0,False,,4.0,73.1
Bucky Irving TB RB,TURD,,0/0,0,0,0,244,994,5,37,294,2,45,94.9,-0.1,189.1,11.1,RB,Bucky Irving,buckyirving,57,40,7.7,22,16,240.1,72.1,21.099999999999994,51.0,23.0,False,,4.0,66.4
Jayden Daniels WSH QB,JUG,,347/520,3854,22,10,131,670,5,0,0,0,0,98.5,0.0,362.8,21.3,QB,Jayden Daniels,jaydendaniels,56,29,13.9,5,1,421.4,79.69999999999999,21.100000000000023,58.599999999999966,25.0,False,,2.0,64.8
David Montgomery HOU RB,WGTS,,0/0,0,0,0,214,930,7,31,231,1,38,90.9,-0.1,176.4,10.4,RB,David Montgomery,davidmontgomery,59,37,8.9,23,14,246.2,78.19999999999999,8.400000000000006,69.79999999999998,28.0,False,,-1.0,62.4
Quinshon Judkins CLE RB,DUCK,,0/0,0,0,0,316,1240,7,32,221,1,41,94.6,-0.1,209.3,12.3,RB,Quinshon Judkins,quinshonjudkins,54,25,7.8,20,12,248.5,80.5,41.30000000000001,39.19999999999999,22.0,False,,5.0,60.8
Tucker Kraft Q GB TE,FA,,0/0,0,0,0,2,8,0,68,775,4,94,86.9,-0.1,137.7,8.1,TE,Tucker Kraft,tuckerkraft,66,34,11.9,5,2,188.1,50.400000000000006,0.0,50.400000000000006,25.0,False,,2.0,58.4
Chuba Hubbard CAR RB,FLEM,,0/0,0,0,0,193,776,4,41,304,1,52,86.4,-0.4,162.1,9.5,RB,Chuba Hubbard,chubahubbard,83,51,14.2,30,19,215.4,47.400000000000006,-5.900000000000006,53.30000000000001,26.0,False,,1.0,56.9
Bhayshul Tuten JAX RB,FA,,0/0,0,0,0,237,991,7,34,250,1,45,88.9,-0.2,187.8,11.0,RB,Bhayshul Tuten,bhayshultuten,64,41,12.5,25,17,219.7,51.69999999999999,19.80000000000001,31.899999999999977,22.0,False,,5.0,55.1
Jalen Hurts PHI QB,TURD,,328/499,3781,24,9,106,438,9,0,0,0,0,97.1,0.0,367.6,21.6,QB,Jalen Hurts,jalenhurts,62,27,12.5,6,1,421.4,79.69999999999999,25.900000000000038,53.79999999999996,27.0,False,,0.0,53.6
Jonathon Brooks CAR RB,FA,,0/0,0,0,0,177,742,4,33,250,1,42,75.9,-0.1,146.3,8.6,RB,Jonathon Brooks,jonathonbrooks,110,65,37.2,38,25,180.5,12.5,-21.69999999999999,34.19999999999999,,True,,4.0,53.1
Luther Burden III CHI WR,FA,,0/0,0,0,0,9,50,0,75,938,5,113,90.5,-0.1,168.5,9.9,WR,Luther Burden III,lutherburden,47,33,8.0,23,16,197.8,29.30000000000001,0.0,29.30000000000001,22.0,False,,5.0,53.0
Ladd McConkey LAC WR,Boo,,0/0,0,0,0,0,0,0,80,1034,6,122,95.3,0.0,180.4,10.6,WR,Ladd McConkey,laddmcconkey,41,19,7.9,20,8,218.6,50.1,11.900000000000006,38.19999999999999,24.0,False,,3.0,52.5
Jaxson Dart NYG QB,BATE,,327/504,3690,21,10,101,553,7,0,0,0,0,93.6,-0.1,342.9,20.2,QB,Jaxson Dart,jaxsondart,90,56,14.1,11,4,370.2,28.5,1.1999999999999886,27.30000000000001,22.0,False,,5.0,51.5
Jaylen Warren PIT RB,DUCK,,0/0,0,0,0,180,790,4,46,319,1,57,86.3,-0.2,168.0,9.9,RB,Jaylen Warren,jaylenwarren,70,49,8.4,27,18,217.7,49.69999999999999,0.0,49.69999999999999,27.0,False,,0.0,50.3
Tyler Warren IND TE,JUG,,0/0,0,0,0,6,14,0,86,872,5,115,99.0,0.0,165.5,9.7,TE,Tyler Warren,tylerwarren,53,22,11.1,4,1,191.0,53.30000000000001,27.80000000000001,25.5,23.0,False,,4.0,46.3
Harold Fannin Jr. CLE TE,AAT,,0/0,0,0,0,9,21,0,83,817,3,119,92.3,-0.1,145.7,8.6,TE,Harold Fannin Jr.,haroldfannin,76,54,13.6,6,4,165.5,27.80000000000001,8.0,19.80000000000001,21.0,False,,5.0,45.6
Joe Burrow CIN QB,WGTS,,385/569,4122,33,11,52,189,2,0,0,0,0,96.2,-0.1,370.2,21.8,QB,Joe Burrow,joeburrow,49,27,14.9,4,1,421.4,79.69999999999999,28.5,51.19999999999999,29.0,False,,-2.0,44.0
Christian Watson GB WR,???,,0/0,0,0,0,2,13,0,55,868,7,94,86.0,-0.2,158.3,9.3,WR,Christian Watson,christianwatson,58,35,12.3,27,17,194.6,26.099999999999994,-10.199999999999989,36.29999999999998,26.0,False,,1.0,43.6
Marvin Harrison Jr. ARI WR,TURD,,0/0,0,0,0,0,0,0,69,955,5,126,88.7,-0.2,159.6,9.4,WR,Marvin Harrison Jr.,marvinharrison,71,47,13.2,31,22,180.4,11.900000000000006,-8.900000000000006,20.80000000000001,23.0,False,,4.0,42.6
Trevor Lawrence JAX QB,BC,,347/560,3929,25,13,73,334,5,0,0,0,0,87.0,-0.2,336.6,19.8,QB,Trevor Lawrence,trevorlawrence,74,58,11.8,9,5,367.6,25.900000000000038,-5.099999999999966,31.0,26.0,False,,1.0,39.4
Jameson Williams DET WR,???,,0/0,0,0,0,7,45,1,64,1029,6,102,93.7,-0.1,176.7,10.4,WR,Jameson Williams,jamesonwilliams,51,39,9.8,25,18,193.6,25.099999999999994,8.199999999999989,16.900000000000006,24.0,False,,3.0,35.8
Jaylen Waddle DEN WR,BATE,,0/0,0,0,0,2,12,0,77,991,6,119,94.9,-0.1,174.6,10.3,WR,Jaylen Waddle,jaylenwaddle,43,21,9.5,21,9,205.8,37.30000000000001,6.099999999999994,31.200000000000017,27.0,False,,0.0,35.8
Sam LaPorta DET TE,BATE,,0/0,0,0,0,0,0,0,78,788,5,102,94.0,0.0,149.6,8.8,TE,Sam LaPorta,samlaporta,81,52,10.4,7,3,165.9,28.200000000000017,11.900000000000006,16.30000000000001,24.0,False,,3.0,35.3
Kyle Pitts Sr. ATL TE,FLEM,,0/0,0,0,0,0,0,0,80,857,3,115,94.9,0.0,144.8,8.5,TE,Kyle Pitts Sr.,kylepitts,82,63,9.0,8,4,165.5,27.80000000000001,7.100000000000023,20.69999999999999,25.0,False,,2.0,35.0
Tony Pollard TEN RB,Boo,,0/0,0,0,0,247,1076,6,30,181,0,39,87.4,-0.2,174.7,10.3,RB,Tony Pollard,tonypollard,73,55,9.2,28,20,209.3,41.30000000000001,6.699999999999989,34.60000000000002,28.0,False,,-1.0,34.7
Rome Odunze CHI WR,POT,,0/0,0,0,0,0,0,0,59,1029,8,118,91.7,-0.1,183.1,10.8,WR,Rome Odunze,romeodunze,63,39,10.1,29,18,193.6,25.099999999999994,14.599999999999994,10.5,23.0,False,,4.0,34.5
Mike Evans Q SF WR,???,,0/0,0,0,0,0,0,0,57,905,6,101,88.8,-0.3,154.3,9.1,WR,Mike Evans,mikeevans,52,32,11.9,26,15,198.1,29.599999999999994,-14.199999999999989,43.79999999999998,32.0,False,,-3.0,34.4
Carnell Tate TEN WR,FA,,0/0,0,0,0,0,0,0,78,1068,5,127,93.5,-0.1,172.2,10.1,WR,Carnell Tate,carnelltate,69,45,21.0,30,21,182.0,13.5,3.6999999999999886,9.800000000000011,,True,,4.0,34.0
D'Andre Swift CHI RB,POT,,0/0,0,0,0,219,995,8,30,270,1,41,91.1,-0.1,196.7,11.6,RB,D'Andre Swift,dandreswift,55,42,6.7,21,17,219.7,51.69999999999999,28.69999999999999,23.0,26.0,False,,1.0,33.1
Jared Goff DET QB,???,,371/544,4210,29,10,27,50,1,0,0,0,0,59.6,0.4,325.8,19.2,QB,Jared Goff,jaredgoff,111,62,14.2,16,5,367.6,25.900000000000038,-15.899999999999975,41.80000000000001,31.0,False,,-3.0,32.9
Brock Purdy SF QB,DUCK,,352/530,4181,27,14,65,277,4,0,0,0,0,86.5,-0.3,346.4,20.4,QB,Brock Purdy,brockpurdy,93,62,11.8,12,5,367.6,25.900000000000038,4.699999999999989,21.200000000000045,26.0,False,,1.0,31.7
Alec Pierce O IND WR,Boo,,0/0,0,0,0,0,0,0,67,1026,6,115,86.5,-0.3,169.6,10.0,WR,Alec Pierce,alecpierce,80,47,14.0,35,22,180.4,11.900000000000006,1.0999999999999943,10.800000000000011,25.0,False,,2.0,27.2
DJ Moore BUF WR,WGTS,,0/0,0,0,0,7,36,0,67,946,7,107,92.0,-0.1,176.2,10.4,WR,DJ Moore,djmoore,61,26,13.0,28,11,199.6,31.099999999999994,7.699999999999989,23.40000000000001,28.0,False,,-1.0,25.9
J.K. Dobbins DEN RB,Boo,,0/0,0,0,0,213,994,7,17,105,1,23,83.0,-0.4,163.0,9.6,RB,J.K. Dobbins,jkdobbins,88,65,14.6,32,25,180.5,12.5,-5.0,17.5,27.0,False,,0.0,25.0
Rico Dowdle PIT RB,BATE,,0/0,0,0,0,223,973,5,29,210,1,40,85.8,-0.3,170.8,10.0,RB,Rico Dowdle,ricodowdle,85,62,11.8,31,24,186.6,18.599999999999994,2.800000000000012,15.799999999999985,27.0,False,,0.0,23.7
Dak Prescott DAL QB,DUCK,,372/556,4120,30,12,51,186,2,0,0,0,0,89.4,-0.1,346.1,20.4,QB,Dak Prescott,dakprescott,79,53,12.7,10,4,370.2,28.5,4.400000000000034,24.09999999999997,32.0,False,,-3.0,19.0
Terry McLaurin WSH WR,WGTS,,0/0,0,0,0,0,0,0,80,1036,6,119,94.6,-0.1,177.5,10.4,WR,Terry McLaurin,terrymclaurin,45,32,6.8,22,15,198.1,29.599999999999994,9.0,20.599999999999994,30.0,False,,-3.0,16.2
Matthew Stafford LAR QB,AAT,,356/558,4282,35,10,27,39,1,0,0,0,0,92.6,0.0,362.8,21.3,QB,Matthew Stafford,matthewstafford,103,53,15.8,15,4,370.2,28.5,21.100000000000023,7.399999999999977,37.0,False,,-3.0,5.8
George Kittle O SF TE,DUCK,,0/0,0,0,0,0,0,0,70,762,5,88,89.8,-0.3,142.2,9.5,TE,George Kittle,georgekittle,106,76,19.4,10,5,149.6,11.900000000000006,4.5,7.400000000000006,32.0,False,,-3.0,5.8
Davante Adams LAR WR,BATE,,0/0,0,0,0,0,0,0,68,1016,11,124,97.9,-0.1,198.8,11.7,WR,Davante Adams,davanteadams,48,33,7.0,24,16,197.8,29.30000000000001,30.30000000000001,-1.0,33.0,False,,-3.0,0.0
