Week,Date,Team,Type,Status,Transaction
1,2024-09-05 03:08,Sentinel Sea Stallions,WAIVER,EXECUTED,ADD Player ID 4430834 | DROP Player ID 4427095
1,2024-09-05 03:08,Sentinel Sea Stallions,WAIVER,EXECUTED,ADD Player ID -16026 | DROP Player ID -16030
1,2024-09-06 23:07,Injury Prone,FREEAGENT,EXECUTED,ADD Player ID 4242433 | DROP Player ID 3045138
1,2024-09-05 03:08,Moore Chubb for u to Love,WAIVER,FAILED_ROSTERLIMIT,ADD Player ID 4040655
1,2024-09-05 03:08,Professional Substance Abusers,WAIVER,EXECUTED,ADD Player ID 4429023
1,2024-09-05 17:07,Ja'Marracle Whip Juggernauts,FREEAGENT,EXECUTED,ADD Player ID 4038815 | DROP Player ID 4685247
1,2024-09-05 03:08,Moore Chubb for u to Love,WAIVER,FAILED_ROSTERLIMIT,ADD Player ID 4242433
1,2024-09-05 17:18,Ja'Marracle Whip Juggernauts,FREEAGENT,EXECUTED,ADD Player ID 3124679 | DROP Player ID 3049899
1,2024-09-05 03:08,Window is Always Open,WAIVER,EXECUTED,ADD Player ID 4243537 | DROP Player ID 4567156
1,2024-09-04 20:29,Moore Chubb for u to Love,WAIVER,CANCELED,ADD Player ID 4429023
1,2024-09-05 03:08,Moore Chubb for u to Love,WAIVER,EXECUTED,ADD Player ID 4360569
1,2024-09-05 03:08,Moore Chubb for u to Love,WAIVER,FAILED_ROSTERLIMIT,ADD Player ID 12483
1,2024-09-07 17:43,Multiple Scorgasms,FREEAGENT,EXECUTED,ADD Player ID 3115394
1,2024-09-04 20:29,Moore Chubb for u to Love,WAIVER,CANCELED,ADD Player ID 4361432
1,2024-09-02 20:10,Ja'Marracle Whip Juggernauts,WAIVER,PENDING,ADD Player ID 4685247
1,2024-09-05 03:08,Sentinel Sea Stallions,WAIVER,EXECUTED,ADD Player ID 4569603 | DROP Player ID 3915486
1,2024-09-05 17:13,Ja'Marracle Whip Juggernauts,FREEAGENT,EXECUTED,ADD Player ID -16024 | DROP Player ID -16021
1,2024-09-05 18:12,Sentinel Sea Stallions,FREEAGENT,EXECUTED,ADD Player ID 17427 | DROP Player ID 2971573
1,2024-09-06 23:48,Moore Chubb for u to Love,FREEAGENT,EXECUTED,ADD Player ID 12483 | DROP Player ID 4360569
1,2024-09-07 17:37,Multiple Scorgasms,FREEAGENT,EXECUTED,ADD Player ID 4688813 | DROP Player ID 4258595
1,2024-09-07 17:44,Multiple Scorgasms,FREEAGENT,EXECUTED,ADD Player ID 3915486
1,2024-09-05 03:08,Below Mendoza Line,WAIVER,FAILED_INVALIDPLAYERSOURCE,ADD Player ID -16026 | DROP Player ID -16012
1,2024-09-08 12:32,Moore Chubb for u to Love,FREEAGENT,EXECUTED,ADD Player ID 15864
1,2024-09-05 12:16,Window is Always Open,FREEAGENT,EXECUTED,ADD Player ID -16016 | DROP Player ID -16023
1,2024-09-04 20:29,Moore Chubb for u to Love,WAIVER,CANCELED,ADD Player ID 4040655
1,2024-09-09 19:00,Injury Prone,FREEAGENT,EXECUTED,ADD Player ID 4360569
1,2024-09-05 03:08,Ja'Marracle Whip Juggernauts,WAIVER,EXECUTED,ADD Player ID 4685247
2,2024-09-12 04:03,Injury Prone,WAIVER,FAILED_INVALIDPLAYERSOURCE,ADD Player ID 4361050 | DROP Player ID 3117256
2,2024-09-12 04:03,Sentinel Sea Stallions,WAIVER,FAILED_INVALIDPLAYERSOURCE,ADD Player ID -16028 | DROP Player ID -16026
2,2024-09-12 04:03,Bloodied Castaways,WAIVER,FAILED_INVALIDPLAYERSOURCE,ADD Player ID 4361050 | DROP Player ID 3046439
2,2024-09-12 04:03,Von down by the river,WAIVER,FAILED_INVALIDPLAYERSOURCE,ADD Player ID -16023 | DROP Player ID -16004
2,2024-09-13 20:46,Window is Always Open,FREEAGENT,EXECUTED,ADD Player ID 4362887 | DROP Player ID 4597500
2,2024-09-12 04:03,Injury Prone,WAIVER,FAILED_INVALIDPLAYERSOURCE,ADD Player ID -16023 | DROP Player ID 4242433
2,2024-09-12 04:03,Injury Prone,WAIVER,FAILED_INVALIDPLAYERSOURCE,ADD Player ID 4032473 | DROP Player ID 4242433
2,2024-09-12 04:03,Sentinel Sea Stallions,WAIVER,FAILED_INVALIDPLAYERSOURCE,ADD Player ID 4361050 | DROP Player ID 4361411
2,2024-09-15 08:59,Window is Always Open,FREEAGENT,EXECUTED,ADD Player ID -16017 | DROP Player ID 4035886
2,2024-09-12 04:03,Multiple Scorgasms,WAIVER,FAILED_INVALIDPLAYERSOURCE,ADD Player ID 4361050 | DROP Player ID 3915486
2,2024-09-12 04:03,Multiple Scorgasms,WAIVER,EXECUTED,ADD Player ID 4032473 | DROP Player ID 3915486
2,2024-09-12 16:16,Sentinel Sea Stallions,FREEAGENT,EXECUTED,ADD Player ID -16030 | DROP Player ID -16026
2,2024-09-12 04:03,Professional Substance Abusers,WAIVER,EXECUTED,ADD Player ID 15835 | DROP Player ID 4361577
2,2024-09-12 04:03,Below Mendoza Line,WAIVER,FAILED_INVALIDPLAYERSOURCE,ADD Player ID 4361050 | DROP Player ID 4242355
2,2024-09-15 11:49,Below Mendoza Line,FREEAGENT,EXECUTED,ADD Player ID 4040655
2,2024-09-12 04:03,Send'em Packin,WAIVER,EXECUTED,ADD Player ID -16023
2,2024-09-15 12:48,Below Mendoza Line,FREEAGENT,EXECUTED,ADD Player ID 4242433
2,2024-09-13 04:05,Ja'Marracle Whip Juggernauts,WAIVER,FAILED_PLAYERALREADYDROPPED,ADD Player ID 4429096 | DROP Player ID 4428850
2,2024-09-13 02:40,Bloodied Castaways,FREEAGENT,EXECUTED,ADD Player ID 4045163
2,2024-09-13 02:39,Bloodied Castaways,FREEAGENT,EXECUTED,ADD Player ID 3043116
2,2024-09-12 04:03,Von down by the river,WAIVER,EXECUTED,ADD Player ID -16028 | DROP Player ID -16004
2,2024-09-11 23:39,Ja'Marracle Whip Juggernauts,WAIVER,PENDING,ADD Player ID 4429013 | DROP Player ID 4428850
2,2024-09-12 04:03,Injury Prone,WAIVER,EXECUTED,ADD Player ID 4048244 | DROP Player ID 4373626
2,2024-09-15 05:32,NickCannonFanClub,FREEAGENT,EXECUTED,ADD Player ID 3924365
2,2024-09-12 04:03,Send'em Packin,WAIVER,EXECUTED,ADD Player ID 17372 | DROP Player ID 14993
2,2024-09-12 16:21,Sentinel Sea Stallions,FREEAGENT,EXECUTED,ADD Player ID 4037235
2,2024-09-12 04:03,Window is Always Open,WAIVER,FAILED_INVALIDPLAYERSOURCE,ADD Player ID 4361050 | DROP Player ID 4035886
2,2024-09-14 03:56,Sentinel Sea Stallions,WAIVER,EXECUTED,ADD Player ID 14993 | DROP Player ID 17427
2,2024-09-11 23:57,Ja'Marracle Whip Juggernauts,WAIVER,PENDING,ADD Player ID 4032473 | DROP Player ID 4428850
2,2024-09-12 04:03,Ja'Marracle Whip Juggernauts,WAIVER,EXECUTED,ADD Player ID 4429013 | DROP Player ID 4428850
2,2024-09-11 23:37,Ja'Marracle Whip Juggernauts,WAIVER,PENDING,ADD Player ID 4429096 | DROP Player ID 4428850
2,2024-09-15 12:34,Multiple Scorgasms,FREEAGENT,EXECUTED,ADD Player ID 3128452
2,2024-09-12 04:03,Professional Substance Abusers,WAIVER,EXECUTED,ADD Player ID 4361050
2,2024-09-13 17:01,Von down by the river,FREEAGENT,EXECUTED,ADD Player ID 4427391
2,2024-09-12 04:03,Window is Always Open,WAIVER,FAILED_INVALIDPLAYERSOURCE,ADD Player ID -16028 | DROP Player ID 4597500
2,2024-09-15 03:29,Injury Prone,WAIVER,EXECUTED,ADD Player ID -16026
2,2024-09-12 04:03,Ja'Marracle Whip Juggernauts,WAIVER,FAILED_INVALIDPLAYERSOURCE,ADD Player ID 4032473 | DROP Player ID 4428850
2,2024-09-12 04:34,Injury Prone,FREEAGENT,EXECUTED,ADD Player ID 4242557 | DROP Player ID 4242433
3,2024-09-19 04:05,Window is Always Open,WAIVER,EXECUTED,ADD Player ID 16757
3,2024-09-18 22:13,Ja'Marracle Whip Juggernauts,WAIVER,PENDING,ADD Player ID 4685247 | DROP Player ID 4429013
3,2024-09-20 17:24,Multiple Scorgasms,FREEAGENT,EXECUTED,ADD Player ID 3054212
3,2024-09-18 21:10,Moore Chubb for u to Love,WAIVER,CANCELED,ADD Player ID 2971573 | DROP Player ID 12483
3,2024-09-18 21:10,Moore Chubb for u to Love,WAIVER,CANCELED,ADD Player ID 4259619 | DROP Player ID 12483
3,2024-09-19 04:05,Injury Prone,WAIVER,FAILED_INVALIDPLAYERSOURCE,ADD Player ID -16027 | DROP Player ID -16026
3,2024-09-18 22:19,Ja'Marracle Whip Juggernauts,WAIVER,PENDING,ADD Player ID 4259619 | DROP Player ID 3124679
3,2024-09-19 04:05,Below Mendoza Line,WAIVER,EXECUTED,ADD Player ID 4685247 | DROP Player ID 4242433
3,2024-09-19 22:18,Professional Substance Abusers,FREEAGENT,EXECUTED,ADD Player ID 3116389
3,2024-09-19 04:05,Injury Prone,WAIVER,FAILED_INVALIDPLAYERSOURCE,ADD Player ID 3116164 | DROP Player ID 3117256
3,2024-09-17 13:17,Injury Prone,WAIVER,CANCELED,ADD Player ID 4360078 | DROP Player ID 4048244
3,2024-09-19 04:05,Injury Prone,WAIVER,EXECUTED,ADD Player ID 4360078 | DROP Player ID -16015
3,2024-09-19 04:23,Injury Prone,FREEAGENT,EXECUTED,ADD Player ID 3125116 | DROP Player ID 4048244
3,2024-09-19 04:05,Ja'Marracle Whip Juggernauts,WAIVER,EXECUTED,ADD Player ID 4259619 | DROP Player ID 3124679
3,2024-09-19 04:05,Moore Chubb for u to Love,WAIVER,EXECUTED,ADD Player ID 3912547 | DROP Player ID 12483
3,2024-09-19 04:05,Injury Prone,WAIVER,FAILED_INVALIDPLAYERSOURCE,ADD Player ID 4714365 | DROP Player ID 4048244
3,2024-09-19 04:05,Moore Chubb for u to Love,WAIVER,FAILED_INVALIDPLAYERSOURCE,ADD Player ID 16757 | DROP Player ID 12483
3,2024-09-19 04:05,Below Mendoza Line,WAIVER,FAILED_INVALIDPLAYERSOURCE,ADD Player ID 4714365 | DROP Player ID 4040655
3,2024-09-17 12:52,Injury Prone,WAIVER,CANCELED,ADD Player ID 3116389 | DROP Player ID 4048244
3,2024-09-19 04:05,Window is Always Open,WAIVER,FAILED_INVALIDPLAYERSOURCE,ADD Player ID 4360078 | DROP Player ID 4248528
3,2024-09-19 04:05,Sentinel Sea Stallions,WAIVER,FAILED_INVALIDPLAYERSOURCE,ADD Player ID 16757 | DROP Player ID 4037235
3,2024-09-19 04:56,Sentinel Sea Stallions,FREEAGENT,EXECUTED,ADD Player ID -16011 | DROP Player ID -16030
3,2024-09-19 04:05,Ja'Marracle Whip Juggernauts,WAIVER,EXECUTED,ADD Player ID -16013 | DROP Player ID -16024
3,2024-09-19 04:05,Below Mendoza Line,WAIVER,EXECUTED,ADD Player ID -16027 | DROP Player ID -16012
3,2024-09-18 22:17,Ja'Marracle Whip Juggernauts,WAIVER,PENDING,ADD Player ID -16013 | DROP Player ID -16024
3,2024-09-18 09:50,Below Mendoza Line,WAIVER,CANCELED,ADD Player ID -16002 | DROP Player ID -16012
3,2024-09-21 16:30,Ja'Marracle Whip Juggernauts,FREEAGENT,EXECUTED,ADD Player ID 4429096 | DROP Player ID 4429013
3,2024-09-21 17:25,Multiple Scorgasms,FREEAGENT,EXECUTED,ADD Player ID -16024
3,2024-09-19 04:05,Injury Prone,WAIVER,FAILED_PLAYERALREADYDROPPED,ADD Player ID 4429025 | DROP Player ID -16015
3,2024-09-19 04:05,Sentinel Sea Stallions,WAIVER,EXECUTED,ADD Player ID 4240021 | DROP Player ID 3916433
3,2024-09-19 04:05,Ja'Marracle Whip Juggernauts,WAIVER,FAILED_INVALIDPLAYERSOURCE,ADD Player ID 4685247 | DROP Player ID 4429013
3,2024-09-21 14:07,Von down by the river,FREEAGENT,EXECUTED,ADD Player ID 2310331
3,2024-09-19 04:05,Von down by the river,WAIVER,EXECUTED,ADD Player ID -16009 | DROP Player ID -16028
3,2024-09-19 04:05,Multiple Scorgasms,WAIVER,FAILED_INVALIDPLAYERSOURCE,ADD Player ID 4360078 | DROP Player ID 3128429
3,2024-09-19 04:05,Sentinel Sea Stallions,WAIVER,FAILED_INVALIDPLAYERSOURCE,ADD Player ID -16013 | DROP Player ID -16030
3,2024-09-18 15:25,Sentinel Sea Stallions,WAIVER,CANCELED,ADD Player ID -16027 | DROP Player ID -16030
3,2024-09-19 04:05,Von down by the river,WAIVER,EXECUTED,ADD Player ID 4714365 | DROP Player ID 4427391
3,2024-09-19 04:05,Multiple Scorgasms,WAIVER,EXECUTED,ADD Player ID 3116164
3,2024-09-21 16:32,Ja'Marracle Whip Juggernauts,FREEAGENT,EXECUTED,ADD Player ID 2971573 | DROP Player ID 4259619
3,2024-09-19 11:01,Window is Always Open,FREEAGENT,EXECUTED,ADD Player ID 3886598 | DROP Player ID 4248528
3,2024-09-22 11:45,Moore Chubb for u to Love,FREEAGENT,EXECUTED,ADD Player ID 11122
4,2024-09-26 04:03,Ja'Marracle Whip Juggernauts,WAIVER,FAILED_INVALIDPLAYERSOURCE,ADD Player ID -16034 | DROP Player ID -16013
4,2024-09-26 06:42,Below Mendoza Line,FREEAGENT,EXECUTED,ADD Player ID 4360294
4,2024-09-26 04:03,Injury Prone,WAIVER,EXECUTED,ADD Player ID 4258595 | DROP Player ID 3117256
4,2024-09-27 12:51,Moore Chubb for u to Love,FREEAGENT,EXECUTED,ADD Player ID 3915486
4,2024-09-26 04:03,Sentinel Sea Stallions,WAIVER,EXECUTED,ADD Player ID 4360797 | DROP Player ID 4037235
4,2024-09-26 04:03,Sentinel Sea Stallions,WAIVER,FAILED_INVALIDPLAYERSOURCE,ADD Player ID 4258595 | DROP Player ID 4361411
4,2024-09-25 20:11,Ja'Marracle Whip Juggernauts,WAIVER,PENDING,ADD Player ID 4258595 | DROP Player ID 4429096
4,2024-09-25 20:15,Ja'Marracle Whip Juggernauts,WAIVER,PENDING,ADD Player ID -16012 | DROP Player ID -16013
4,2024-09-26 04:03,Sentinel Sea Stallions,WAIVER,EXECUTED,ADD Player ID -16015 | DROP Player ID -16011
4,2024-09-26 11:14,Ja'Marracle Whip Juggernauts,FREEAGENT,EXECUTED,ADD Player ID 4426386 | DROP Player ID 4429096
4,2024-09-25 20:18,Ja'Marracle Whip Juggernauts,WAIVER,PENDING,ADD Player ID -16034 | DROP Player ID -16013
4,2024-09-26 04:03,Injury Prone,WAIVER,EXECUTED,ADD Player ID -16034 | DROP Player ID -16026
4,2024-09-26 09:53,Below Mendoza Line,FREEAGENT,EXECUTED,ADD Player ID -16010 | DROP Player ID -16027
4,2024-09-26 19:07,Window is Always Open,FREEAGENT,EXECUTED,ADD Player ID 3045138 | DROP Player ID 16757
4,2024-09-28 03:26,Multiple Scorgasms,WAIVER,EXECUTED,ADD Player ID 4362238 | DROP Player ID 4038441
4,2024-09-26 04:03,Injury Prone,WAIVER,FAILED_PLAYERALREADYDROPPED,ADD Player ID 4048244 | DROP Player ID 3125116
4,2024-09-26 04:03,Injury Prone,WAIVER,EXECUTED,ADD Player ID 15807 | DROP Player ID 3125116
4,2024-09-26 04:03,Ja'Marracle Whip Juggernauts,WAIVER,FAILED_INVALIDPLAYERSOURCE,ADD Player ID 4258595 | DROP Player ID 4429096
4,2024-09-26 04:03,Injury Prone,WAIVER,FAILED_PLAYERALREADYDROPPED,ADD Player ID -16021 | DROP Player ID -16026
4,2024-09-26 04:03,Ja'Marracle Whip Juggernauts,WAIVER,EXECUTED,ADD Player ID -16012 | DROP Player ID -16013
4,2024-09-26 04:03,Injury Prone,WAIVER,FAILED_PLAYERALREADYDROPPED,ADD Player ID 4569587 | DROP Player ID 3125116
4,2024-09-28 03:26,Injury Prone,WAIVER,EXECUTED,ADD Player ID 3128429 | DROP Player ID 4360078
4,2024-09-26 04:03,Injury Prone,WAIVER,FAILED_PLAYERALREADYDROPPED,ADD Player ID 4036131 | DROP Player ID 3117256
4,2024-09-26 04:03,Window is Always Open,WAIVER,EXECUTED,ADD Player ID -16002 | DROP Player ID -16017
4,2024-09-27 17:20,Multiple Scorgasms,FREEAGENT,EXECUTED,ADD Player ID 4038441
4,2024-09-27 08:46,Bloodied Castaways,FREEAGENT,EXECUTED,ADD Player ID 4048244 | DROP Player ID 4722893
4,2024-09-26 04:03,Below Mendoza Line,WAIVER,EXECUTED,ADD Player ID 4242214 | DROP Player ID 4362238
4,2024-09-26 04:03,Multiple Scorgasms,WAIVER,EXECUTED,ADD Player ID 3128390 | DROP Player ID 3128429
4,2024-09-26 04:03,Window is Always Open,WAIVER,EXECUTED,ADD Player ID 3917792
4,2024-09-29 08:33,Von down by the river,FREEAGENT,EXECUTED,ADD Player ID 3916433
4,2024-09-29 14:18,Professional Substance Abusers,FREEAGENT,EXECUTED,ADD Player ID 2576414 | DROP Player ID 4361050
5,2024-10-03 16:33,Injury Prone,FREEAGENT,EXECUTED,ADD Player ID 4241401 | DROP Player ID 4722893
5,2024-10-01 21:19,Ja'Marracle Whip Juggernauts,WAIVER,PENDING,ADD Player ID 3059915 | DROP Player ID 4426386
5,2024-10-03 04:11,Ja'Marracle Whip Juggernauts,WAIVER,FAILED_PLAYERALREADYDROPPED,ADD Player ID -16017 | DROP Player ID -16012
5,2024-10-03 04:11,Ja'Marracle Whip Juggernauts,WAIVER,FAILED_INVALIDPLAYERSOURCE,ADD Player ID 3059915 | DROP Player ID 4426386
5,2024-10-01 21:19,Ja'Marracle Whip Juggernauts,WAIVER,PENDING,ADD Player ID 4429096 | DROP Player ID 4426386
5,2024-10-03 04:11,Injury Prone,WAIVER,FAILED_INVALIDPLAYERSOURCE,ADD Player ID 3059915 | DROP Player ID 15807
5,2024-10-03 04:11,Injury Prone,WAIVER,FAILED_INVALIDPLAYERSOURCE,ADD Player ID 4572680 | DROP Player ID 4258595
5,2024-10-03 18:37,Sentinel Sea Stallions,FREEAGENT,EXECUTED,ADD Player ID 4430034 | DROP Player ID 4430834
5,2024-10-05 04:09,Below Mendoza Line,WAIVER,EXECUTED,ADD Player ID 4429084
5,2024-10-03 04:11,Injury Prone,WAIVER,EXECUTED,ADD Player ID 4569587 | DROP Player ID 3128429
5,2024-10-03 04:11,Injury Prone,WAIVER,EXECUTED,ADD Player ID 3150744 | DROP Player ID 4689936
5,2024-10-02 09:32,Ja'Marracle Whip Juggernauts,WAIVER,PENDING,ADD Player ID 4428850 | DROP Player ID 4429084
5,2024-10-03 04:11,Ja'Marracle Whip Juggernauts,WAIVER,FAILED_PLAYERALREADYDROPPED,ADD Player ID 4429013 | DROP Player ID 4426386
5,2024-10-03 04:11,Window is Always Open,WAIVER,EXECUTED,ADD Player ID 4572680 | DROP Player ID 3917792
5,2024-10-01 21:26,Ja'Marracle Whip Juggernauts,WAIVER,PENDING,ADD Player ID 4361050 | DROP Player ID 4429084
5,2024-10-05 04:09,NickCannonFanClub,WAIVER,EXECUTED,ADD Player ID 3116164
5,2024-10-02 09:33,Ja'Marracle Whip Juggernauts,WAIVER,PENDING,ADD Player ID 4428850 | DROP Player ID 4426386
5,2024-10-03 06:03,Ja'Marracle Whip Juggernauts,FREEAGENT,EXECUTED,ADD Player ID 4361050 | DROP Player ID 4429096
5,2024-10-03 04:11,Multiple Scorgasms,WAIVER,EXECUTED,ADD Player ID -16007 | DROP Player ID -16006
5,2024-10-03 04:11,Sentinel Sea Stallions,WAIVER,EXECUTED,ADD Player ID -16028 | DROP Player ID -16015
5,2024-10-06 03:19,NickCannonFanClub,WAIVER,FAILED_INVALIDPLAYERSOURCE,ADD Player ID 3915486
5,2024-10-03 04:11,Ja'Marracle Whip Juggernauts,WAIVER,EXECUTED,ADD Player ID 4429096 | DROP Player ID 4426386
5,2024-10-03 04:11,Bloodied Castaways,WAIVER,EXECUTED,ADD Player ID 16757
5,2024-10-02 20:17,Ja'Marracle Whip Juggernauts,WAIVER,PENDING,ADD Player ID 4688813 | DROP Player ID 4426386
5,2024-10-03 04:11,Injury Prone,WAIVER,EXECUTED,ADD Player ID 4722893 | DROP Player ID 15807
5,2024-10-05 04:09,Multiple Scorgasms,WAIVER,FAILED_INVALIDPLAYERSOURCE,ADD Player ID 4360294 | DROP Player ID 4362238
5,2024-10-03 04:11,Bloodied Castaways,WAIVER,FAILED_INVALIDPLAYERSOURCE,ADD Player ID -16007 | DROP Player ID -16025
5,2024-10-03 04:11,Below Mendoza Line,WAIVER,EXECUTED,ADD Player ID 3059915 | DROP Player ID 4360294
5,2024-10-02 20:16,Ja'Marracle Whip Juggernauts,WAIVER,PENDING,ADD Player ID 4688813 | DROP Player ID 4429084
5,2024-10-03 07:27,Professional Substance Abusers,FREEAGENT,EXECUTED,ADD Player ID 4361432 | DROP Player ID 2576414
5,2024-10-05 01:18,Multiple Scorgasms,FREEAGENT,EXECUTED,ADD Player ID 4360516 | DROP Player ID 4038441
5,2024-10-06 03:19,Ja'Marracle Whip Juggernauts,WAIVER,EXECUTED,ADD Player ID 3915486 | DROP Player ID 4361050
5,2024-10-01 21:18,Ja'Marracle Whip Juggernauts,WAIVER,PENDING,ADD Player ID 4572680 | DROP Player ID 4429084
5,2024-10-06 10:44,Professional Substance Abusers,FREEAGENT,EXECUTED,ADD Player ID 3127586 | DROP Player ID 4361432
5,2024-10-06 11:23,Professional Substance Abusers,FREEAGENT,EXECUTED,ADD Player ID 15683 | DROP Player ID 3050478
5,2024-10-01 21:23,Ja'Marracle Whip Juggernauts,WAIVER,PENDING,ADD Player ID -16017 | DROP Player ID -16012
5,2024-10-02 20:12,Ja'Marracle Whip Juggernauts,WAIVER,CANCELED,ADD Player ID 4428850 | DROP Player ID 4426386
5,2024-10-03 07:26,Injury Prone,FREEAGENT,EXECUTED,ADD Player ID -16011 | DROP Player ID -16034
5,2024-10-03 04:11,Ja'Marracle Whip Juggernauts,WAIVER,FAILED_INVALIDPLAYERSOURCE,ADD Player ID -16007 | DROP Player ID -16012
5,2024-10-03 17:33,Multiple Scorgasms,FREEAGENT,EXECUTED,ADD Player ID 4038441 | DROP Player ID 4428557
5,2024-10-01 21:17,Ja'Marracle Whip Juggernauts,WAIVER,PENDING,ADD Player ID 4361050 | DROP Player ID 4429084
5,2024-10-01 21:18,Ja'Marracle Whip Juggernauts,WAIVER,CANCELED,ADD Player ID 4361050 | DROP Player ID 4429084
5,2024-10-03 19:29,Moore Chubb for u to Love,FREEAGENT,EXECUTED,ADD Player ID 3049899
5,2024-10-03 04:11,Ja'Marracle Whip Juggernauts,WAIVER,FAILED_PLAYERALREADYDROPPED,ADD Player ID 4430034 | DROP Player ID 4429084
5,2024-10-03 07:26,Injury Prone,FREEAGENT,EXECUTED,ADD Player ID 4243331 | DROP Player ID 4258595
5,2024-10-03 04:11,Ja'Marracle Whip Juggernauts,WAIVER,FAILED_PLAYERALREADYDROPPED,ADD Player ID 4361050 | DROP Player ID 4429084
5,2024-10-01 21:21,Ja'Marracle Whip Juggernauts,WAIVER,PENDING,ADD Player ID -16007 | DROP Player ID -16012
5,2024-10-01 21:21,Ja'Marracle Whip Juggernauts,WAIVER,PENDING,ADD Player ID 4429013 | DROP Player ID 4426386
5,2024-10-05 04:09,Window is Always Open,WAIVER,EXECUTED,ADD Player ID 4360294 | DROP Player ID 4243537
5,2024-10-06 12:01,Multiple Scorgasms,FREEAGENT,EXECUTED,ADD Player ID 4258595
5,2024-10-04 11:33,Moore Chubb for u to Love,FREEAGENT,EXECUTED,ADD Player ID 4887558
5,2024-10-02 20:13,Ja'Marracle Whip Juggernauts,WAIVER,PENDING,ADD Player ID 4430034 | DROP Player ID 4429084
5,2024-10-01 21:23,Ja'Marracle Whip Juggernauts,WAIVER,PENDING,ADD Player ID -16026 | DROP Player ID -16012
5,2024-10-03 07:19,Below Mendoza Line,FREEAGENT,EXECUTED,ADD Player ID -16017 | DROP Player ID -16010
5,2024-10-03 04:11,Multiple Scorgasms,WAIVER,FAILED_INVALIDPLAYERSOURCE,ADD Player ID 3059915 | DROP Player ID 4428557
5,2024-10-03 04:11,Below Mendoza Line,WAIVER,FAILED_INVALIDPLAYERSOURCE,ADD Player ID -16007 | DROP Player ID -16010
5,2024-10-03 21:54,Ja'Marracle Whip Juggernauts,WAIVER,PENDING,ADD Player ID 3915486 | DROP Player ID 4361050
5,2024-10-03 04:11,Ja'Marracle Whip Juggernauts,WAIVER,FAILED_PLAYERALREADYDROPPED,ADD Player ID 4688813 | DROP Player ID 4426386
5,2024-10-01 21:46,Injury Prone,WAIVER,CANCELED,ADD Player ID 4569587 | DROP Player ID 15807
5,2024-10-03 04:11,Ja'Marracle Whip Juggernauts,WAIVER,EXECUTED,ADD Player ID -16026 | DROP Player ID -16012
5,2024-10-03 04:11,Multiple Scorgasms,WAIVER,EXECUTED,ADD Player ID 3821683 | DROP Player ID 15683
5,2024-10-03 04:11,Injury Prone,WAIVER,FAILED_INVALIDPLAYERSOURCE,ADD Player ID -16007 | DROP Player ID -16034
5,2024-10-03 04:11,Von down by the river,WAIVER,FAILED_INVALIDPLAYERSOURCE,ADD Player ID 3059915 | DROP Player ID 4714365
5,2024-10-03 04:11,Ja'Marracle Whip Juggernauts,WAIVER,EXECUTED,ADD Player ID 4428850 | DROP Player ID 4429084
5,2024-10-03 04:11,Ja'Marracle Whip Juggernauts,WAIVER,FAILED_PLAYERALREADYDROPPED,ADD Player ID 4688813 | DROP Player ID 4429084
5,2024-10-03 04:11,Ja'Marracle Whip Juggernauts,WAIVER,FAILED_INVALIDPLAYERSOURCE,ADD Player ID 4572680 | DROP Player ID 4429084
6,2024-10-10 03:51,Injury Prone,WAIVER,FAILED_INVALIDPLAYERSOURCE,ADD Player ID -16021 | DROP Player ID -16011
6,2024-10-12 03:09,Professional Substance Abusers,WAIVER,EXECUTED,ADD Player ID 4241401 | DROP Player ID 3116389
6,2024-10-12 17:26,Sentinel Sea Stallions,FREEAGENT,EXECUTED,ADD Player ID 4373626
6,2024-10-10 03:51,Ja'Marracle Whip Juggernauts,WAIVER,EXECUTED,ADD Player ID -16034 | DROP Player ID -16026
6,2024-10-12 19:43,Sentinel Sea Stallions,FREEAGENT,EXECUTED,ADD Player ID 3120348 | DROP Player ID 3925357
6,2024-10-10 03:51,Bloodied Castaways,WAIVER,EXECUTED,ADD Player ID 3117256
6,2024-10-10 00:00,Bloodied Castaways,WAIVER,CANCELED,ADD Player ID 4249417
6,2024-10-10 16:04,Sentinel Sea Stallions,FREEAGENT,EXECUTED,ADD Player ID 3917792
6,2024-10-10 03:51,Bloodied Castaways,WAIVER,EXECUTED,ADD Player ID 15864 | DROP Player ID 16757
6,2024-10-10 04:30,Sentinel Sea Stallions,FREEAGENT,EXECUTED,ADD Player ID -16027 | DROP Player ID -16028
6,2024-10-12 03:09,Injury Prone,WAIVER,FAILED_INVALIDPLAYERSOURCE,ADD Player ID 4241401 | DROP Player ID 4429013
6,2024-10-09 17:08,Ja'Marracle Whip Juggernauts,WAIVER,PENDING,ADD Player ID 4428557 | DROP Player ID 3915486
6,2024-10-10 03:51,Bloodied Castaways,WAIVER,EXECUTED,ADD Player ID 3050478
6,2024-10-10 03:51,Injury Prone,WAIVER,EXECUTED,ADD Player ID 4249417
6,2024-10-10 16:05,Sentinel Sea Stallions,FREEAGENT,EXECUTED,ADD Player ID 4249417 | DROP Player ID 4430034
6,2024-10-10 17:29,Injury Prone,FREEAGENT,EXECUTED,ADD Player ID 4360078 | DROP Player ID 4242557
6,2024-10-09 23:48,Bloodied Castaways,WAIVER,CANCELED,ADD Player ID 4689936
6,2024-10-13 12:25,Injury Prone,FREEAGENT,EXECUTED,ADD Player ID 3123076
6,2024-10-10 03:51,Sentinel Sea Stallions,WAIVER,FAILED_INVALIDPLAYERSOURCE,ADD Player ID -16021 | DROP Player ID -16028
6,2024-10-09 17:07,Ja'Marracle Whip Juggernauts,WAIVER,PENDING,ADD Player ID 4429096 | DROP Player ID 3915486
6,2024-10-11 22:57,Injury Prone,FREEAGENT,EXECUTED,ADD Player ID 3916945 | DROP Player ID 4360078
6,2024-10-10 07:53,Injury Prone,FREEAGENT,EXECUTED,ADD Player ID 3728262 | DROP Player ID 4249417
6,2024-10-14 19:22,Window is Always Open,FREEAGENT,EXECUTED,ADD Player ID 3915411 | DROP Player ID 3045138
6,2024-10-10 03:51,Window is Always Open,WAIVER,FAILED_INVALIDPLAYERSOURCE,ADD Player ID 4429013 | DROP Player ID 4360294
6,2024-10-10 03:51,Injury Prone,WAIVER,FAILED_INVALIDPLAYERSOURCE,ADD Player ID -16034 | DROP Player ID -16011
6,2024-10-13 07:10,Moore Chubb for u to Love,FREEAGENT,EXECUTED,ADD Player ID 4360761
6,2024-10-10 04:40,Bloodied Castaways,FREEAGENT,EXECUTED,ADD Player ID -16024 | DROP Player ID 3046439
6,2024-10-10 03:51,Injury Prone,WAIVER,FAILED_PLAYERALREADYDROPPED,ADD Player ID 2576414 | DROP Player ID 4241401
6,2024-10-10 03:51,Below Mendoza Line,WAIVER,EXECUTED,ADD Player ID -16021 | DROP Player ID -16017
6,2024-10-10 17:29,Injury Prone,WAIVER,CANCELED,ADD Player ID 3915486 | DROP Player ID 4242557
6,2024-10-10 03:51,Ja'Marracle Whip Juggernauts,WAIVER,FAILED_PLAYERALREADYDROPPED,ADD Player ID 4429096 | DROP Player ID 3915486
6,2024-10-10 03:51,Below Mendoza Line,WAIVER,EXECUTED,ADD Player ID 17427 | DROP Player ID 4372066
6,2024-10-13 08:39,Moore Chubb for u to Love,FREEAGENT,EXECUTED,ADD Player ID 4428718 | DROP Player ID 4360761
6,2024-10-08 17:53,Ja'Marracle Whip Juggernauts,WAIVER,PENDING,ADD Player ID -16024 | DROP Player ID -16026
6,2024-10-09 17:09,Ja'Marracle Whip Juggernauts,WAIVER,PENDING,ADD Player ID 4373626 | DROP Player ID 3915486
6,2024-10-10 03:51,Ja'Marracle Whip Juggernauts,WAIVER,FAILED_PLAYERALREADYDROPPED,ADD Player ID 4373626 | DROP Player ID 3915486
6,2024-10-10 03:51,Injury Prone,WAIVER,EXECUTED,ADD Player ID 4429013 | DROP Player ID 4241401
6,2024-10-12 20:44,Moore Chubb for u to Love,FREEAGENT,EXECUTED,ADD Player ID 3128429 | DROP Player ID 3121427
6,2024-10-10 03:51,Ja'Marracle Whip Juggernauts,WAIVER,EXECUTED,ADD Player ID 4428557 | DROP Player ID 3915486
6,2024-10-10 03:51,Injury Prone,WAIVER,FAILED_PLAYERALREADYDROPPED,ADD Player ID 3728262 | DROP Player ID 8439
6,2024-10-10 03:51,Ja'Marracle Whip Juggernauts,WAIVER,FAILED_PLAYERALREADYDROPPED,ADD Player ID -16024 | DROP Player ID -16026
6,2024-10-10 03:51,Injury Prone,WAIVER,EXECUTED,ADD Player ID 4688813 | DROP Player ID 8439
6,2024-10-09 16:42,Ja'Marracle Whip Juggernauts,WAIVER,PENDING,ADD Player ID -16034 | DROP Player ID -16026
7,2024-10-20 09:18,Multiple Scorgasms,FREEAGENT,EXECUTED,ADD Player ID 3139602
7,2024-10-17 11:48,Window is Always Open,FREEAGENT,EXECUTED,ADD Player ID 2985659 | DROP Player ID 3915411
7,2024-10-16 22:05,Ja'Marracle Whip Juggernauts,WAIVER,PENDING,ADD Player ID -16008 | DROP Player ID -16034
7,2024-10-17 03:23,Injury Prone,WAIVER,EXECUTED,ADD Player ID -16004 | DROP Player ID -16011
7,2024-10-16 21:59,Ja'Marracle Whip Juggernauts,WAIVER,PENDING,ADD Player ID 4373626 | DROP Player ID 4428557
7,2024-10-17 03:23,Injury Prone,WAIVER,EXECUTED,ADD Player ID 4362081 | DROP Player ID 3150744
7,2024-10-19 00:10,Injury Prone,FREEAGENT,EXECUTED,ADD Player ID 4429084 | DROP Player ID 4243331
7,2024-10-17 03:23,Sentinel Sea Stallions,WAIVER,FAILED_INVALIDPLAYERSOURCE,ADD Player ID -16004 | DROP Player ID -16027
7,2024-10-17 03:23,Ja'Marracle Whip Juggernauts,WAIVER,EXECUTED,ADD Player ID 4429096 | DROP Player ID 4428557
7,2024-10-16 22:05,Ja'Marracle Whip Juggernauts,WAIVER,PENDING,ADD Player ID -16028 | DROP Player ID -16034
7,2024-10-18 03:48,Sentinel Sea Stallions,WAIVER,EXECUTED,ADD Player ID 4373626 | DROP Player ID 3917792
7,2024-10-17 03:23,Ja'Marracle Whip Juggernauts,WAIVER,FAILED_INVALIDPLAYERSOURCE,ADD Player ID -16028 | DROP Player ID -16034
7,2024-10-16 21:56,Ja'Marracle Whip Juggernauts,WAIVER,PENDING,ADD Player ID 4429096 | DROP Player ID 4428557
7,2024-10-17 03:23,Moore Chubb for u to Love,WAIVER,FAILED_INVALIDPLAYERSOURCE,ADD Player ID -16004 | DROP Player ID 4428718
7,2024-10-17 21:14,Ja'Marracle Whip Juggernauts,WAIVER,PENDING,ADD Player ID -16011 | DROP Player ID -16008
7,2024-10-17 03:23,Bloodied Castaways,WAIVER,EXECUTED,ADD Player ID 3128429
7,2024-10-17 03:23,Ja'Marracle Whip Juggernauts,WAIVER,EXECUTED,ADD Player ID -16008 | DROP Player ID -16034
7,2024-10-19 04:01,Ja'Marracle Whip Juggernauts,WAIVER,EXECUTED,ADD Player ID -16011 | DROP Player ID -16008
7,2024-10-21 20:06,Ja'Marracle Whip Juggernauts,FREEAGENT,EXECUTED,ADD Player ID 4430871 | DROP Player ID 4429275
7,2024-10-17 03:23,Von down by the river,WAIVER,EXECUTED,ADD Player ID 2576414 | DROP Player ID 4569987
7,2024-10-17 11:45,Window is Always Open,FREEAGENT,EXECUTED,ADD Player ID 4038941 | DROP Player ID 4362887
7,2024-10-17 07:37,Sentinel Sea Stallions,FREEAGENT,EXECUTED,ADD Player ID -16014 | DROP Player ID -16027
7,2024-10-20 08:23,Von down by the river,FREEAGENT,EXECUTED,ADD Player ID 3925357
7,2024-10-17 03:23,Window is Always Open,WAIVER,EXECUTED,ADD Player ID 4360761 | DROP Player ID 3886598
7,2024-10-17 03:23,Moore Chubb for u to Love,WAIVER,EXECUTED,ADD Player ID -16028 | DROP Player ID 4428718
7,2024-10-17 03:23,Von down by the river,WAIVER,FAILED_INVALIDPLAYERSOURCE,ADD Player ID 3128429 | DROP Player ID 15795
7,2024-10-17 21:14,Ja'Marracle Whip Juggernauts,WAIVER,CANCELED,ADD Player ID 4373626 | DROP Player ID 4428557
8,2024-10-27 12:11,Multiple Scorgasms,FREEAGENT,EXECUTED,ADD Player ID 4038441
8,2024-10-22 23:04,Ja'Marracle Whip Juggernauts,WAIVER,PENDING,ADD Player ID -16008 | DROP Player ID -16011
8,2024-10-24 04:15,Injury Prone,WAIVER,EXECUTED,ADD Player ID 4361432 | DROP Player ID 4569587
8,2024-10-24 04:15,Ja'Marracle Whip Juggernauts,WAIVER,FAILED_INVALIDPLAYERSOURCE,ADD Player ID -16008 | DROP Player ID -16011
8,2024-10-24 04:15,Moore Chubb for u to Love,WAIVER,EXECUTED,ADD Player ID -16012 | DROP Player ID -16028
8,2024-10-24 04:15,Below Mendoza Line,WAIVER,EXECUTED,ADD Player ID -16008 | DROP Player ID -16021
8,2024-10-27 22:47,Ja'Marracle Whip Juggernauts,WAIVER,PENDING,ADD Player ID 4426386
8,2024-10-24 04:15,Window is Always Open,WAIVER,FAILED_INVALIDPLAYERSOURCE,ADD Player ID 3886598 | DROP Player ID 4360294
8,2024-10-24 04:15,Injury Prone,WAIVER,FAILED_INVALIDPLAYERSOURCE,ADD Player ID 14881 | DROP Player ID 4429084
8,2024-10-26 04:10,Below Mendoza Line,WAIVER,FAILED_INVALIDPLAYERSOURCE,ADD Player ID 15795 | DROP Player ID 4242355
8,2024-10-26 04:10,Professional Substance Abusers,WAIVER,FAILED_INVALIDPLAYERSOURCE,ADD Player ID 15795
8,2024-10-24 04:15,Professional Substance Abusers,WAIVER,EXECUTED,ADD Player ID 3886598 | DROP Player ID 4241401
8,2024-10-22 23:07,Ja'Marracle Whip Juggernauts,WAIVER,PENDING,ADD Player ID 4243331 | DROP Player ID 4430871
8,2024-10-24 06:37,Send'em Packin,FREEAGENT,EXECUTED,ADD Player ID 4036131 | DROP Player ID -16005
8,2024-10-24 04:15,Moore Chubb for u to Love,WAIVER,FAILED_INVALIDPLAYERSOURCE,ADD Player ID -16008 | DROP Player ID -16028
8,2024-10-24 04:15,Window is Always Open,WAIVER,EXECUTED,ADD Player ID 4426338 | DROP Player ID 4360761
8,2024-10-24 04:15,Sentinel Sea Stallions,WAIVER,FAILED_INVALIDPLAYERSOURCE,ADD Player ID 4361432 | DROP Player ID 4360797
8,2024-10-26 04:10,Bloodied Castaways,WAIVER,EXECUTED,ADD Player ID 15795 | DROP Player ID 3117256
8,2024-10-24 04:15,Send'em Packin,WAIVER,EXECUTED,ADD Player ID 14881 | DROP Player ID 3122840
8,2024-10-24 04:15,Moore Chubb for u to Love,WAIVER,FAILED_INVALIDPLAYERSOURCE,ADD Player ID 3886598 | DROP Player ID 4682745
8,2024-10-22 23:07,Ja'Marracle Whip Juggernauts,WAIVER,PENDING,ADD Player ID -16012 | DROP Player ID -16011
8,2024-10-25 22:53,Window is Always Open,FREEAGENT,EXECUTED,ADD Player ID 4430834
8,2024-10-24 04:15,Ja'Marracle Whip Juggernauts,WAIVER,EXECUTED,ADD Player ID -16034 | DROP Player ID -16011
8,2024-10-22 23:06,Ja'Marracle Whip Juggernauts,WAIVER,PENDING,ADD Player ID -16034 | DROP Player ID -16011
8,2024-10-26 04:10,Von down by the river,WAIVER,FAILED_INVALIDPLAYERSOURCE,ADD Player ID 15795 | DROP Player ID 3925357
8,2024-10-24 04:15,Professional Substance Abusers,WAIVER,FAILED_INVALIDPLAYERSOURCE,ADD Player ID 4361432
8,2024-10-26 12:26,Injury Prone,FREEAGENT,EXECUTED,ADD Player ID 4569587 | DROP Player ID 4688813
8,2024-10-24 04:15,Injury Prone,WAIVER,FAILED_INVALIDPLAYERSOURCE,ADD Player ID -16012 | DROP Player ID -16004
8,2024-10-24 04:15,Injury Prone,WAIVER,EXECUTED,ADD Player ID 4569987 | DROP Player ID 3728262
8,2024-10-24 04:15,Ja'Marracle Whip Juggernauts,WAIVER,FAILED_INVALIDPLAYERSOURCE,ADD Player ID -16012 | DROP Player ID -16011
8,2024-10-24 04:15,Ja'Marracle Whip Juggernauts,WAIVER,EXECUTED,ADD Player ID 4243331 | DROP Player ID 4430871
8,2024-10-26 04:10,Injury Prone,WAIVER,EXECUTED,ADD Player ID -16028 | DROP Player ID -16004
8,2024-10-27 12:37,Multiple Scorgasms,FREEAGENT,EXECUTED,ADD Player ID 4360939
8,2024-10-24 06:38,NickCannonFanClub,FREEAGENT,EXECUTED,ADD Player ID 3046439
8,2024-10-24 04:15,Moore Chubb for u to Love,WAIVER,FAILED_INVALIDPLAYERSOURCE,ADD Player ID 4361432 | DROP Player ID 4682745
8,2024-10-24 04:15,Moore Chubb for u to Love,WAIVER,FAILED_INVALIDPLAYERSOURCE,ADD Player ID -16034 | DROP Player ID -16028
8,2024-10-26 04:10,Multiple Scorgasms,WAIVER,FAILED_INVALIDPLAYERSOURCE,ADD Player ID 15795 | DROP Player ID 3128390
8,2024-10-24 04:15,Below Mendoza Line,WAIVER,FAILED_INVALIDPLAYERSOURCE,ADD Player ID 3886598 | DROP Player ID 4372016
9,2024-10-31 04:35,Injury Prone,WAIVER,FAILED_INVALIDPLAYERSOURCE,ADD Player ID 4369863 | DROP Player ID 4569987
9,2024-10-31 04:35,Send'em Packin,WAIVER,EXECUTED,ADD Player ID 3050478 | DROP Player ID 17372
9,2024-10-31 04:35,Ja'Marracle Whip Juggernauts,WAIVER,FAILED_INVALIDPLAYERSOURCE,ADD Player ID 4688813 | DROP Player ID 4428850
9,2024-10-31 04:35,Multiple Scorgasms,WAIVER,FAILED_INVALIDPLAYERSOURCE,ADD Player ID 4688813 | DROP Player ID 4360939
9,2024-11-03 03:02,Multiple Scorgasms,WAIVER,FAILED_INVALIDPLAYERSOURCE,ADD Player ID 4035687 | DROP Player ID 4258595
9,2024-10-30 08:15,Ja'Marracle Whip Juggernauts,WAIVER,PENDING,ADD Player ID 4430034 | DROP Player ID 4428850
9,2024-11-03 08:50,Von down by the river,FREEAGENT,EXECUTED,ADD Player ID -16014
9,2024-11-03 08:54,Injury Prone,FREEAGENT,EXECUTED,ADD Player ID 4569587 | DROP Player ID 4243537
9,2024-10-31 12:40,NickCannonFanClub,FREEAGENT,EXECUTED,ADD Player ID 3054212
9,2024-10-31 04:35,Ja'Marracle Whip Juggernauts,WAIVER,FAILED_INVALIDPLAYERSOURCE,ADD Player ID -16004 | DROP Player ID -16034
9,2024-10-31 04:35,Multiple Scorgasms,WAIVER,FAILED_INVALIDPLAYERSOURCE,ADD Player ID 4369863 | DROP Player ID 4360939
9,2024-10-31 04:35,Ja'Marracle Whip Juggernauts,WAIVER,FAILED_INVALIDPLAYERSOURCE,ADD Player ID 4369863
9,2024-10-31 04:35,Sentinel Sea Stallions,WAIVER,FAILED_INVALIDPLAYERSOURCE,ADD Player ID 4369863 | DROP Player ID 4360797
9,2024-11-03 03:02,Window is Always Open,WAIVER,EXECUTED,ADD Player ID 4035687 | DROP Player ID 4430834
9,2024-10-31 04:35,Sentinel Sea Stallions,WAIVER,EXECUTED,ADD Player ID -16004 | DROP Player ID -16014
9,2024-10-31 04:35,Ja'Marracle Whip Juggernauts,WAIVER,FAILED_ROSTERLIMIT,ADD Player ID -16017
9,2024-10-31 07:44,Von down by the river,WAIVER,CANCELED,ADD Player ID -16034 | DROP Player ID -16009
9,2024-10-30 11:29,Ja'Marracle Whip Juggernauts,WAIVER,PENDING,ADD Player ID -16010 | DROP Player ID -16034
9,2024-10-31 07:24,Sentinel Sea Stallions,FREEAGENT,EXECUTED,ADD Player ID 4248528 | DROP Player ID 4360797
9,2024-10-31 04:35,Sentinel Sea Stallions,WAIVER,EXECUTED,ADD Player ID 2468609
9,2024-11-03 03:02,Sentinel Sea Stallions,WAIVER,FAILED_INVALIDPLAYERSOURCE,ADD Player ID 4035687 | DROP Player ID 4040761
9,2024-10-31 06:59,Injury Prone,FREEAGENT,EXECUTED,ADD Player ID 4243537 | DROP Player ID 4569987
9,2024-10-31 16:02,Send'em Packin,FREEAGENT,EXECUTED,ADD Player ID 3117256 | DROP Player ID 4035687
9,2024-10-30 11:30,Ja'Marracle Whip Juggernauts,WAIVER,PENDING,ADD Player ID -16021 | DROP Player ID -16034
9,2024-11-02 19:14,Sentinel Sea Stallions,FREEAGENT,EXECUTED,ADD Player ID 4430034 | DROP Player ID 4373626
9,2024-10-31 04:35,Send'em Packin,WAIVER,EXECUTED,ADD Player ID -16021 | DROP Player ID 4036131
9,2024-10-31 04:35,Ja'Marracle Whip Juggernauts,WAIVER,FAILED_INVALIDPLAYERSOURCE,ADD Player ID -16021 | DROP Player ID -16034
9,2024-11-01 18:02,Multiple Scorgasms,FREEAGENT,EXECUTED,ADD Player ID -16019 | DROP Player ID 4360939
9,2024-10-31 04:35,Ja'Marracle Whip Juggernauts,WAIVER,FAILED_ROSTERLIMIT,ADD Player ID 4430034
9,2024-11-03 11:47,Multiple Scorgasms,FREEAGENT,EXECUTED,ADD Player ID 3916945
9,2024-10-31 04:35,Ja'Marracle Whip Juggernauts,WAIVER,FAILED_INVALIDPLAYERSOURCE,ADD Player ID 4688813
9,2024-10-31 04:35,Send'em Packin,WAIVER,EXECUTED,ADD Player ID 2969939 | DROP Player ID 14881
9,2024-10-31 04:35,Ja'Marracle Whip Juggernauts,WAIVER,EXECUTED,ADD Player ID 4369863 | DROP Player ID 4428850
9,2024-10-30 08:16,Ja'Marracle Whip Juggernauts,WAIVER,PENDING,ADD Player ID 4688813 | DROP Player ID 4428850
9,2024-10-30 08:17,Ja'Marracle Whip Juggernauts,WAIVER,PENDING,ADD Player ID 4369863 | DROP Player ID 4428850
9,2024-10-31 04:35,Injury Prone,WAIVER,EXECUTED,ADD Player ID 4688813 | DROP Player ID 4569587
9,2024-10-29 13:02,Ja'Marracle Whip Juggernauts,WAIVER,PENDING,ADD Player ID 4369863
9,2024-11-03 08:54,Injury Prone,FREEAGENT,EXECUTED,ADD Player ID 4035222 | DROP Player ID 3051392
9,2024-10-29 18:15,Ja'Marracle Whip Juggernauts,WAIVER,PENDING,ADD Player ID 4688813
9,2024-10-31 07:24,Sentinel Sea Stallions,FREEAGENT,EXECUTED,ADD Player ID 4689936 | DROP Player ID 14993
9,2024-10-31 04:35,Ja'Marracle Whip Juggernauts,WAIVER,EXECUTED,ADD Player ID -16010 | DROP Player ID -16034
9,2024-10-31 06:59,Injury Prone,FREEAGENT,EXECUTED,ADD Player ID 12483 | DROP Player ID 4429084
9,2024-11-03 11:44,Below Mendoza Line,FREEAGENT,EXECUTED,ADD Player ID 4429025
9,2024-10-31 04:35,Moore Chubb for u to Love,WAIVER,FAILED_INVALIDPLAYERSOURCE,ADD Player ID 4688813 | DROP Player ID 4682745
9,2024-10-31 04:35,Ja'Marracle Whip Juggernauts,WAIVER,EXECUTED,ADD Player ID 4426386
9,2024-10-31 04:35,Sentinel Sea Stallions,WAIVER,FAILED_INVALIDPLAYERSOURCE,ADD Player ID 3050478 | DROP Player ID 14993
9,2024-10-31 04:35,Injury Prone,WAIVER,FAILED_INVALIDPLAYERSOURCE,ADD Player ID 2969939 | DROP Player ID 4429084
9,2024-10-30 11:31,Ja'Marracle Whip Juggernauts,WAIVER,PENDING,ADD Player ID -16004 | DROP Player ID -16034
9,2024-10-30 11:32,Ja'Marracle Whip Juggernauts,WAIVER,PENDING,ADD Player ID -16017
9,2024-10-31 04:35,Ja'Marracle Whip Juggernauts,WAIVER,FAILED_PLAYERALREADYDROPPED,ADD Player ID 4430034 | DROP Player ID 4428850
9,2024-10-30 08:18,Ja'Marracle Whip Juggernauts,WAIVER,PENDING,ADD Player ID 4430034
10,2024-11-06 08:04,Ja'Marracle Whip Juggernauts,WAIVER,PENDING,ADD Player ID -16022 | DROP Player ID -16010
10,2024-11-07 03:06,Sentinel Sea Stallions,WAIVER,EXECUTED,ADD Player ID 4428209 | DROP Player ID 4040761
10,2024-11-09 16:50,Below Mendoza Line,FREEAGENT,EXECUTED,ADD Player ID 12483 | DROP Player ID 4685247
10,2024-11-10 06:29,Injury Prone,WAIVER,CANCELED,ADD Player ID 4361411 | DROP Player ID 4569587
10,2024-11-07 03:06,Injury Prone,WAIVER,EXECUTED,ADD Player ID 14881 | DROP Player ID 12483
10,2024-11-07 03:06,Sentinel Sea Stallions,WAIVER,FAILED_INVALIDPLAYERSOURCE,ADD Player ID 8439 | DROP Player ID 4361411
10,2024-11-07 03:06,Von down by the river,WAIVER,EXECUTED,ADD Player ID 4569987 | DROP Player ID -16009
10,2024-11-09 19:14,NickCannonFanClub,FREEAGENT,EXECUTED,ADD Player ID -16029
10,2024-11-10 02:31,Multiple Scorgasms,FREEAGENT,EXECUTED,ADD Player ID 17372
10,2024-11-07 03:06,Ja'Marracle Whip Juggernauts,WAIVER,EXECUTED,ADD Player ID 4240021 | DROP Player ID 4426386
10,2024-11-07 03:06,Von down by the river,WAIVER,EXECUTED,ADD Player ID 8439
10,2024-11-09 16:57,Sentinel Sea Stallions,FREEAGENT,EXECUTED,ADD Player ID 4569682
10,2024-11-05 04:39,Ja'Marracle Whip Juggernauts,WAIVER,PENDING,ADD Player ID 4240021 | DROP Player ID 4426386
10,2024-11-07 03:06,Sentinel Sea Stallions,WAIVER,EXECUTED,ADD Player ID -16001 | DROP Player ID -16004
10,2024-11-07 03:06,Below Mendoza Line,WAIVER,EXECUTED,ADD Player ID 3150744 | DROP Player ID 17427
10,2024-11-06 15:36,Injury Prone,WAIVER,CANCELED,ADD Player ID 3915486 | DROP Player ID 4569587
10,2024-11-09 16:54,Sentinel Sea Stallions,FREEAGENT,EXECUTED,ADD Player ID 4360078
10,2024-11-09 03:55,Sentinel Sea Stallions,WAIVER,EXECUTED,ADD Player ID 4426338 | DROP Player ID 4361411
10,2024-11-07 03:06,Window is Always Open,WAIVER,EXECUTED,ADD Player ID 4242433 | DROP Player ID 4426338
10,2024-11-05 04:43,Ja'Marracle Whip Juggernauts,WAIVER,PENDING,ADD Player ID -16001 | DROP Player ID -16010
10,2024-11-07 03:06,Injury Prone,WAIVER,EXECUTED,ADD Player ID 3915486
10,2024-11-10 06:31,Injury Prone,FREEAGENT,EXECUTED,ADD Player ID 4429148 | DROP Player ID 3915486
10,2024-11-08 05:12,Sentinel Sea Stallions,FREEAGENT,EXECUTED,ADD Player ID 4430834 | DROP Player ID 3120348
10,2024-11-07 10:19,Professional Substance Abusers,FREEAGENT,EXECUTED,ADD Player ID 4035886
10,2024-11-07 03:06,Ja'Marracle Whip Juggernauts,WAIVER,FAILED_INVALIDPLAYERSOURCE,ADD Player ID -16001 | DROP Player ID -16010
10,2024-11-07 03:06,Ja'Marracle Whip Juggernauts,WAIVER,EXECUTED,ADD Player ID -16022 | DROP Player ID -16010
11,2024-11-12 10:33,Ja'Marracle Whip Juggernauts,WAIVER,PENDING,ADD Player ID -16034 | DROP Player ID -16022
11,2024-11-14 04:34,Window is Always Open,WAIVER,EXECUTED,ADD Player ID 3045138 | DROP Player ID 4242433
11,2024-11-14 04:34,Injury Prone,WAIVER,EXECUTED,ADD Player ID 4428557 | DROP Player ID 4429013
11,2024-11-15 15:26,Multiple Scorgasms,FREEAGENT,EXECUTED,ADD Player ID 4360939 | DROP Player ID -16019
11,2024-11-15 16:44,Von down by the river,FREEAGENT,EXECUTED,ADD Player ID 3930086
11,2024-11-14 04:34,Ja'Marracle Whip Juggernauts,WAIVER,EXECUTED,ADD Player ID 3127292 | DROP Player ID 4240021
11,2024-11-15 22:41,Injury Prone,FREEAGENT,EXECUTED,ADD Player ID -16010 | DROP Player ID -16017
11,2024-11-14 04:34,Sentinel Sea Stallions,WAIVER,EXECUTED,ADD Player ID -16015 | DROP Player ID -16001
11,2024-11-14 04:34,Injury Prone,WAIVER,FAILED_PLAYERALREADYDROPPED,ADD Player ID 2991662 | DROP Player ID 3932905
11,2024-11-14 04:34,Injury Prone,WAIVER,FAILED_INVALIDPLAYERSOURCE,ADD Player ID 4361411 | DROP Player ID 4429148
11,2024-11-14 04:34,Ja'Marracle Whip Juggernauts,WAIVER,FAILED_INVALIDPLAYERSOURCE,ADD Player ID -16034 | DROP Player ID -16022
11,2024-11-12 10:34,Ja'Marracle Whip Juggernauts,WAIVER,PENDING,ADD Player ID -16010 | DROP Player ID -16022
11,2024-11-12 10:34,Ja'Marracle Whip Juggernauts,WAIVER,PENDING,ADD Player ID -16009 | DROP Player ID -16022
11,2024-11-12 10:35,Ja'Marracle Whip Juggernauts,WAIVER,PENDING,ADD Player ID 4242355 | DROP Player ID 4240021
11,2024-11-14 18:39,Bloodied Castaways,FREEAGENT,EXECUTED,ADD Player ID 3043234
11,2024-11-12 10:33,Ja'Marracle Whip Juggernauts,WAIVER,PENDING,ADD Player ID -16015 | DROP Player ID -16022
11,2024-11-14 04:34,Moore Chubb for u to Love,WAIVER,EXECUTED,ADD Player ID 4361411 | DROP Player ID 4682745
11,2024-11-14 04:34,Ja'Marracle Whip Juggernauts,WAIVER,FAILED_PLAYERALREADYDROPPED,ADD Player ID -16005 | DROP Player ID -16022
11,2024-11-16 10:10,Ja'Marracle Whip Juggernauts,FREEAGENT,EXECUTED,ADD Player ID 4373626 | DROP Player ID 4429275
11,2024-11-17 08:19,Moore Chubb for u to Love,FREEAGENT,EXECUTED,ADD Player ID -16005 | DROP Player ID -16003
11,2024-11-17 15:47,Send'em Packin,FREEAGENT,EXECUTED,ADD Player ID 3116164
11,2024-11-12 17:17,Injury Prone,WAIVER,CANCELED,ADD Player ID 3051738 | DROP Player ID 4429148
11,2024-11-14 04:34,Ja'Marracle Whip Juggernauts,WAIVER,FAILED_INVALIDPLAYERSOURCE,ADD Player ID -16015 | DROP Player ID -16022
11,2024-11-13 19:39,Ja'Marracle Whip Juggernauts,WAIVER,PENDING,ADD Player ID -16005 | DROP Player ID -16022
11,2024-11-14 04:34,Injury Prone,WAIVER,FAILED_INVALIDPLAYERSOURCE,ADD Player ID -16015 | DROP Player ID -16028
11,2024-11-14 04:34,Injury Prone,WAIVER,EXECUTED,ADD Player ID 3051738 | DROP Player ID 3932905
11,2024-11-15 17:06,Ja'Marracle Whip Juggernauts,FREEAGENT,EXECUTED,ADD Player ID 4429275
11,2024-11-17 05:21,Bloodied Castaways,FREEAGENT,EXECUTED,ADD Player ID 3117256
11,2024-11-15 03:24,Von down by the river,WAIVER,EXECUTED,ADD Player ID 4242355
11,2024-11-14 04:49,NickCannonFanClub,FREEAGENT,EXECUTED,ADD Player ID 4372019 | DROP Player ID 3116164
11,2024-11-14 04:34,Ja'Marracle Whip Juggernauts,WAIVER,EXECUTED,ADD Player ID -16009 | DROP Player ID -16022
11,2024-11-15 03:24,Ja'Marracle Whip Juggernauts,WAIVER,FAILED_INVALIDPLAYERSOURCE,ADD Player ID 4242355 | DROP Player ID 4240021
11,2024-11-14 06:37,Below Mendoza Line,FREEAGENT,EXECUTED,ADD Player ID 3124679 | DROP Player ID 3150744
11,2024-11-14 04:34,Multiple Scorgasms,WAIVER,EXECUTED,ADD Player ID -16034 | DROP Player ID -16033
11,2024-11-14 06:56,Injury Prone,FREEAGENT,EXECUTED,ADD Player ID -16017 | DROP Player ID 4429148
11,2024-11-15 17:03,Ja'Marracle Whip Juggernauts,FREEAGENT,EXECUTED,ADD Player ID 4429023
11,2024-11-13 19:38,Ja'Marracle Whip Juggernauts,WAIVER,CANCELED,ADD Player ID -16010 | DROP Player ID -16022
11,2024-11-13 19:40,Ja'Marracle Whip Juggernauts,WAIVER,PENDING,ADD Player ID 3127292 | DROP Player ID 4240021
12,2024-11-24 12:36,Multiple Scorgasms,FREEAGENT,EXECUTED,ADD Player ID 3929785 | DROP Player ID 4360939
12,2024-11-21 18:36,Bloodied Castaways,FREEAGENT,EXECUTED,ADD Player ID 4571557 | DROP Player ID -16024
12,2024-11-21 04:24,Ja'Marracle Whip Juggernauts,WAIVER,EXECUTED,ADD Player ID -16003 | DROP Player ID -16009
12,2024-11-22 23:49,Injury Prone,FREEAGENT,EXECUTED,ADD Player ID 4372096
12,2024-11-19 18:22,Ja'Marracle Whip Juggernauts,WAIVER,PENDING,ADD Player ID -16027 | DROP Player ID -16009
12,2024-11-20 21:31,Below Mendoza Line,WAIVER,CANCELED,ADD Player ID 4426386 | DROP Player ID 4372016
12,2024-11-19 18:22,Ja'Marracle Whip Juggernauts,WAIVER,PENDING,ADD Player ID -16003 | DROP Player ID -16009
12,2024-11-21 04:24,Professional Substance Abusers,WAIVER,EXECUTED,ADD Player ID -16027 | DROP Player ID -16020
12,2024-11-21 04:24,Window is Always Open,WAIVER,FAILED_PLAYERALREADYDROPPED,ADD Player ID 4240021 | DROP Player ID 4572680
12,2024-11-21 04:24,Ja'Marracle Whip Juggernauts,WAIVER,FAILED_INVALIDPLAYERSOURCE,ADD Player ID -16027 | DROP Player ID -16009
12,2024-11-21 04:24,Below Mendoza Line,WAIVER,EXECUTED,ADD Player ID 4429013 | DROP Player ID 4372016
12,2024-11-21 04:24,Sentinel Sea Stallions,WAIVER,EXECUTED,ADD Player ID 4426386 | DROP Player ID 4428209
12,2024-11-24 08:09,Moore Chubb for u to Love,FREEAGENT,EXECUTED,ADD Player ID 2985659 | DROP Player ID 2473037
12,2024-11-21 07:55,Below Mendoza Line,FREEAGENT,EXECUTED,ADD Player ID 4429275
12,2024-11-21 04:24,Multiple Scorgasms,WAIVER,FAILED_INVALIDPLAYERSOURCE,ADD Player ID -16027 | DROP Player ID 4239996
12,2024-11-19 15:25,Below Mendoza Line,WAIVER,CANCELED,ADD Player ID 3051926 | DROP Player ID 4372016
12,2024-11-21 04:24,Bloodied Castaways,WAIVER,FAILED_ROSTERLIMIT,ADD Player ID 3150744
12,2024-11-23 03:52,Sentinel Sea Stallions,WAIVER,FAILED_INVALIDPLAYERSOURCE,ADD Player ID 4372016 | DROP Player ID 4360078
12,2024-11-23 19:03,Sentinel Sea Stallions,FREEAGENT,EXECUTED,ADD Player ID -16022 | DROP Player ID -16015
12,2024-11-21 04:24,Injury Prone,WAIVER,EXECUTED,ADD Player ID 4361050 | DROP Player ID -16010
12,2024-11-19 18:23,Ja'Marracle Whip Juggernauts,WAIVER,PENDING,ADD Player ID 4429275 | DROP Player ID 4373626
12,2024-11-21 04:24,Ja'Marracle Whip Juggernauts,WAIVER,EXECUTED,ADD Player ID 4429084 | DROP Player ID 4373626
12,2024-11-21 04:24,Von down by the river,WAIVER,EXECUTED,ADD Player ID 3150744 | DROP Player ID 3917232
12,2024-11-21 04:24,NickCannonFanClub,WAIVER,EXECUTED,ADD Player ID 4034949 | DROP Player ID 4361777
12,2024-11-21 04:24,Moore Chubb for u to Love,WAIVER,EXECUTED,ADD Player ID 2473037 | DROP Player ID 3049899
12,2024-11-21 04:24,Window is Always Open,WAIVER,EXECUTED,ADD Player ID 4040761 | DROP Player ID 4572680
12,2024-11-21 04:24,Sentinel Sea Stallions,WAIVER,FAILED_INVALIDPLAYERSOURCE,ADD Player ID -16027 | DROP Player ID -16015
12,2024-11-21 04:24,Ja'Marracle Whip Juggernauts,WAIVER,FAILED_PLAYERALREADYDROPPED,ADD Player ID 4429275 | DROP Player ID 4373626
12,2024-11-21 04:24,Sentinel Sea Stallions,WAIVER,EXECUTED,ADD Player ID 4429148 | DROP Player ID 4430834
12,2024-11-21 04:24,Moore Chubb for u to Love,WAIVER,EXECUTED,ADD Player ID 4248528 | DROP Player ID 4361411
12,2024-11-19 18:24,Ja'Marracle Whip Juggernauts,WAIVER,PENDING,ADD Player ID 4429084 | DROP Player ID 4373626
12,2024-11-23 03:52,Von down by the river,WAIVER,EXECUTED,ADD Player ID 4572680
12,2024-11-23 03:52,Window is Always Open,WAIVER,EXECUTED,ADD Player ID 4372016 | DROP Player ID 16460
12,2024-11-24 11:04,Injury Prone,FREEAGENT,EXECUTED,ADD Player ID 2576336 | DROP Player ID 4361050
12,2024-11-21 11:42,Below Mendoza Line,FREEAGENT,EXECUTED,ADD Player ID 4426386 | DROP Player ID 4429275
12,2024-11-22 17:12,Send'em Packin,FREEAGENT,EXECUTED,ADD Player ID 4240391
12,2024-11-21 09:40,Sentinel Sea Stallions,FREEAGENT,EXECUTED,ADD Player ID 4372414 | DROP Player ID 4426386
12,2024-11-21 04:24,Von down by the river,WAIVER,EXECUTED,ADD Player ID 4431452 | DROP Player ID 8439
12,2024-11-21 04:24,Bloodied Castaways,WAIVER,FAILED_INVALIDPLAYERSOURCE,ADD Player ID -16027 | DROP Player ID -16024
12,2024-11-21 04:24,Sentinel Sea Stallions,WAIVER,FAILED_INVALIDPLAYERSOURCE,ADD Player ID 4248528 | DROP Player ID 4360078
12,2024-11-24 03:39,Multiple Scorgasms,WAIVER,EXECUTED,ADD Player ID -16024 | DROP Player ID 4239996
13,2024-11-28 05:01,Von down by the river,WAIVER,EXECUTED,ADD Player ID 16757 | DROP Player ID 2576414
13,2024-11-28 05:01,Ja'Marracle Whip Juggernauts,WAIVER,FAILED_INVALIDPLAYERSOURCE,ADD Player ID -16026 | DROP Player ID -16003
13,2024-11-28 05:01,Bloodied Castaways,WAIVER,EXECUTED,ADD Player ID -16006 | DROP Player ID -16025
13,2024-11-28 05:01,Multiple Scorgasms,WAIVER,EXECUTED,ADD Player ID 3051926 | DROP Player ID 4258595
13,2024-11-29 03:26,Injury Prone,WAIVER,EXECUTED,ADD Player ID 4429084 | DROP Player ID 14881
13,2024-11-26 12:54,Ja'Marracle Whip Juggernauts,WAIVER,PENDING,ADD Player ID 4685247 | DROP Player ID 4369863
13,2024-11-28 05:01,Sentinel Sea Stallions,WAIVER,EXECUTED,ADD Player ID -16020
13,2024-11-28 05:01,Ja'Marracle Whip Juggernauts,WAIVER,EXECUTED,ADD Player ID 4429275 | DROP Player ID 4369863
13,2024-11-26 12:53,Ja'Marracle Whip Juggernauts,WAIVER,PENDING,ADD Player ID 4429275 | DROP Player ID 4369863
13,2024-11-30 16:18,Sentinel Sea Stallions,FREEAGENT,EXECUTED,ADD Player ID 4212909
13,2024-11-28 05:01,Ja'Marracle Whip Juggernauts,WAIVER,FAILED_INVALIDPLAYERSOURCE,ADD Player ID 3051926 | DROP Player ID 4369863
13,2024-11-28 05:01,Ja'Marracle Whip Juggernauts,WAIVER,FAILED_PLAYERALREADYDROPPED,ADD Player ID 4685247 | DROP Player ID 4369863
13,2024-11-28 06:44,Ja'Marracle Whip Juggernauts,FREEAGENT,EXECUTED,ADD Player ID -16011 | DROP Player ID -16003
13,2024-12-01 11:07,Von down by the river,FREEAGENT,EXECUTED,ADD Player ID 14881
13,2024-11-28 05:01,Sentinel Sea Stallions,WAIVER,EXECUTED,ADD Player ID 4569559 | DROP Player ID -16022
13,2024-11-28 07:44,Von down by the river,FREEAGENT,EXECUTED,ADD Player ID 3930086
13,2024-11-28 16:56,Bloodied Castaways,FREEAGENT,EXECUTED,ADD Player ID 3917232 | DROP Player ID 4571557
13,2024-11-26 12:55,Ja'Marracle Whip Juggernauts,WAIVER,PENDING,ADD Player ID 3051926 | DROP Player ID 4369863
13,2024-11-28 05:01,Von down by the river,WAIVER,EXECUTED,ADD Player ID -16026 | DROP Player ID -16014
13,2024-11-28 05:01,Injury Prone,WAIVER,EXECUTED,ADD Player ID 4239996 | DROP Player ID 2576336
13,2024-11-26 05:18,Ja'Marracle Whip Juggernauts,WAIVER,PENDING,ADD Player ID -16026 | DROP Player ID -16003
13,2024-11-28 05:01,Sentinel Sea Stallions,WAIVER,EXECUTED,ADD Player ID 4240472 | DROP Player ID 4569682
14,2024-12-05 06:38,Ja'Marracle Whip Juggernauts,FREEAGENT,EXECUTED,ADD Player ID -16025 | DROP Player ID -16011
14,2024-12-03 07:37,Ja'Marracle Whip Juggernauts,WAIVER,PENDING,ADD Player ID -16022 | DROP Player ID -16011
14,2024-12-05 04:40,Moore Chubb for u to Love,WAIVER,EXECUTED,ADD Player ID -16022 | DROP Player ID -16005
14,2024-12-04 17:52,Window is Always Open,WAIVER,CANCELED,ADD Player ID 16460 | DROP Player ID 4040761
14,2024-12-05 04:40,Ja'Marracle Whip Juggernauts,WAIVER,FAILED_INVALIDPLAYERSOURCE,ADD Player ID -16009 | DROP Player ID 4429096
14,2024-12-04 22:49,Ja'Marracle Whip Juggernauts,WAIVER,PENDING,ADD Player ID -16009 | DROP Player ID 4678008
14,2024-12-05 05:31,Injury Prone,FREEAGENT,EXECUTED,ADD Player ID 2976592
14,2024-12-05 04:40,Sentinel Sea Stallions,WAIVER,EXECUTED,ADD Player ID 2576414 | DROP Player ID 4360078
14,2024-12-05 04:40,Injury Prone,WAIVER,FAILED_INVALIDPLAYERSOURCE,ADD Player ID 16460
14,2024-12-06 16:07,Sentinel Sea Stallions,FREEAGENT,EXECUTED,ADD Player ID 4428718
14,2024-12-05 04:40,Injury Prone,WAIVER,EXECUTED,ADD Player ID 4361418 | DROP Player ID 4429084
14,2024-12-06 18:10,Ja'Marracle Whip Juggernauts,WAIVER,PENDING,ADD Player ID 4428557 | DROP Player ID 4429275
14,2024-12-05 04:40,Window is Always Open,WAIVER,FAILED_INVALIDPLAYERSOURCE,ADD Player ID 4372561 | DROP Player ID 4040761
14,2024-12-03 07:35,Ja'Marracle Whip Juggernauts,WAIVER,PENDING,ADD Player ID 4361418 | DROP Player ID 4678008
14,2024-12-05 05:00,Sentinel Sea Stallions,FREEAGENT,EXECUTED,ADD Player ID -16010
14,2024-12-05 04:40,Injury Prone,WAIVER,FAILED_INVALIDPLAYERSOURCE,ADD Player ID -16015 | DROP Player ID 4428557
14,2024-12-05 05:00,Sentinel Sea Stallions,FREEAGENT,EXECUTED,ADD Player ID -16030 | DROP Player ID -16020
14,2024-12-05 04:40,Multiple Scorgasms,WAIVER,FAILED_INVALIDPLAYERSOURCE,ADD Player ID 4372561 | DROP Player ID 3051926
14,2024-12-05 05:30,Injury Prone,FREEAGENT,EXECUTED,ADD Player ID -16004
14,2024-12-08 12:20,Professional Substance Abusers,FREEAGENT,EXECUTED,ADD Player ID 3128444 | DROP Player ID 15683
14,2024-12-05 04:40,Injury Prone,WAIVER,FAILED_INVALIDPLAYERSOURCE,ADD Player ID 4372561
14,2024-12-05 04:40,Multiple Scorgasms,WAIVER,FAILED_INVALIDPLAYERSOURCE,ADD Player ID -16022
14,2024-12-03 06:54,Injury Prone,WAIVER,CANCELED,ADD Player ID -16015 | DROP Player ID -16028 | DROP Player ID 4428557
14,2024-12-07 14:45,Ja'Marracle Whip Juggernauts,FREEAGENT,EXECUTED,ADD Player ID 4567104 | DROP Player ID 4429275
14,2024-12-04 22:48,Ja'Marracle Whip Juggernauts,WAIVER,PENDING,ADD Player ID -16009 | DROP Player ID 4429096
14,2024-12-03 18:43,Sentinel Sea Stallions,WAIVER,CANCELED,ADD Player ID -16015 | DROP Player ID -16020
14,2024-12-05 06:40,Ja'Marracle Whip Juggernauts,FREEAGENT,EXECUTED,ADD Player ID 4260394 | DROP Player ID 4429096
14,2024-12-05 04:40,Ja'Marracle Whip Juggernauts,WAIVER,FAILED_INVALIDPLAYERSOURCE,ADD Player ID 4361418 | DROP Player ID 4678008
14,2024-12-04 22:42,Ja'Marracle Whip Juggernauts,WAIVER,PENDING,ADD Player ID 4372561 | DROP Player ID 4678008
14,2024-12-05 04:40,Sentinel Sea Stallions,WAIVER,FAILED_INVALIDPLAYERSOURCE,ADD Player ID 16460 | DROP Player ID 4212909
14,2024-12-05 04:40,Sentinel Sea Stallions,WAIVER,FAILED_INVALIDPLAYERSOURCE,ADD Player ID -16015 | DROP Player ID -16020
14,2024-12-05 04:40,Ja'Marracle Whip Juggernauts,WAIVER,FAILED_INVALIDPLAYERSOURCE,ADD Player ID 4372561 | DROP Player ID 4678008
14,2024-12-05 04:40,Von down by the river,WAIVER,FAILED_INVALIDPLAYERSOURCE,ADD Player ID 4372561
14,2024-12-08 08:12,Von down by the river,FREEAGENT,EXECUTED,ADD Player ID 4430968
14,2024-12-07 06:00,Sentinel Sea Stallions,WAIVER,EXECUTED,ADD Player ID 3059915
14,2024-12-04 22:43,Ja'Marracle Whip Juggernauts,WAIVER,CANCELED,ADD Player ID 4372561 | DROP Player ID 4429096
14,2024-12-08 04:07,Sentinel Sea Stallions,WAIVER,EXECUTED,ADD Player ID 4040761 | DROP Player ID 4569559
14,2024-12-05 04:40,Ja'Marracle Whip Juggernauts,WAIVER,EXECUTED,ADD Player ID -16009 | DROP Player ID 4678008
14,2024-12-08 12:33,Multiple Scorgasms,FREEAGENT,EXECUTED,ADD Player ID 4243389
14,2024-12-08 12:23,Professional Substance Abusers,FREEAGENT,EXECUTED,ADD Player ID 4430104 | DROP Player ID 4035886
14,2024-12-05 04:40,Window is Always Open,WAIVER,EXECUTED,ADD Player ID 16460 | DROP Player ID 4360248
14,2024-12-05 04:40,Below Mendoza Line,WAIVER,EXECUTED,ADD Player ID 4372561 | DROP Player ID 3059915
14,2024-12-05 04:40,Window is Always Open,WAIVER,FAILED_PLAYERALREADYDROPPED,ADD Player ID 4361411 | DROP Player ID 4360248
14,2024-12-04 22:42,Ja'Marracle Whip Juggernauts,WAIVER,PENDING,ADD Player ID 4372561 | DROP Player ID 4429096
14,2024-12-05 04:40,Multiple Scorgasms,WAIVER,EXECUTED,ADD Player ID -16015
14,2024-12-07 14:33,Ja'Marracle Whip Juggernauts,WAIVER,CANCELED,ADD Player ID 4428557 | DROP Player ID 4429275
14,2024-12-05 09:35,Window is Always Open,FREEAGENT,EXECUTED,ADD Player ID 4572680 | DROP Player ID 4040761
14,2024-12-05 04:40,Ja'Marracle Whip Juggernauts,WAIVER,FAILED_INVALIDPLAYERSOURCE,ADD Player ID -16022 | DROP Player ID -16011
14,2024-12-05 04:40,Injury Prone,WAIVER,EXECUTED,ADD Player ID 4242355 | DROP Player ID 4372096
14,2024-12-05 04:40,Sentinel Sea Stallions,WAIVER,FAILED_INVALIDPLAYERSOURCE,ADD Player ID 4372561 | DROP Player ID 4569559
14,2024-12-05 04:40,Moore Chubb for u to Love,WAIVER,EXECUTED,ADD Player ID 10621 | DROP Player ID 2985659
14,2024-12-06 17:35,Injury Prone,FREEAGENT,EXECUTED,ADD Player ID 4685247 | DROP Player ID 4428557
15,2024-12-12 04:39,Injury Prone,WAIVER,FAILED_INVALIDPLAYERSOURCE,ADD Player ID -16033 | DROP Player ID -16004
15,2024-12-12 04:39,Moore Chubb for u to Love,WAIVER,FAILED_INVALIDPLAYERSOURCE,ADD Player ID -16033 | DROP Player ID 10621
15,2024-12-13 17:55,Multiple Scorgasms,FREEAGENT,EXECUTED,ADD Player ID 4360248
15,2024-12-12 04:39,Sentinel Sea Stallions,WAIVER,EXECUTED,ADD Player ID 4369863 | DROP Player ID 3059915
15,2024-12-10 15:42,Ja'Marracle Whip Juggernauts,WAIVER,PENDING,ADD Player ID -16011 | DROP Player ID -16025
15,2024-12-12 10:04,Sentinel Sea Stallions,FREEAGENT,EXECUTED,ADD Player ID -16001 | DROP Player ID -16010
15,2024-12-12 04:39,Multiple Scorgasms,WAIVER,EXECUTED,ADD Player ID 4361411
15,2024-12-12 04:39,Sentinel Sea Stallions,WAIVER,EXECUTED,ADD Player ID 2985659 | DROP Player ID 4428718
15,2024-12-12 04:39,Injury Prone,WAIVER,EXECUTED,ADD Player ID 8439 | DROP Player ID 4361418
15,2024-12-12 04:39,Injury Prone,WAIVER,FAILED_INVALIDPLAYERSOURCE,ADD Player ID 3051926 | DROP Player ID 4685247
15,2024-12-12 16:39,Sentinel Sea Stallions,FREEAGENT,EXECUTED,ADD Player ID 4695404 | DROP Player ID 4040761
15,2024-12-12 04:39,Multiple Scorgasms,WAIVER,FAILED_INVALIDPLAYERSOURCE,ADD Player ID 3051926
15,2024-12-12 04:39,Ja'Marracle Whip Juggernauts,WAIVER,FAILED_INVALIDPLAYERSOURCE,ADD Player ID -16011 | DROP Player ID -16025
15,2024-12-12 04:39,Multiple Scorgasms,WAIVER,EXECUTED,ADD Player ID 4039358
15,2024-12-15 09:55,Moore Chubb for u to Love,FREEAGENT,EXECUTED,ADD Player ID 3049899 | DROP Player ID -16020
15,2024-12-12 05:41,Ja'Marracle Whip Juggernauts,WAIVER,PENDING,ADD Player ID -16008
15,2024-12-14 03:05,Sentinel Sea Stallions,WAIVER,EXECUTED,ADD Player ID 3929785 | DROP Player ID 4430034
15,2024-12-12 04:39,Multiple Scorgasms,WAIVER,FAILED_ROSTERLIMIT,ADD Player ID 4360939
15,2024-12-12 04:39,Moore Chubb for u to Love,WAIVER,FAILED_PLAYERALREADYDROPPED,ADD Player ID -16001 | DROP Player ID 10621
15,2024-12-10 15:40,Ja'Marracle Whip Juggernauts,WAIVER,PENDING,ADD Player ID 4428557 | DROP Player ID 4260394
15,2024-12-12 04:39,Von down by the river,WAIVER,FAILED_INVALIDPLAYERSOURCE,ADD Player ID -16033 | DROP Player ID -16026
15,2024-12-12 04:39,Ja'Marracle Whip Juggernauts,WAIVER,EXECUTED,ADD Player ID 4428557 | DROP Player ID 4260394
15,2024-12-12 04:39,Multiple Scorgasms,WAIVER,EXECUTED,ADD Player ID -16011
15,2024-12-11 07:16,Ja'Marracle Whip Juggernauts,WAIVER,PENDING,ADD Player ID 4429275 | DROP Player ID 4567104
15,2024-12-14 03:05,Ja'Marracle Whip Juggernauts,WAIVER,EXECUTED,ADD Player ID -16008
15,2024-12-12 04:39,Sentinel Sea Stallions,WAIVER,FAILED_INVALIDPLAYERSOURCE,ADD Player ID -16033 | DROP Player ID -16010
15,2024-12-13 16:21,Multiple Scorgasms,FREEAGENT,EXECUTED,ADD Player ID 4241372
15,2024-12-12 04:39,Von down by the river,WAIVER,FAILED_INVALIDPLAYERSOURCE,ADD Player ID 8439 | DROP Player ID 16757
15,2024-12-11 17:55,Ja'Marracle Whip Juggernauts,WAIVER,PENDING,ADD Player ID 4429096 | DROP Player ID 4260394
15,2024-12-12 04:39,Ja'Marracle Whip Juggernauts,WAIVER,FAILED_PLAYERALREADYDROPPED,ADD Player ID 4429096 | DROP Player ID 4260394
15,2024-12-12 04:39,Multiple Scorgasms,WAIVER,FAILED_POSITIONLIMIT,ADD Player ID -16014
15,2024-12-12 04:39,Von down by the river,WAIVER,EXECUTED,ADD Player ID 3051926 | DROP Player ID 4430968
15,2024-12-10 08:06,Moore Chubb for u to Love,WAIVER,CANCELED,ADD Player ID 2985659 | DROP Player ID 10621
15,2024-12-11 17:55,Ja'Marracle Whip Juggernauts,WAIVER,PENDING,ADD Player ID 4429275 | DROP Player ID 4260394
15,2024-12-12 04:39,Moore Chubb for u to Love,WAIVER,EXECUTED,ADD Player ID -16020 | DROP Player ID 10621
15,2024-12-14 03:05,Injury Prone,WAIVER,EXECUTED,ADD Player ID 4430968 | DROP Player ID 4685247
15,2024-12-12 16:34,Sentinel Sea Stallions,FREEAGENT,EXECUTED,ADD Player ID 4599739 | DROP Player ID 2576414
15,2024-12-12 04:39,Ja'Marracle Whip Juggernauts,WAIVER,FAILED_PLAYERALREADYDROPPED,ADD Player ID 4429275 | DROP Player ID 4260394
15,2024-12-12 04:39,Below Mendoza Line,WAIVER,EXECUTED,ADD Player ID -16033 | DROP Player ID -16008
15,2024-12-11 07:17,Ja'Marracle Whip Juggernauts,WAIVER,PENDING,ADD Player ID 4429096 | DROP Player ID 4567104
15,2024-12-12 04:39,Ja'Marracle Whip Juggernauts,WAIVER,EXECUTED,ADD Player ID 4429275 | DROP Player ID 4567104
15,2024-12-15 12:34,Injury Prone,FREEAGENT,EXECUTED,ADD Player ID 3929645
15,2024-12-12 04:39,Ja'Marracle Whip Juggernauts,WAIVER,FAILED_PLAYERALREADYDROPPED,ADD Player ID 4429096 | DROP Player ID 4567104
16,2024-12-19 03:34,Sentinel Sea Stallions,WAIVER,FAILED_INVALIDPLAYERSOURCE,ADD Player ID 4430834 | DROP Player ID 4695404
16,2024-12-19 03:34,Ja'Marracle Whip Juggernauts,WAIVER,EXECUTED,ADD Player ID 16339 | DROP Player ID 4429275
16,2024-12-21 12:49,Injury Prone,WAIVER,CANCELED,ADD Player ID 3126486 | DROP Player ID 4038441
16,2024-12-19 03:34,Injury Prone,WAIVER,EXECUTED,ADD Player ID 4038441 | DROP Player ID 4430968
16,2024-12-19 07:20,Ja'Marracle Whip Juggernauts,FREEAGENT,EXECUTED,ADD Player ID 4429096 | DROP Player ID 4243331
16,2024-12-21 12:47,Below Mendoza Line,FREEAGENT,EXECUTED,ADD Player ID 4048244
16,2024-12-19 03:34,Sentinel Sea Stallions,WAIVER,EXECUTED,ADD Player ID 4430539 | DROP Player ID 4240472
16,2024-12-19 03:34,Multiple Scorgasms,WAIVER,FAILED_INVALIDPLAYERSOURCE,ADD Player ID 4430834
16,2024-12-19 03:34,Multiple Scorgasms,WAIVER,EXECUTED,ADD Player ID 4360939
16,2024-12-19 03:34,Bloodied Castaways,WAIVER,EXECUTED,ADD Player ID -16013 | DROP Player ID -16006
16,2024-12-19 03:34,Sentinel Sea Stallions,WAIVER,EXECUTED,ADD Player ID 4695883 | DROP Player ID 3929785
16,2024-12-21 13:20,Ja'Marracle Whip Juggernauts,WAIVER,PENDING,ADD Player ID -16001 | DROP Player ID 4429096
16,2024-12-21 13:25,Ja'Marracle Whip Juggernauts,WAIVER,CANCELED,ADD Player ID -16001 | DROP Player ID 4429096
16,2024-12-21 12:23,Sentinel Sea Stallions,FREEAGENT,EXECUTED,ADD Player ID 2576336 | DROP Player ID 4695404
16,2024-12-19 03:34,Bloodied Castaways,WAIVER,EXECUTED,ADD Player ID 4360423 | DROP Player ID 15864
16,2024-12-19 03:34,Multiple Scorgasms,WAIVER,EXECUTED,ADD Player ID 4361432
16,2024-12-19 03:34,Injury Prone,WAIVER,EXECUTED,ADD Player ID 4430834 | DROP Player ID 2976592
16,2024-12-21 12:19,Sentinel Sea Stallions,FREEAGENT,EXECUTED,ADD Player ID -16034 | DROP Player ID -16001
16,2024-12-17 21:17,Ja'Marracle Whip Juggernauts,WAIVER,PENDING,ADD Player ID 16339 | DROP Player ID 4429275
16,2024-12-21 03:08,Multiple Scorgasms,FREEAGENT,EXECUTED,ADD Player ID 4039358 | DROP Player ID 2976499
17,2024-12-27 14:22,Injury Prone,FREEAGENT,EXECUTED,ADD Player ID 4372505 | DROP Player ID 4242355
17,2024-12-26 12:34,Multiple Scorgasms,FREEAGENT,EXECUTED,ADD Player ID 4360635
17,2024-12-26 19:39,Multiple Scorgasms,FREEAGENT,EXECUTED,ADD Player ID 4040761
17,2024-12-27 23:28,Injury Prone,FREEAGENT,EXECUTED,ADD Player ID -16019 | DROP Player ID -16004
17,2024-12-26 03:23,Ja'Marracle Whip Juggernauts,WAIVER,FAILED_INVALIDPLAYERSOURCE,ADD Player ID 4240657 | DROP Player ID 2971573
17,2024-12-26 13:13,Moore Chubb for u to Love,FREEAGENT,EXECUTED,ADD Player ID -16003 | DROP Player ID -16022
17,2024-12-26 03:23,Bloodied Castaways,WAIVER,FAILED_INVALIDPLAYERSOURCE,ADD Player ID 3126486 | DROP Player ID 2577327
17,2024-12-28 04:03,Injury Prone,WAIVER,FAILED_INVALIDPLAYERSOURCE,ADD Player ID 4048244 | DROP Player ID 4429084
17,2024-12-28 20:21,Injury Prone,WAIVER,CANCELED,ADD Player ID 4360635 | DROP Player ID 4429084
17,2024-12-28 04:03,Multiple Scorgasms,WAIVER,EXECUTED,ADD Player ID 4048244
17,2024-12-24 18:00,Ja'Marracle Whip Juggernauts,WAIVER,PENDING,ADD Player ID 3126486 | DROP Player ID 4429096
17,2024-12-25 09:45,Ja'Marracle Whip Juggernauts,WAIVER,PENDING,ADD Player ID 4240657 | DROP Player ID 2971573
17,2024-12-26 20:23,Send'em Packin,FREEAGENT,EXECUTED,ADD Player ID 4431452
17,2024-12-26 03:23,Ja'Marracle Whip Juggernauts,WAIVER,FAILED_INVALIDPLAYERSOURCE,ADD Player ID -16015 | DROP Player ID 2971573
17,2024-12-26 03:23,Sentinel Sea Stallions,WAIVER,EXECUTED,ADD Player ID 3126486 | DROP Player ID 4372414
17,2024-12-29 12:47,Multiple Scorgasms,FREEAGENT,EXECUTED,ADD Player ID 3134353 | DROP Player ID 4048244
17,2024-12-26 09:19,Ja'Marracle Whip Juggernauts,FREEAGENT,EXECUTED,ADD Player ID 4567104
17,2024-12-24 19:15,Ja'Marracle Whip Juggernauts,WAIVER,PENDING,ADD Player ID 4567104 | DROP Player ID 2971573
17,2024-12-26 03:23,Below Mendoza Line,WAIVER,EXECUTED,ADD Player ID -16015 | DROP Player ID 4048244
17,2024-12-28 11:07,NickCannonFanClub,FREEAGENT,EXECUTED,ADD Player ID 4685720 | DROP Player ID 14880
17,2024-12-26 03:23,Ja'Marracle Whip Juggernauts,WAIVER,EXECUTED,ADD Player ID 4240657 | DROP Player ID 4429096
17,2024-12-26 09:27,Ja'Marracle Whip Juggernauts,FREEAGENT,EXECUTED,ADD Player ID 4429275 | DROP Player ID 16339
17,2024-12-25 09:41,Ja'Marracle Whip Juggernauts,WAIVER,PENDING,ADD Player ID -16015 | DROP Player ID 2971573
17,2024-12-26 03:23,Ja'Marracle Whip Juggernauts,WAIVER,FAILED_INVALIDPLAYERSOURCE,ADD Player ID 3126486 | DROP Player ID 4429096
17,2024-12-26 03:23,Send'em Packin,WAIVER,FAILED_INVALIDPLAYERSOURCE,ADD Player ID 4429084 | DROP Player ID 2969939
17,2024-12-26 03:23,Bloodied Castaways,WAIVER,FAILED_INVALIDPLAYERSOURCE,ADD Player ID -16015 | DROP Player ID -16013
17,2024-12-28 17:55,Window is Always Open,FREEAGENT,EXECUTED,ADD Player ID 3116407 | DROP Player ID 4241479
17,2024-12-26 03:23,Injury Prone,WAIVER,FAILED_INVALIDPLAYERSOURCE,ADD Player ID -16015 | DROP Player ID -16004
17,2024-12-26 03:23,Sentinel Sea Stallions,WAIVER,FAILED_ROSTERLOCK,ADD Player ID -16001 | DROP Player ID -16034
17,2024-12-24 18:01,Ja'Marracle Whip Juggernauts,WAIVER,PENDING,ADD Player ID 4240657 | DROP Player ID 4429096
17,2024-12-26 03:23,Multiple Scorgasms,WAIVER,FAILED_INVALIDPLAYERSOURCE,ADD Player ID 3126486
17,2024-12-26 03:23,Injury Prone,WAIVER,EXECUTED,ADD Player ID 4429084
17,2024-12-28 12:18,Multiple Scorgasms,FREEAGENT,EXECUTED,ADD Player ID 2976499 | DROP Player ID 4360635
17,2024-12-27 07:14,Bloodied Castaways,FREEAGENT,EXECUTED,ADD Player ID 4429022
17,2024-12-26 03:23,Ja'Marracle Whip Juggernauts,WAIVER,FAILED_ROSTERLOCK,ADD Player ID 4567104 | DROP Player ID 2971573
17,2024-12-25 14:40,Injury Prone,WAIVER,CANCELED,ADD Player ID 3126486 | DROP Player ID 4688813
17,2024-12-26 03:23,Sentinel Sea Stallions,WAIVER,FAILED_INVALIDPLAYERSOURCE,ADD Player ID -16015 | DROP Player ID 2985659
17,2024-12-26 13:12,Moore Chubb for u to Love,FREEAGENT,EXECUTED,ADD Player ID 4566192 | DROP Player ID 3049899
18,2025-01-05 12:55,Multiple Scorgasms,FREEAGENT,EXECUTED,ADD Player ID 4258595
18,2025-01-05 12:54,Multiple Scorgasms,FREEAGENT,EXECUTED,ADD Player ID -16006
18,2025-01-02 06:53,Bloodied Castaways,FREEAGENT,EXECUTED,ADD Player ID 4360294 | DROP Player ID 2577327
18,2025-01-04 08:52,Bloodied Castaways,FREEAGENT,EXECUTED,ADD Player ID 4240657
18,2025-01-02 04:08,Bloodied Castaways,WAIVER,FAILED_INVALIDPLAYERSOURCE,ADD Player ID 3059915
18,2025-01-05 12:56,Multiple Scorgasms,FREEAGENT,EXECUTED,ADD Player ID 15683 | DROP Player ID 3134353
18,2025-01-02 04:08,Send'em Packin,WAIVER,EXECUTED,ADD Player ID 3059915 | DROP Player ID 4366031
