espn_id,player,pos,team,bye,value,owned_pct,flags,screen,snap_pct,w1_targets,tgt_share,form_sig,status
4430539,Brenton Strange,TE,JAX,7.0,-27.371830979999984,22.5,,,68.0,3,14.3,0,ACTIVE
3929645,Juwan Johnson,TE,NO,8.0,-28.40709093999999,51.6,,,84.0,7,13.5,1,ACTIVE
4361411,Pat Freiermuth,TE,PIT,9.0,-33.907596969999986,14.6,,,73.0,5,13.5,0,ACTIVE
3917792,Daniel Jones,QB,IND,13.0,-35.47742533999997,34.7,Discount,,100.0,0,0.0,,ACTIVE
3117256,Dalton Schultz,TE,HOU,8.0,-36.83206137999999,19.6,workload 2 of 3 (targets 8 · share 22),,66.0,8,21.6,2,ACTIVE
4366031,Tank Dell,WR,HOU,8.0,-38.43050412999999,32.5,Avoid,,,,,,INJURY_RESERVE
4428557,Tyjae Spears,RB,TEN,9.0,-38.92532351,55.3,"unsettled job, worth 171 · back signals 3 of 3 · targets 12.0% TOP",,50.0,4,14.3,,ACTIVE
4686728,Gunnar Helm,TE,TEN,9.0,-42.19678529,5.5,,,76.0,5,17.9,0,ACTIVE
4367209,Greg Dulcich,TE,MIA,6.0,-47.02197279999999,3.3,,,77.0,2,7.4,0,ACTIVE
2576925,Darren Waller,TE,CAR,5.0,-47.21503456999999,3.6,,,35.0,2,5.9,0,ACTIVE
4576297,AJ Barner,TE,SEA,11.0,-48.89542572999999,6.8,,,88.0,2,8.3,1,ACTIVE
4428718,Tre Tucker,WR,LV,13.0,-49.77459212,31.8,,,71.0,4,13.8,0,ACTIVE
3925357,Calvin Ridley,WR,TEN,9.0,-49.84679098999999,22.3,,,,,,,ACTIVE
4241463,Jerry Jeudy,WR,CLE,11.0,-50.88593674999999,26.2,,,63.0,4,18.2,0,ACTIVE
3912547,Sam Darnold,QB,SEA,11.0,-51.33437046,25.7,,,10.0,0,0.0,,DOUBTFUL
4432577,C.J. Stroud,QB,HOU,8.0,-52.22853566999999,25.6,,,100.0,0,0.0,,ACTIVE
4430834,Jalen McMillan,WR,TB,10.0,-54.28051797999999,31.4,Discount · pedigree screen 3 of 3,pedigree screen 3 of 3,,,,,QUESTIONABLE
3123076,David Njoku,TE,LAC,7.0,-55.88890609999999,4.8,,,55.0,5,18.5,0,ACTIVE
3051876,Evan Engram,TE,DEN,10.0,-57.33364301999998,3.0,,,63.0,5,18.5,0,ACTIVE
4597500,Adonai Mitchell,WR,NYJ,13.0,-57.62490838,15.4,,,69.0,3,13.0,0,ACTIVE
4360939,Rashod Bateman,WR,BAL,13.0,-59.88293524999999,8.7,,,78.0,1,4.2,0,ACTIVE
4243331,Cade Otton,TE,TB,10.0,-60.47016891999999,2.7,,,98.0,5,18.5,1,ACTIVE
4382466,Jalen Nailor,WR,LV,13.0,-61.49200586999999,12.9,,,60.0,5,17.2,0,ACTIVE
4569559,Devaughn Vele,WR,NO,8.0,-64.52213024999999,13.1,workload 2 of 3 (targets 9 · 91% of snaps),,91.0,9,17.3,2,ACTIVE
15864,Geno Smith,QB,NYJ,13.0,-68.68625851000002,3.9,,,100.0,0,0.0,,ACTIVE
4869645,Caleb Douglas,WR,MIA,6.0,-70.10103429999998,15.6,workload 2 of 3 (91% of snaps · share 26),,91.0,7,25.9,2,ACTIVE
4569603,Malik Washington,WR,MIA,6.0,-70.28173408999999,7.7,workload 3 of 3 (targets 8 · 98% of snaps · share 30),,98.0,8,29.6,3,ACTIVE
3116164,Mike Gesicki,TE,CIN,6.0,-70.58533795999999,1.6,,,33.0,7,20.6,1,ACTIVE
4586312,Jaylin Noel,WR,HOU,8.0,-71.93683662999999,7.8,,,30.0,2,5.4,0,ACTIVE
3886598,Jauan Jennings,WR,MIN,6.0,-72.18021418999999,7.8,,,48.0,1,4.3,0,ACTIVE
4685261,Germie Bernard,WR,PIT,9.0,-74.96303930999998,5.5,,,,,,,ACTIVE
4428850,Dontayvion Wicks,WR,PHI,10.0,-75.10016759999999,10.2,,,91.0,4,18.2,1,ACTIVE
4242512,Malik Willis,QB,MIA,6.0,-76.45184021,20.8,,,100.0,0,0.0,,ACTIVE
3116389,Samaje Perine,RB,CIN,6.0,-77.51740350000001,11.9,"contested job, worth 239",,28.0,3,8.8,,ACTIVE
4595342,Oronde Gadsden,TE,LAC,7.0,-78.17125854999999,2.5,,,18.0,2,7.4,0,ACTIVE
4870847,Ja'Kobi Lane,WR,BAL,13.0,-78.85340693999999,16.9,,,40.0,3,12.5,0,DOUBTFUL
4242557,Colby Parkinson,TE,LAR,11.0,-78.95715410999999,1.1,,,77.0,2,7.4,0,ACTIVE
4241474,Brian Robinson Jr.,RB,ATL,11.0,-79.02736004,25.6,"lead back job, worth 315 · back signals 2 of 3 · targets 2.3% BOTTOM",,25.0,0,0.0,,ACTIVE
2977187,Cooper Kupp,WR,SEA,11.0,-80.96070713999998,11.3,,,78.0,3,12.5,0,ACTIVE
8439,Aaron Rodgers,QB,PIT,9.0,-82.31482068999998,7.4,,,100.0,0,0.0,,ACTIVE
4430802,Darnell Washington,TE,PIT,9.0,-83.30081847,1.4,,,64.0,2,5.4,0,ACTIVE
3930086,Dawson Knox,TE,BUF,7.0,-84.58461849999999,0.9,,,67.0,1,3.6,0,ACTIVE
4596334,Keaton Mitchell,RB,LAC,7.0,-84.74973334,21.1,"lead back job, worth 236",,31.0,0,0.0,,ACTIVE
4430034,Xavier Legette,WR,CAR,5.0,-87.40275894999999,1.9,,,53.0,2,5.9,0,ACTIVE
4361409,Jahan Dotson,WR,ATL,11.0,-88.36684349,1.1,,,63.0,3,15.8,0,ACTIVE
4688380,Cam Ward,QB,TEN,9.0,-88.91325003999998,8.9,,,100.0,0,0.0,,ACTIVE
4808766,Mason Taylor,TE,NYJ,13.0,-89.76747585999999,0.5,,,66.0,3,13.0,0,ACTIVE
3916945,Darius Slayton,WR,NYG,8.0,-90.57631473,0.6,,,,,,,ACTIVE
4686612,Tre' Harris,WR,LAC,7.0,-90.9390006,3.9,,,75.0,6,22.2,1,ACTIVE
5083754,Ryan Flournoy,WR,DAL,14.0,-91.11595830999998,3.9,,,71.0,4,13.3,0,ACTIVE
4429022,Kayshon Boutte,WR,HOU,8.0,-91.21296992,15.7,moved to HOU since the board,,46.0,2,5.4,0,ACTIVE
4429148,Theo Johnson,TE,NYG,8.0,-91.23833839,0.4,,,46.0,1,3.4,0,ACTIVE
4678006,Elijah Arroyo,TE,SEA,11.0,-91.73518056999998,0.4,,,,,,,ACTIVE
4240472,Noah Gray,TE,KC,5.0,-92.53095756,0.3,,,55.0,1,4.0,0,ACTIVE
4427834,Erick All Jr.,TE,CIN,6.0,-92.75294702,0.2,,,,,,,ACTIVE
3915411,Ty Johnson,RB,BUF,7.0,-94.66152221,1.7,"lead back job, worth 262",,,,,,QUESTIONABLE
4249417,Jalen Tolbert,WR,MIA,6.0,-94.87324166,0.8,,,,,,,ACTIVE
5081397,Dylan Sampson,RB,CLE,11.0,-96.48790223,17.9,"contested job, worth 211",,0.0,0,0.0,,INJURY_RESERVE
4870612,Zachariah Branch,WR,ATL,11.0,-96.74068794,4.2,,,30.0,0,0.0,0,ACTIVE
4258595,Cole Kmet,TE,CHI,10.0,-97.54310364,0.9,,,57.0,3,11.5,0,ACTIVE
4362921,Tyquan Thornton,WR,KC,5.0,-97.97982849,0.9,,,68.0,1,4.0,0,ACTIVE
5081432,Antonio Williams,WR,WSH,7.0,-98.68551525,1.9,,,37.0,4,13.8,0,ACTIVE
4362619,Chris Rodriguez Jr.,RB,JAX,7.0,-99.22392442,30.5,"contested job, worth 189 · back signals 0 of 3 · targets 1.3% BOTTOM",,40.0,0,0.0,,ACTIVE
4635008,Keon Coleman,WR,BUF,7.0,-100.32684009,1.9,,,50.0,1,3.6,0,ACTIVE
5123663,Isaac TeSlaa,WR,DET,6.0,-102.58187733999998,2.8,,,68.0,1,2.6,0,ACTIVE
4600981,Pat Bryant,WR,DEN,10.0,-104.91479164,1.9,pedigree screen 3 of 3,pedigree screen 3 of 3,59.0,6,22.2,1,ACTIVE
4686472,Marvin Mims Jr.,WR,DEN,10.0,-105.70524342,0.8,,,18.0,0,0.0,0,ACTIVE
3676833,KaVontae Turpin,WR,DAL,14.0,-105.83166315,1.7,,,14.0,1,3.3,0,ACTIVE
4372780,Tommy Tremble,TE,CAR,5.0,-105.88937087,0.1,,,56.0,5,14.7,0,ACTIVE
4429013,Tank Bigsby,RB,PHI,10.0,-106.25854494,18.6,"lead back job, worth 252",,11.0,0,0.0,,ACTIVE
3043275,Austin Hooper,TE,ATL,11.0,-107.13577082999998,0.1,,,,,,,ACTIVE
4431588,Ja'Tavion Sanders,TE,CAR,5.0,-107.75752312999998,0.2,,,,,,,ACTIVE
4426844,Elijah Higgins,TE,ARI,14.0,-107.78671624,0.1,,,,,,,ACTIVE
4723820,Omar Cooper Jr.,WR,NYJ,13.0,-108.83597437,5.0,first-round rookie,first-round rookie,7.0,1,4.3,0,QUESTIONABLE
4597703,Tory Horton,WR,SEA,11.0,-108.86786069,0.6,,,,,,,QUESTIONABLE
4880236,Will Kacmarek,TE,MIA,6.0,-109.40877641,0.1,,,25.0,1,3.7,0,ACTIVE
4686422,Xavier Hutchinson,WR,HOU,8.0,-109.67031577,0.8,,,56.0,6,16.2,0,ACTIVE
2573401,Tyler Higbee,TE,LAR,11.0,-109.84658138,0.4,,,20.0,2,7.4,0,ACTIVE
4360516,Tyrone Tracy Jr.,RB,NYG,8.0,-109.97639082,5.7,"contested job, worth 205",,3.0,0,0.0,,ACTIVE
5220680,Ted Hurst III,WR,TB,10.0,-110.00539611,0.9,,,75.0,3,11.1,0,ACTIVE
3127310,Drew Sample,TE,CIN,6.0,-110.1386964,0.1,,,66.0,3,8.8,0,ACTIVE
3921690,Josh Oliver,TE,MIN,6.0,-110.21517755,0.1,,,65.0,4,17.4,0,ACTIVE
4040655,Darnell Mooney,WR,NYG,8.0,-110.50718118999998,1.9,,,57.0,2,6.9,0,ACTIVE
4831959,Eli Raridon,TE,NE,11.0,-111.03923548,0.2,,,54.0,1,3.2,0,ACTIVE
4241263,Charlie Kolar,TE,LAC,7.0,-111.43846373,0.2,,,55.0,0,0.0,0,ACTIVE
4603186,Jack Bech,WR,LV,13.0,-111.47814757999998,0.8,,,40.0,4,13.8,0,ACTIVE
4696044,Kaelon Black,RB,SF,8.0,-112.14827447000002,15.5,"lead back job, worth 302",,43.0,1,2.9,,ACTIVE
4362478,Emari Demercado,RB,DAL,14.0,-112.66510151,1.8,moved to DAL since the board,,9.0,0,0.0,,ACTIVE
4036131,Noah Fant,TE,NO,8.0,-112.66899331,0.1,,,41.0,8,15.4,1,ACTIVE
4048228,John Bates,TE,WSH,7.0,-112.77408488,0.0,,,49.0,3,10.3,0,ACTIVE
4431487,Savion Williams,WR,GB,11.0,-113.20625690999998,0.2,,,,,,,INJURY_RESERVE
2578570,Jacoby Brissett,QB,ARI,14.0,-113.24595476,5.0,,,100.0,0,0.0,,ACTIVE
4426496,Cade Stover,TE,HOU,8.0,-113.26495765,0.1,,,30.0,1,2.7,0,ACTIVE
4427095,DeMario Douglas,WR,NE,11.0,-113.42750997,1.1,,,62.0,7,22.6,1,ACTIVE
4259147,Jake Tonges,TE,SF,8.0,-114.07358066,1.1,,,,,,,QUESTIONABLE
4682648,Malachi Fields,WR,NYG,8.0,-115.14963977,10.6,,,72.0,4,13.8,0,ACTIVE
4368003,Andrei Iosivas,WR,CIN,6.0,-115.64147117,0.5,,,61.0,3,8.8,0,ACTIVE
4431574,Eli Stowers,TE,PHI,10.0,-116.67720918,0.4,,,,,,,INJURY_RESERVE
3911853,Adam Trautman,TE,DEN,10.0,-117.33918654,0.1,,,37.0,3,11.1,0,ACTIVE
4360797,Tutu Atwell,WR,LAR,11.0,-117.39618839,0.3,moved to LAR since the board,,,,,,ACTIVE
4685279,Jaydon Blue,RB,DAL,14.0,-118.02620659000002,0.6,"lead back job, worth 241",,,,,,ACTIVE
2998565,Mo Alie-Cox,TE,IND,13.0,-118.07145062,0.1,,,,,,,ACTIVE
4372096,Luke Schoonmaker,TE,DAL,14.0,-118.31018465,0.1,,,22.0,1,3.3,0,ACTIVE
4573699,Jackson Hawes,TE,BUF,7.0,-118.41364481,0.1,,,,,,,ACTIVE
4690923,Ben Sinnott,TE,WSH,7.0,-119.21641319,0.1,,,,,,,ACTIVE
4361516,Daniel Bellinger,TE,TEN,9.0,-119.87014356,0.0,,,28.0,1,3.6,0,ACTIVE
4361372,Jeremy Ruckert,TE,NYJ,13.0,-121.16277829,0.0,,,43.0,1,4.3,0,ACTIVE
4431280,Troy Franklin,WR,DEN,10.0,-121.29372440999998,1.1,,,33.0,1,3.7,0,ACTIVE
3052897,Durham Smythe,TE,BAL,13.0,-121.62298180999998,0.1,,,62.0,1,4.2,0,ACTIVE
4695404,Isaiah Davis,RB,NYJ,13.0,-124.04398831,0.7,"lead back job, worth 248",,,,,,ACTIVE
4361577,Dyami Brown,WR,WSH,7.0,-124.51065448,0.1,,,53.0,2,6.9,0,ACTIVE
3045523,Kendrick Bourne,WR,ARI,14.0,-124.64031985,0.2,workload 2 of 3 (targets 8 · share 22),,67.0,8,21.6,2,ACTIVE
5150247,Malik Benson,WR,LV,13.0,-124.93449235999998,0.1,,,10.0,2,6.9,0,ACTIVE
3843945,Foster Moreau,TE,HOU,8.0,-125.07492842,0.0,,,44.0,2,5.4,0,ACTIVE
2973405,Kalif Raymond,WR,CHI,10.0,-125.16496254,0.3,workload 2 of 3 (targets 9 · share 35),,60.0,9,34.6,2,ACTIVE
4242392,Brock Wright,TE,DET,6.0,-125.57237254,0.1,,,51.0,1,2.6,0,ACTIVE
4686248,Nate Boerkircher,TE,JAX,7.0,-125.73357366999998,0.1,,,67.0,1,4.8,0,ACTIVE
4837248,Fernando Mendoza,QB,LV,13.0,-126.04911214999998,7.8,,,,,,,ACTIVE
4567156,Treylon Burks,WR,WSH,7.0,-126.10287868,0.1,,,,,,,ACTIVE
4702559,Oscar Delp,TE,NO,8.0,-126.15949477,0.1,,,,,,,QUESTIONABLE
4569371,Isaiah Williams,WR,NYJ,13.0,-126.1797746,0.1,,,60.0,1,4.3,0,ACTIVE
4832955,Emmett Johnson,RB,KC,5.0,-126.21939468,6.6,,,36.0,2,8.0,,ACTIVE
4696882,Devontez Walker,WR,BAL,13.0,-126.82980351,0.1,,,,,,,QUESTIONABLE
4242433,Joshua Palmer,WR,BUF,7.0,-127.22055945,0.2,,,,,,,ACTIVE
4912218,Cyrus Allen,WR,KC,5.0,-127.65157983,3.8,,,1.0,1,4.0,0,ACTIVE
4428085,Luke Musgrave,TE,GB,11.0,-127.82103512,0.1,,,,,,,OUT
4682745,Jaylen Wright,RB,MIA,6.0,-128.91738693000002,2.6,"lead back job, worth 261",,7.0,0,0.0,,ACTIVE
4431268,Chimere Dike,WR,TEN,9.0,-129.42674345999998,1.2,,,8.0,1,3.6,0,ACTIVE
5092508,Colbie Young,WR,CIN,6.0,-130.97387719,0.1,,,,,,,ACTIVE
4429835,George Holani,RB,SEA,11.0,-131.14353571,4.1,"unsettled job, worth 180",,46.0,1,4.2,,ACTIVE
4879276,Bryce Lance,WR,NO,8.0,-131.57692175,0.2,,,69.0,4,7.7,0,ACTIVE
4833029,Max Klare,TE,LAR,11.0,-132.36022991,0.1,,,,,,,ACTIVE
4602667,Jaylin Lane,WR,WSH,7.0,-132.43369922,0.1,,,26.0,1,3.4,0,ACTIVE
4040612,Luke Farrell,TE,SF,8.0,-132.44484849999998,0.0,,,71.0,2,5.9,0,ACTIVE
4430871,Sean Tucker,RB,TB,10.0,-132.66480164,0.7,"unsettled job, worth 189",,,,,,QUESTIONABLE
4912052,Justin Joly,TE,MIA,6.0,-132.71733279999998,0.1,moved to MIA since the board,,,,,,ACTIVE
4360967,Brevyn Spann-Ford,TE,DAL,14.0,-132.75230406,0.1,,,22.0,2,6.7,0,ACTIVE
3895856,Christian Kirk,WR,SF,8.0,-132.80219347,0.6,,,,,,,INJURY_RESERVE
4911851,LeQuint Allen Jr.,RB,JAX,7.0,-133.01299826000002,0.5,"contested job, worth 189",,,,,,ACTIVE
3915486,Tyler Conklin,TE,DET,6.0,-133.19240281999998,0.1,,,,,,,ACTIVE
4360086,Josh Whyle,TE,GB,11.0,-133.31744035999998,0.0,,,,,,,QUESTIONABLE
4432260,Matthew Hibner,TE,BAL,13.0,-133.32431413999998,0.1,,,34.0,1,4.2,0,ACTIVE
4876132,Josh Cuevas,TE,BAL,13.0,-133.32431413999998,0.0,,,,,,,ACTIVE
4695705,Marlin Klein,TE,HOU,8.0,-133.37714914,0.1,,,11.0,1,2.7,0,ACTIVE
2975863,Eric Saubert,TE,SEA,11.0,-133.3822381,0.0,,,20.0,0,0.0,0,ACTIVE
4685504,Sam Roush,TE,CHI,10.0,-133.4205494,0.1,,,,,,,ACTIVE
4869748,Zavion Thomas,WR,CHI,10.0,-133.60131543,1.2,,,,,,,ACTIVE
3052096,Johnny Mundt,TE,PHI,10.0,-133.79467552999998,0.0,,,,,,,ACTIVE
16002,Kyle Juszczyk,RB,SF,8.0,-133.88409037000002,0.4,,,,,,,ACTIVE
4429501,Ray Davis,RB,BUF,7.0,-134.34779131,9.6,"lead back job, worth 262",,9.0,0,0.0,,ACTIVE
5088338,Elijah Sarratt,WR,BAL,13.0,-135.49461528999998,0.2,,,,,,,ACTIVE
4711533,Ollie Gordon II,RB,MIA,6.0,-135.64268144000002,1.4,"lead back job, worth 261",,,,,,ACTIVE
4241372,Hollywood Brown,WR,PHI,10.0,-135.99837509,0.5,,,,,,,ACTIVE
4430968,Kimani Vidal,RB,LAC,7.0,-136.16319270000002,3.0,"lead back job, worth 236",,,,,,ACTIVE
4874509,DJ Giddens,RB,IND,13.0,-136.79750374,0.4,"lead back job, worth 291",,,,,,ACTIVE
4685307,Kevin Coleman Jr.,WR,MIA,6.0,-137.41369263,0.2,,,29.0,2,7.4,0,ACTIVE
4569382,Jordan Whittington,WR,LAR,11.0,-137.51940226,0.1,,,41.0,1,3.7,0,ACTIVE
4808839,Isaiah Bond,WR,CLE,11.0,-137.93582553,0.1,,,,,,,ACTIVE
3917914,Olamide Zaccheaus,WR,ATL,11.0,-138.37856341,0.1,,,30.0,1,5.3,0,ACTIVE
3149687,Chris Brooks,RB,GB,11.0,-138.47784441000002,11.4,"unsettled job, worth 241",,56.0,1,2.5,,ACTIVE
4061956,Ashton Dulin,WR,IND,13.0,-138.66462475999998,0.3,,,19.0,1,3.4,0,ACTIVE
4710855,Konata Mumpfield,WR,LAR,11.0,-139.24225563,0.1,,,26.0,1,3.7,0,ACTIVE
4683153,Skyler Bell,WR,BUF,7.0,-140.10910524,0.6,,,,,,,ACTIVE
4362018,Blake Whiteheart,TE,CLE,11.0,-140.29488417,0.0,,,39.0,1,4.5,0,ACTIVE
4431492,Roman Wilson,WR,PIT,9.0,-140.56787146,0.1,,,55.0,6,16.2,0,ACTIVE
4685553,Brenen Thompson,WR,LAC,7.0,-140.78787193,0.1,,,,,,,ACTIVE
2991662,Mack Hollins,WR,NE,11.0,-140.85869455,0.4,,,70.0,5,16.1,0,ACTIVE
4685397,Jordan James,RB,SF,8.0,-141.41669932000002,2.0,"lead back job, worth 302",,,,,,ACTIVE
4431562,Phil Mafah,RB,DAL,14.0,-142.5707853,0.0,"lead back job, worth 241",,,,,,ACTIVE
4883647,Elic Ayomanor,WR,TEN,9.0,-144.02735959999998,0.1,,,52.0,3,10.7,0,ACTIVE
16733,Odell Beckham Jr.,WR,NYG,8.0,-144.04990339,4.4,,,,,,,ACTIVE
4613202,Kyle Williams,WR,NE,11.0,-144.18279955999998,0.3,,,17.0,0,0.0,0,ACTIVE
4608810,Tez Johnson,WR,TB,10.0,-145.30853994999998,0.2,,,23.0,1,3.7,0,ACTIVE
4685526,Adam Randall,RB,BAL,13.0,-145.31895607,0.5,,,,,,,INJURY_RESERVE
4708486,Jimmy Horn Jr.,WR,CAR,5.0,-145.64712451999998,0.1,,,21.0,1,2.9,0,ACTIVE
4431545,Will Shipley,RB,PHI,10.0,-146.20203128,0.6,"lead back job, worth 252",,18.0,1,4.5,,ACTIVE
4383396,Hunter Luepke,RB,DAL,14.0,-147.83702996,0.1,,,26.0,0,0.0,,ACTIVE
4426948,Luke McCaffrey,WR,WSH,7.0,-148.42714949999998,0.3,,,,,,,ACTIVE
5082630,Jalen Royals,WR,KC,5.0,-148.59229652,0.1,,,0.0,0,0.0,0,ACTIVE
4430870,KeAndre Lambert-Smith,WR,LAC,7.0,-148.60980967999998,0.1,,,,,,,INJURY_RESERVE
3929785,Nick Westbrook-Ikhine,WR,IND,13.0,-149.32552178999998,0.0,,,,,,,ACTIVE
4037235,Greg Dortch,WR,BUF,7.0,-149.58235736999998,0.0,moved to BUF since the board,,0.0,0,0.0,0,ACTIVE
4429299,Tahj Brooks,RB,CIN,6.0,-150.1966734,0.3,"contested job, worth 239",,3.0,0,0.0,,ACTIVE
4432775,Dont'e Thornton Jr.,WR,LV,13.0,-150.50203172,0.1,,,,,,,INJURY_RESERVE
4243389,Calvin Austin III,WR,NYG,8.0,-150.56523031999998,0.1,,,,,,,INJURY_RESERVE
4685555,Nicholas Singleton,RB,TEN,9.0,-150.92388644000002,1.3,"unsettled job, worth 171",,,,,,ACTIVE
4698597,Barion Brown,WR,NO,8.0,-152.63625173,0.2,,,8.0,0,0.0,0,ACTIVE
4259305,Bo Melton,WR,GB,11.0,-153.30569154,0.1,,,12.0,1,2.5,0,ACTIVE
4599739,Kendre Miller,RB,NO,8.0,-153.48555699000002,0.9,"contested job, worth 224",,29.0,0,0.0,,ACTIVE
4386544,Xavier Smith,WR,LAR,11.0,-153.76251707999998,0.1,,,26.0,0,0.0,0,ACTIVE
4685350,Trevor Etienne,RB,CAR,5.0,-153.91897802,0.3,"unsettled job, worth 161",,,,,,INJURY_RESERVE
4832846,Demond Claiborne,RB,MIN,6.0,-154.07639526,0.6,,,,,,,ACTIVE
4241476,Tyrell Shavers,WR,BUF,7.0,-154.5865129,0.0,,,,,,,OUT
4613104,Malachi Corley,WR,CLE,11.0,-154.86033195,0.0,,,0.0,0,0.0,0,ACTIVE
4685246,Kaytron Allen,RB,WSH,7.0,-154.87556579,0.9,"unsettled job, worth 151",,10.0,0,0.0,,ACTIVE
4686468,Seth McGowan,RB,IND,13.0,-155.04081039000002,0.9,"lead back job, worth 291",,11.0,1,3.4,,ACTIVE
4605951,CJ Daniels,WR,LAR,11.0,-155.61427060999998,0.1,,,,,,,ACTIVE
3043116,Demarcus Robinson,WR,SF,8.0,-155.67895432999998,0.1,,,63.0,3,8.8,0,ACTIVE
3917668,Alec Ingold,RB,LAC,7.0,-156.17617625,0.0,,,,,,,ACTIVE
4565185,Tai Felton,WR,MIN,6.0,-156.38742234999998,0.1,,,,,,,ACTIVE
5160110,Jahdae Walker,WR,CHI,10.0,-156.46246343,0.1,,,45.0,1,3.8,0,ACTIVE
4426485,Jonathan Mingo,WR,DAL,14.0,-156.59780870999998,0.1,,,19.0,1,3.3,0,ACTIVE
4715355,Darius Cooper,WR,PHI,10.0,-156.66374309,0.1,,,15.0,0,0.0,0,ACTIVE
4869132,Reggie Virgil,WR,ARI,14.0,-157.13085970999998,0.0,,,,,,,ACTIVE
4369863,Cedric Tillman,WR,CLE,11.0,-157.68847333999997,0.0,,,,,,,QUESTIONABLE
4887558,Emanuel Wilson,RB,SEA,11.0,-159.35380306000002,0.5,,,6.0,0,0.0,,ACTIVE
5081338,Kaden Wetjen,WR,PIT,9.0,-159.45744158,0.1,,,0.0,0,0.0,0,ACTIVE
5097554,Kameron Johnson,WR,TB,10.0,-159.93990354,0.1,,,9.0,0,0.0,0,ACTIVE
3929914,Adam Prentice,RB,DEN,10.0,-160.1485666,0.0,,,,,,,ACTIVE
4241961,Connor Heyward,RB,LV,13.0,-160.31248722,0.0,,,,,,,ACTIVE
4035656,Ben Skowronek,WR,PIT,9.0,-160.54584036999998,0.1,,,,,,,ACTIVE
2515270,Michael Burton,RB,CLE,11.0,-160.62478133000002,0.0,,,,,,,ACTIVE
3123075,Braxton Berrios,WR,NYG,8.0,-161.05088607,0.1,,,17.0,0,0.0,0,ACTIVE
4878695,Max Bredeson,RB,MIN,6.0,-161.22499905,0.0,,,,,,,ACTIVE
4430656,Myles Price,WR,MIN,6.0,-161.58946289,0.1,,,5.0,0,0.0,0,ACTIVE
4690143,LaJohntay Wester,WR,BAL,13.0,-161.67088704999998,0.1,,,29.0,2,8.3,0,ACTIVE
4429939,Jawhar Jordan,RB,HOU,8.0,-161.69145522,0.1,"contested job, worth 184",,,,,,ACTIVE
4372716,Nikko Remigio,WR,KC,5.0,-162.11068755,0.0,,,0.0,0,0.0,0,ACTIVE
3125107,Andrew Beck,RB,NYJ,13.0,-162.26067809,0.0,,,,,,,ACTIVE
4570738,Ke'Shawn Williams,WR,CIN,6.0,-162.55262259999998,0.1,,,,,,,ACTIVE
4693370,Riley Nowakowski,RB,PIT,9.0,-162.60912035,0.1,,,,,,,ACTIVE
4039505,Reggie Gilliam,RB,NE,11.0,-162.69210334000002,0.1,,,,,,,ACTIVE
4039050,Devin Duvernay,WR,ARI,14.0,-162.73706836999995,0.0,,,0.0,0,0.0,0,ACTIVE
4695193,Efton Chism III,WR,NE,11.0,-163.00507095999998,0.1,,,,,,,ACTIVE
4430191,Skyy Moore,WR,GB,11.0,-163.14227133999998,0.1,,,6.0,1,2.5,0,ACTIVE
2975417,Patrick Ricard,RB,NYG,8.0,-163.15914654,0.1,,,54.0,1,3.4,,ACTIVE
4879194,Josh Cameron,WR,JAX,7.0,-163.20338092,0.0,,,33.0,2,9.5,0,ACTIVE
4428209,Ricky Pearsall,WR,SF,8.0,-163.53957357,2.7,pedigree screen 3 of 3,pedigree screen 3 of 3,,,,,INJURY_RESERVE
4819231,Kaleb Johnson,RB,GB,11.0,-163.74218631000002,5.8,moved to GB since the board,,0.0,0,0.0,,ACTIVE
4373273,British Brooks,RB,HOU,8.0,-166.21304107,0.0,,,,,,,ACTIVE
4035537,Kene Nwangwu,RB,NYJ,13.0,-166.30332682,0.1,,,,,,,QUESTIONABLE
4372561,Isaac Guerendo,RB,SF,8.0,-167.54381768000002,0.2,,,,,,,OUT
4596602,Brashard Smith,RB,KC,5.0,-167.60228374000002,0.9,"lead back job, worth 249",,,,,,ACTIVE
4427728,Bam Knight,RB,ARI,14.0,-167.77074227,0.2,,,,,,,ACTIVE
4366963,Dylan Laube,RB,LV,13.0,-167.92311412,0.2,"lead back job, worth 247",,15.0,0,0.0,,ACTIVE
4690013,Rasheen Ali,RB,BAL,13.0,-168.09341588,0.2,"lead back job, worth 267",,0.0,0,0.0,,ACTIVE
4362748,Tyler Badie,RB,DEN,10.0,-168.23564648,0.2,,,,,,,ACTIVE
4383429,Jacob Saylors,RB,DET,6.0,-168.25742302,2.6,,,0.0,0,0.0,,ACTIVE
4568024,Josh Williams,RB,TB,10.0,-168.47965435,0.1,,,0.0,0,0.0,,ACTIVE
3045147,James Conner,RB,ARI,14.0,-168.58885584,2.7,"lead back job, worth 244",,,,,,INJURY_RESERVE
4240603,Malik Davis,RB,DAL,14.0,-168.58885584,1.9,,,,,,,INJURY_RESERVE
4040761,Devin Singletary,RB,NYG,8.0,-168.58885584,0.4,"contested job, worth 205",,36.0,4,13.8,,ACTIVE
4429275,Trey Benson,RB,ARI,14.0,-168.58885584,0.2,,,,,,,INJURY_RESERVE
4372019,Jerome Ford,RB,WSH,7.0,-168.58885584,0.0,"unsettled job, worth 151",,,,,,ACTIVE
3122840,Deshaun Watson,QB,CLE,11.0,-201.24311223,1.9,,,100.0,0,0.0,,ACTIVE
4241479,Tua Tagovailoa,QB,ATL,11.0,-206.04444007,1.6,,,,,,,QUESTIONABLE
4360423,Michael Penix Jr.,QB,ATL,11.0,-209.34050352,1.0,,,,,,,QUESTIONABLE
4432762,Shedeur Sanders,QB,CLE,11.0,-228.98471586,2.1,,,,,,,ACTIVE
14880,Kirk Cousins,QB,LV,13.0,-287.71860431,3.4,,,100.0,0,0.0,,ACTIVE
4433970,J.J. McCarthy,QB,MIN,6.0,-295.25981782,0.6,,,,,,,ACTIVE
4430841,Carson Beck,QB,ARI,14.0,-307.21028137,0.7,,,,,,,ACTIVE
11252,Joe Flacco,QB,CIN,6.0,-328.63280113,0.3,,,,,,,ACTIVE
3892775,Jarrett Stidham,QB,DEN,10.0,-329.02571932,0.1,,,,,,,ACTIVE
4362887,Justin Fields,QB,KC,5.0,-329.12401095,0.4,,,,,,,ACTIVE
4685522,Ty Simpson,QB,LAR,11.0,-329.23188866,0.3,,,,,,,ACTIVE
4434153,Tyson Bagent,QB,CHI,10.0,-329.49730288,0.1,,,,,,,QUESTIONABLE
2576980,Marcus Mariota,QB,WSH,7.0,-329.51357673,0.1,,,,,,,ACTIVE
4240391,Tommy DeVito,QB,NE,11.0,-329.52238756,0.1,,,,,,,ACTIVE
4426875,Sam Howell,QB,DAL,14.0,-330.144351,0.1,,,,,,,ACTIVE
4383351,Trey Lance,QB,LAC,7.0,-330.31562962,0.1,,,,,,,ACTIVE
4685201,Tanner McKee,QB,PHI,10.0,-330.34042474,0.1,,,,,,,ACTIVE
4714771,Drew Allar,QB,PIT,9.0,-330.43524797,0.2,,,,,,,ACTIVE
4683423,Riley Leonard,QB,IND,13.0,-330.68867423,0.1,,,,,,,ACTIVE
14163,Tyrod Taylor,QB,GB,11.0,-330.70100618,0.1,,,,,,,ACTIVE
4240703,Kenny Pickett,QB,CAR,5.0,-330.99051604,0.1,,,10.0,0,0.0,,ACTIVE
4241464,Mac Jones,QB,SF,8.0,-331.12746091,0.2,,,,,,,ACTIVE
4426339,Spencer Rattler,QB,NO,8.0,-331.16457796,0.1,,,,,,,ACTIVE
3044720,Joshua Dobbs,QB,DET,6.0,-331.25007377,0.1,,,,,,,ACTIVE
2969939,Jameis Winston,QB,NYG,8.0,-331.26857884,0.3,,,,,,,ACTIVE
4035671,Tyler Huntley,QB,BAL,13.0,-331.37804363,0.1,,,,,,,ACTIVE
4242546,Davis Mills,QB,HOU,8.0,-331.68430481,0.0,,,,,,,ACTIVE
3115293,Kyle Allen,QB,BUF,7.0,-331.8414833,0.1,,,,,,,ACTIVE
4685413,Cade Klubnik,QB,NYJ,13.0,-332.00862248,0.1,,,,,,,ACTIVE
3924327,Drew Lock,QB,SEA,11.0,-332.19022984,0.1,,,90.0,0,0.0,,ACTIVE
3039707,Mitchell Trubisky,QB,TEN,9.0,-332.64636787,0.0,,,,,,,ACTIVE
4038524,Gardner Minshew II,QB,ARI,14.0,-333.27420309,0.1,,,,,,,ACTIVE
4889929,Quinn Ewers,QB,JAX,7.0,-333.30257636,0.1,moved to JAX since the board,,,,,,ACTIVE
4259553,Stetson Bennett IV,QB,LAR,11.0,-341.60286018,0.1,,,16.0,0,0.0,,ACTIVE
4360698,Joe Milton III,QB,DAL,14.0,-341.60286018,0.1,,,,,,,ACTIVE
3116407,Mason Rudolph,QB,PIT,9.0,-341.60286018,0.1,,,,,,,ACTIVE
